다섯장,그룹 
문연주,솔로
Chris Brown,솔로
박영진,솔로
한성,솔로
Charlie Puth,솔로
넥스트,그룹
루시아,솔로
송하예,솔로
그루비룸,그룹
짱유,솔로
문희성,솔로
양,솔로
김소유,솔로
张靓颖, 
鬼頭明里,솔로
SEKAI NO OWARI,그룹
세정,솔로
LANY&Julia Michaels, 
Twice,그룹
福原遥, 
김중연,솔로
Gloria Estefan,솔로
나윤권,솔로
백아연,솔로
더맨블랙,그룹
폴킴,솔로
艾辰, 
김윤아,솔로
권용욱,솔로
초연,솔로
山野さと子, 
MC몽,솔로
 我要为你唱首歌, 
청하,솔로
배치기,그룹
김양,솔로
용감한홍차,그룹
런치,솔로
그네,솔로
优秀少年, 
양준일,솔로
지원이,솔로
어쿠스틱콜라보,그룹
영재,솔로
Simon & Garfunkel,그룹
그레이,솔로
네이브로,그룹
BLUE ENCOUNT,그룹
박지민,솔로
Kanye West,솔로
한수성,솔로
 내 사랑 그대에게, 
김동찬,솔로
A.C.E,그룹
한올,솔로
플라스틱,그룹
Jarryd James,솔로
장재인,솔로
트웰브,솔로
 여름,솔로
미교,솔로
쿠기,솔로
원어스,그룹
옥상달빛,그룹
양희,솔로
대현,솔로
하상욱,솔로
照井春佳, 
CLC,그룹
송가인,솔로
영기,솔로
Shin Sakiura,솔로
沈以诚, 
ReoNa,솔로
朱兴东, 
Stray Kids,그룹
갓츄,그룹
Jawsh 685,솔로
가호,솔로
大能人, 
立花理香, 
가을로가는기차,그룹
김동한,솔로
비니,솔로
블랙핑크,그룹
처진달팽이,그룹
이용신,솔로
페노메코,솔로
비와이,솔로
박서진,솔로
노창규,솔로
정국,솔로
김하원,솔로
모노그램,그룹
King Gnu,그룹
승국이,솔로
영민,솔로
남규,솔로
앤씨아,솔로
 하나의 사랑OST), 
이혜숙,솔로
じん,솔로
NF,솔로
이가야,솔로
KK,솔로
요요미,솔로
남혁,솔로
Division All Stars,솔로
Khalid,솔로
김희진,솔로
Harry Styles,솔로
Jeremy Zucker,솔로
동우,솔로
첸,솔로
최지나,솔로
李昕融, 
류은희,솔로
10cm,솔로
김창완밴드,그룹
백지웅,솔로
사랑과평화,그룹
Ellie Goulding,솔로
유산슬,솔로
Andrea Bocelli,솔로
김윤혜,솔로
카더가든,솔로
The Weeknd,솔로
嵐,그룹
Marshmello,솔로
엑스원,그룹
윤현상,솔로
김동연,솔로
RAISE A SUILEN,솔로
루시,그룹
사월과오월,그룹
라이관린,솔로
강문경,솔로
이로한, 
Tones And I,솔로
이윤경,솔로
투모로우바이투게더,그룹
夏川椎菜, 
 우리,솔로
RADWIMPS,그룹
나팔박,솔로
자넷서,솔로
이미배,솔로
緑黄色社会, 
김은영,솔로
KANA-BOON,그룹
XXXTENTACION,솔로
황선복,솔로
방탄소년단,그룹
데이식스,그룹
신승태,솔로
김경민,솔로
간과쓸개,그룹
더베인,솔로
임창정,솔로
Key,그룹
Kelly Clarkson,솔로
San E,솔로
문희옥,솔로
위키미키,그룹
세븐틴,그룹
안녕의온도,그룹
하이런,솔로
ちゃんみな,솔로
Perfume,그룹
315 STARS, 
ずっと真夜中でいいのに。, 
양승호,솔로
하이라이트,그룹
岸田教団, 
김소영,솔로
SIXC,그룹
루나,솔로
차오름,솔로
李圣杰, 
크루셜스타,솔로
미스터붐박스,솔로
 always you, 
유성호,솔로
小咪, 
富田美憂, 
이수현,솔로
퀸와사비,솔로
박수진,솔로
멜로망스,그룹
엔플라잉,그룹
태진아,솔로
nonoc,솔로
嶋大輔, 
임한별,솔로
DPR LIVE,솔로
Cardi B,솔로
하은요셉,그룹
저스디스,솔로
에이티즈,그룹
찌지리,솔로
 더,그룹
비,솔로
오승근,솔로
해수,솔로
에이치코드,솔로
허각,솔로
스무살,솔로
송이한,솔로
이대원,솔로
황치열,솔로
더 레이,솔로
장범준,솔로
에디킴,솔로
류수정,솔로
김준영,솔로
Tiffany,솔로
최성용, 
Jose Feliciano,솔로
박원,솔로
회기동사람들,그룹
王菲,솔로
전미경,솔로
赵方婧, 
설하윤,솔로
달의하루,그룹
우디,솔로
김국헌,솔로
中島愛, 
문옥,솔로
안성,솔로
최진호,솔로
콜드,솔로
 나에게 넌, 
DJ Khaled,솔로
홍잠언,솔로
早見沙織, 
Poppin'Party,그룹
신문희,솔로
庾澄庆, 
박구윤,솔로
한세희,솔로
사륜구동,그룹
Jinbo,솔로
빅톤,그룹
에버글로우,그룹
박제일,솔로
김덕희,솔로
지원사격,그룹
テヨン, 
김남주,솔로
オーイシマサヨシ, 
뉴챔프,솔로
SuperM,그룹
민호,솔로
이나우,솔로
이해리,솔로
Dean Lewis,솔로
먼데이키즈,솔로
오마이걸,그룹
 이따요, 
함중아와양키스,그룹
김효수,솔로
유진,솔로
2NB,솔로
조영구,솔로
이브,그룹
하진,솔로
IZ*ONE,그룹
도현우,솔로
적재,솔로
하은,솔로
데이먼스이어,솔로
데이브레이크,그룹
寺島惇太,솔로
오담률,솔로
虎二, 
Mrs. GREEN APPLE,그룹
손동운,솔로
정다경,솔로
라니,그룹
코스믹걸,솔로
구윤회,솔로
브로맨스,그룹
장민호,솔로
슈퍼주니어-K.R.Y, 
angela,솔로
god,그룹
 그 숨 막히던 순간, 
Cö shu Nie, 
Charli XCX,솔로
安野希世乃, 
徐佳莹, 
한동근,솔로
차수빈,솔로
나훈아,솔로
윤비,솔로
神田沙也加,솔로
조정석,솔로
山下七海, 
차영민,솔로
강예슬,솔로
Lukas Graham,그룹
비비,솔로
5 Seconds Of Summer,그룹
장보리,솔로
SEVENTEEN,그룹
뽕자매,그룹
NAV,솔로
반하나,솔로
박효신,솔로
애프터문,그룹
강태관,솔로
유신종,솔로
형돈이와대준이,그룹
베이식,솔로
Lim Kim,솔로
Gracie Abrams,솔로
iKON,그룹
地縛少年バンド,솔로
조유리,솔로
박강성,솔로
민해경,솔로
하현상,솔로
디아,솔로
이혜영,솔로
원플러스원,그룹
미기,솔로
원금순,솔로
乌兰托娅, 
ササノマリイ, 
전상근,솔로
김준협, 
남승민,솔로
김민규,솔로
周杰伦, 
수민,솔로
宮野真守, 
레이든,솔로
국카스텐,그룹
amazarashi,그룹
다이아,그룹
정성희,솔로
보아,솔로
Billy Preston,솔로
이채윤,솔로
손디아,솔로
에스에프나인,그룹
함소원,솔로
카이,솔로
마인드유,그룹
밤에,그룹
박소연,솔로
휘성,솔로
Linked Horizon,솔로
Red Velvet,그룹
규현,솔로
캡사이신,솔로
水瀬いのり, 
EXO-CBX,그룹
임현식,솔로
RM,솔로
박진영,솔로
ファイルーズあい, 
마마무,그룹
로이킴,솔로
The Chainsmokers,그룹
PATEKO,솔로
T,그룹
Andrew Lloyd Webber,솔로
郑亦辰, 
호피폴라,그룹
Akeboshi,솔로
현우빈,솔로
태희,솔로
별이,솔로
邓丽君, 
김하온,솔로
백지영,솔로
타디스프로젝트,솔로
Joni Mitchell,솔로
지코,솔로
한승기,솔로
양다일,솔로
Ella Mai,솔로
The Quiett,솔로
After the Rain,솔로
펭수,솔로
이바다,솔로
Morfonica,그룹
Drake,솔로
WOOGIE,솔로
米津玄師,솔로
싹쓰리,그룹
진민호,솔로
AGUST D, 
프롬,그룹
天月-あまつき-, 
아이즈,그룹
로꼬,솔로
브라운아이드소울,그룹
최락,솔로
Post Malone,솔로
双笙, 
몬스타엑스,그룹
Liam Payne,솔로
두리,솔로
하성희,솔로
김동률,솔로
코다브릿지,그룹
에피톤프로젝트,솔로
유승우,솔로
贺一航, 
숀,솔로
K.Will,솔로
심수봉,솔로
増田俊樹, 
멜로디데이,그룹
V2,솔로
신지,솔로
조대호,솔로
en,그룹
한혜진,솔로
이용백,솔로
임재범,솔로
김산하,솔로
이은상,솔로
V.O.S,그룹
이성종,솔로
张碧晨, 
러니,솔로
박주희,솔로
胡夏,솔로
三浦大知,솔로
IDOLiSH 7, 
펀치,솔로
오왼오바도즈, 
백퍼센트,그룹
해바라기,그룹
여은,솔로
칸토,솔로
유라,솔로
디에이드,그룹
황인성,솔로
NCT 127,그룹
doa,그룹
훈스,그룹
유노윤호,솔로
빌리 어코스티,솔로
椎名豪, 
Bebe Rexha,솔로
혁오,그룹
 화,솔로
 Spring), 
크나큰,그룹
보라미유,솔로
행숙이,솔로
레오,솔로
Oscar Dunbar,솔로
구자한, 
TK From 凛として時雨, 
윤희,솔로
잔나비,그룹
홍주영,솔로
금수광산,그룹
The SHIGOTONIN, 
모모랜드,그룹
신유,솔로
강진,솔로
東山奈央,솔로
彭十六, 
베리굿,그룹
TREASURE,그룹
DaBaby,솔로
김요한,솔로
은하,솔로
임영웅,솔로
Aqours, 
권인하,솔로
 설레임,그룹
장혜진,솔로
달지,솔로
김동준,솔로
서지안,솔로
 여기,솔로
Surf Mesa,솔로
송민호,솔로
수영,솔로
창모,솔로
Etham,솔로
Whitney Houston,솔로
이수,솔로
새소년,그룹
아리송,솔로
워너원,그룹
천단비,솔로
Halsey,솔로
윤하,솔로
김범수,솔로
에이핑크 BnN, 
차가운체리,그룹
정은지,솔로
이주혁,솔로
김지범, 
김명환,솔로
Aki阿杰, 
김세환,솔로
김재환,솔로
한승우,솔로
전미도,솔로
MJ,솔로
허클베리피,솔로
春奈るな,솔로
더보이즈,그룹
데.비,그룹
빈첸,솔로
Rent Cast, 
HYO,솔로
Nat King Cole,솔로
의진,솔로
켄,솔로
강현준,솔로
Jamie,솔로
베이빌론,솔로
 이제는 나를 더 사랑하고 싶어, 
선화,솔로
どついたれ本舗, 
KEI,솔로
이수영,솔로
레이지본,그룹
이병재, 
조남지대,그룹
 밤,그룹
Pastel*Palettes, 
남화용,솔로
레디,솔로
Beyonce,솔로
슈퍼비,솔로
챈슬러,솔로
白小白, 
김영부,솔로
김정미,솔로
금종배,솔로
김희철,솔로
원케이,솔로
피아노맨,솔로
곽진언,솔로
谢雨欣, 
이달의소녀,그룹
지연,솔로
Jessie J,솔로
Michelle Shaprow,솔로
이상순,솔로
 조금씩), 
Virginia To Vegas,솔로
sumika,그룹
박현빈,솔로
UNEDUCATED KID,솔로
김진복,솔로
Dr.Dre,솔로
안성훈,솔로
유일한,솔로
이해남,솔로
Abir,솔로
강소리,솔로
틴탑,그룹
Kiana Lede,솔로
옹성우,솔로
 민혁,솔로
크래커,솔로
한해,솔로
NCT DREAM,그룹
민아,솔로
유자,솔로
AOA,그룹
MAX,솔로
#안녕,솔로
김연자,솔로
슈퍼주니어-D&E, 
백예린,솔로
덕인,솔로
조승아,솔로
김채희,솔로
一修, 
Barry Manilow,솔로
키겐,솔로
노래를찾는사람들,그룹
JB,그룹
나미,솔로
시우민,솔로
프로듀스 X 101, 
이츠,솔로
김경호,솔로
초아,솔로
위위,그룹
서재준, 
마크툽,솔로
로켓펀치,그룹
김윤경,솔로
DECO*27,솔로
H&D,그룹
 봄,그룹
 SCENT,솔로
수지,솔로
신용재,솔로
Will Smith,솔로
국상현과유니크패밀리,그룹
라비,솔로
임재현,솔로
팔로알토,솔로
김창완,솔로
8Eight, 
TRIGGER,솔로
소명,솔로
모네,그룹
패티김,솔로
손빈아,솔로
드림캐쳐,그룹
김민석,솔로
윤수자,솔로
吉田羊, 
배금성,솔로
Aimer,솔로
諸星すみれ, 
김혜진,솔로
Rin音,솔로
홍빈,솔로
제시,솔로
HRVY,솔로
박문치,솔로
에이비식스,그룹
문빈,솔로
원호,솔로
홍대광,솔로
이현,솔로
유키카,솔로
David Archuleta,솔로
VICTON,그룹
김현철,솔로
김재중,솔로
씨잼,솔로
허니크루,그룹
유성은,솔로
이민철,솔로
허영생,솔로
슈퍼주니어,그룹
공원소녀,그룹
적우,솔로
솔지,솔로
BTOB, 
치즈,솔로
윤건,솔로
Conan Gray,솔로
 그리워지는 너, 
닐로,솔로
숙행,솔로
뮤지,솔로
정효빈,솔로
NIve,솔로
VIINI,솔로
유두래곤,솔로
ZAYN,솔로
 오늘의 그대에게, 
王琪, 
Calvin Harris,솔로
HarryP, 
헤이즈,솔로
이협,솔로
범키,솔로
세훈,그룹
노라조,그룹
이우,솔로
윤민수,솔로
킬라그램,솔로
WAX,그룹
진성,솔로
UMI,솔로
이애란,솔로
에이핑크,그룹
半阳, 
최민경,솔로
요다영,솔로
태라,솔로
Hudson Thames,솔로
소란,그룹
지명도,솔로
Ariana Grande,솔로
최백호,솔로
김우석,솔로
 꿈꾸는 듯한, 
易烊千玺, 
谢宇伦, 
스탠딩에그,그룹
오종경,솔로
정인,솔로
MOON,솔로
Ava Max,솔로
신혜성,솔로
박우진,솔로
1415,그룹
신지후,솔로
中野家の五つ子,그룹
승민이와국민손자들,그룹
Omarion,솔로
바비,솔로
오왼,솔로
태사비애,그룹
Lil Nas X,솔로
엔,그룹
솔라,솔로
 Easy go！, 
BLAST,그룹
Vinida, 
키드밀리,솔로
조성오,솔로
권진아,솔로
 i'll care, 
Sam Smith,솔로
EXO,그룹
유주,솔로
조매력, 
안지연,솔로
호치키스,솔로
기프트,그룹
Rita Ora,솔로
Katy Perry,솔로
유연정,솔로
오하영,솔로
웅산,솔로
MC그리, 
ビッケブランカ,솔로
조아라,솔로
Bazzi,솔로
최선,솔로
美波, 
星野源,솔로
이석훈,솔로
백호,솔로
라드뮤지엄,솔로
陈泫孝, 
周笔畅, 
진영,솔로
제이홉,솔로
이진옥,솔로
에릭남,솔로
업텐션,그룹
블랙넛,솔로
T.P RETRO,솔로
J × Takanori Nishikawa, 
이소라,솔로
퍼플레인,그룹
온리원오브,그룹
Saint Aqours Snow, 
강승모,솔로
수퍼비,솔로
신성,솔로
Zara Larsson,솔로
레이디스 코드,그룹
전춘애, 
우효,솔로
유지나,솔로
Troye Sivan,솔로
김승민,솔로
今井麻夏, 
클래스메이트,그룹
김진우,솔로
동방신기,그룹
피엘,솔로
CIX,그룹
남진,솔로
트와이스,그룹
FANXY CHILD,그룹
벤,솔로
부활,그룹
전민하,솔로
刘瑞琦, 
최종원,솔로
솔튼페이퍼,솔로
금잔디,솔로
ASH ISLAND,솔로
어반자카파,그룹
제니,솔로
양지원,솔로
위정희,솔로
성시경,솔로
ヨルシカ, 
펜타곤,그룹
박광식,솔로
愛美×佐倉綾音×前島亜美×相羽あいな×伊藤美来, 
김수찬,솔로
Lil Mosey,솔로
欧阳尚尚, 
진원,솔로
오반,솔로
승희,솔로
김유나,솔로
효린,솔로
지아,솔로
치타,솔로
염홍,솔로
김도환,솔로
Martin Garrix,솔로
鈴木みのり, 
Jason Mraz,솔로
쎄이,솔로
노틸러스,솔로
livetune adding Takuro Sugawara, 
진우,솔로
금오성,솔로
Sik-K,솔로
최낙타,솔로
버즈,그룹
헨리,솔로
강승식,솔로
조광일,솔로
谷本貴義, 
크러쉬,솔로
임슬옹,솔로
조윤선,솔로
金志文,솔로
스웨덴세탁소,그룹
fripSide,그룹
마야,솔로
娜美, 
 내맘, 
Pink,솔로
홍진영,솔로
胡洛馨, 
러블리즈,그룹
자이로,솔로
WOODZ,솔로
안치환,솔로
길구봉구,그룹
휘인,솔로
コレサワ,솔로
우디고차일드,솔로
カンザキイオリ, 
나건필,솔로
김광율,솔로
이진우,솔로
앤디,솔로
윤종신,솔로
Ra.D,솔로
40,솔로
Surfaces,그룹
 I'm lonely, 
울랄라세션,그룹
정태춘,솔로
오르내림,솔로
공소원,솔로
해쉬스완,솔로
郝星宇, 
Doja Cat,솔로
JBJ95,그룹
이효재,솔로
Pink Sweat$,솔로
木島隆一, 
Benny blanco,솔로
소유찬,솔로
ELLEGARDEN,그룹
여인정,솔로
예성,솔로
술탄오브더디스코,그룹
刘心, 
방예담,솔로
승관,솔로
さユり,솔로
엘키,솔로
딘,솔로
 마마! OST), 
강력강,솔로
전인권밴드,그룹
효정,솔로
Shuta Sueyoshi,솔로
한라산, 
Lady GaGa,솔로
반광옥,솔로
황일우,솔로
하선호,솔로
Joji,솔로
Bad Ass Temple,솔로
叶炫清, 
Shawn Mendes,솔로
大橋彩香, 
오왠,솔로
송민재,솔로
김다나,솔로
코요태,그룹
김효진,솔로
앵콜킴,솔로
EK,솔로
버블디아,솔로
765 MILLION ALLSTARS, 
시연,솔로
김상희,솔로
신지훈,솔로
양하영,솔로
쏜애플,그룹
Mae Muller,솔로
奇然, 
한지상,솔로
강태환,솔로
나플라,솔로
요셉,솔로
HoneyWorks,그룹
조이,솔로
설운도,솔로
109,솔로
가비엔제이,그룹
유해준,솔로
블루,솔로
今井麻美,솔로
진솔,솔로
진동민,솔로
飯田友子, 
홍자,솔로
KozyPop,솔로
Zedd,솔로
강허달림,솔로
THAMA,솔로
雨宮天,솔로
천명훈,솔로
비글즈,그룹
洛晴, 
제이세라,솔로
김나영,솔로
Prizmmy, 
엄지,솔로
온앤오프,그룹
노을,그룹
欣宝儿, 
조수미,솔로
알리,솔로
강다니엘,솔로
BURNOUT SYNDROMES,그룹
철희,솔로
수안,솔로
이승철,솔로
 I hate mys elf), 
홍주찬,솔로
Ed Sheeran,솔로
Irene Cara,솔로
윤지영,솔로
Ice Paper,솔로
빈지노,솔로
박지원,솔로
박지훈,솔로
 2), 
박인범,솔로
홍이삭,솔로
공기남녀,그룹
존박,솔로
이기광,솔로
전우성,솔로
정준일,솔로
Anne-Marie,솔로
都はるみ, 
핫펠트,솔로
WHITE GRAVITY, 
 30년, 
새봄,솔로
구원찬,솔로
위너,그룹
윤미,솔로
정기고,솔로
P.O,솔로
펀치넬로,솔로
이환호,솔로
래원,솔로
포스트맨,그룹
케이시,솔로
장덕철,그룹
Trevor Daniel,솔로
크레파스,그룹
The Outfield,그룹
정일훈,솔로
milet,솔로
삼총사,그룹
양홍원,솔로
비너스,솔로
태민,솔로
손승연,솔로
윤아,솔로
지진석,솔로
김종완,솔로
S Club 7,그룹
엘리스,그룹
홍경민,솔로
장민호랑나비,그룹
임영민,솔로
권웅,솔로
正云, 
소향,솔로
일레인,솔로
sasakure.UK, 
Meghan Trainor,솔로
이나은,솔로
SAINt JHN, 
김보경,솔로
조정민,솔로
ハロー、ハッピーワールド！, 
바이브,그룹
叶洛洛, 
이준호,솔로
김목경,솔로
전영록,솔로
IU,솔로
상민,솔로
ITZY,그룹
伦桑, 
주현미,솔로
이선희,솔로
The BLANK Shop, 
김필,솔로
낯선아이,솔로
pH-1,솔로
みきとP, 
庄心妍, 
 안녕,솔로
한요한,솔로
양순이,솔로
박상민,솔로
Jonas Brothers,그룹
최욱,솔로
린다G,솔로
코드쿤스트,솔로
소수빈,솔로
황영주,솔로
NFB,그룹
ハセガワダイスケ, 
武内駿輔, 
River,솔로
Alan Walker,솔로
계은숙,솔로
박성현,솔로
기리보이,솔로
展展与罗罗, 
梅朵, 
김은희,솔로
노태현,솔로
소래, 
셀린,솔로
NO:EL,솔로
Gallant,솔로
현정화,솔로
Maren Morris,솔로
송유나,솔로
Avril Lavigne,솔로
 꽃,솔로
빈센트블루,솔로
Travis Scott,솔로
杨宗纬, 
이미선,솔로
예지,솔로
거미,솔로
니은,솔로
서주옥,솔로
Taylor Swift,솔로
이미자,솔로
우희,솔로
서태지,솔로
김충훈,솔로
Lauv,솔로
정승환,솔로
정동원,솔로
Triad Primus, 
채희,솔로
宍戸留美, 
阿里郎, 
Fling Posse,그룹
FT Island,그룹
하현우,솔로
刀郎, 
은지원,솔로
서은광,솔로
민현,솔로
이효순,솔로
모트,솔로
안예은,솔로
NiziU,그룹
양요섭,솔로
Dua Lipa,솔로
식케이,솔로
공기남,솔로
사이로,그룹
칠전팔기,그룹
의식곡, 
메킷레인,그룹
려운,솔로
 2,그룹
윤딴딴,솔로
박봄,솔로
김현성,솔로
저스투,그룹
매드클라운,솔로
슬기,솔로
리미트리스,그룹
태용,솔로
허성정,솔로
안성진,솔로
장성규,솔로
Uru,솔로
예리,솔로
신예영,솔로
 Eye,솔로
孟凡明,솔로
다비치,그룹
핑클,그룹
뷔,솔로
릴러말즈,솔로
박보선,솔로
육성재,솔로
Imagine Dragons,그룹
Jonas Blue,솔로
강현순,솔로
K/DA,그룹
용준형,솔로
Afterglow,그룹
동해,솔로
에이프릴세컨드,그룹
자우림,그룹
周深,솔로
아일,솔로
Tom Jones,솔로
탁이,그룹
블락비바스타즈,그룹
양희은,솔로
스윙스,솔로
케빈오,솔로
개코,솔로
蓝心羽, 
루피,솔로
あいみょん, 
SING女团, 
강민경,솔로
뉴이스트 W,그룹
이예준,솔로
이부영,솔로
류지광,솔로
박보검,솔로
백장미,솔로
菅田将暉, 
테이크,솔로
강민수,솔로
셀럽파이브,그룹
브라운아이드걸스,그룹
그_냥,솔로
차승민,그룹
Roselia,그룹
Jax Jones,솔로
버블시스터즈,그룹
梦然, 
이지해,솔로
에픽하이,그룹
류원정,솔로
 우리 이별하던 날, 
Luis Fonsi,솔로
伊東健人, 
사람과나무,그룹
제이레빗,그룹
 I'm bored, 
조곤,솔로
홍기철,솔로
Various Artists,솔로
DK,솔로
广东雨神, 
KARD,그룹
김성규,솔로
박정현,솔로
오존,솔로
빅스,그룹
성유리,솔로
윤두준,솔로
노브,솔로
정미애,솔로
신종훈,솔로
에일리,솔로
쏠,솔로
윙크,그룹
Kenny Rogers,솔로
둘다섯,그룹
베리베리,그룹
UVERworld,그룹
Keira Knightley,솔로
다이나믹듀오,그룹
 나,솔로
ユリイ・カノン, 
양수경,솔로
김준식,솔로
염따,솔로
정키,솔로
프니엘,솔로
현만,솔로
Sound Horizon,솔로
Braska, 
나인,그룹
이로이,솔로
둘째이모김다비,솔로
머쉬베놈,솔로
AAA,그룹
한봄,솔로
halca,솔로
이찬원,솔로
立花日菜, 
아스트로,그룹
n-buna, 
蔡维泽, 
더 로즈,그룹
효민,솔로
체리블렛,그룹
하리,솔로
박혁진,솔로
순이,솔로
혁,그룹
XYZ,솔로
Nulbarich,그룹
장우혁,솔로
핫해하태하태수,그룹
장윤정,솔로
유로,그룹
유성,솔로
선우정아,솔로
sajou no hana,그룹
나태주,솔로
스트레이키즈,그룹
김나희,솔로
Onelifecrew,그룹
Megan Thee Stallion,솔로
김연지,솔로
우주소녀,그룹
닥터코어911,그룹
영탁,솔로
호우,그룹
Queen,그룹
피터펀,솔로
Devine Channel,그룹
Alicia Keys,솔로
Kristen Bell,솔로
Lil Dicky,솔로
With Woollim,그룹
박재정,솔로
더히든,그룹
Mac Miller,솔로
이미키,솔로
戸松遥, 
鈴木このみ,솔로
 그 쓸쓸함에 대하여, 
바닐라어쿠스틱,그룹
JAM Project,그룹
크라잉넛,그룹
백현,솔로
 뜨거웠던 우리, 
하동균,솔로
小原好美, 
선미,솔로
庞龙, 
도티와친구들,그룹
김영운,솔로
Eminem,솔로
볼빨간사춘기,솔로
Zayn,솔로
플리지,솔로
박재범,솔로
高取ヒデアキ,솔로
골든차일드,그룹
JP Saxe,솔로
이원석,솔로
신승훈,솔로
防弾少年団, 
배진영,솔로
최소애,솔로
시아준수,솔로
원위,그룹
Justin Bieber,솔로
레드벨벳,그룹
남우현,솔로
박상철,솔로
陈雪凝, 
Mrs. Green Apple,그룹
阿悠悠,솔로
박보람,솔로
코스믹보이,솔로
김호중,솔로
张小九, 
まふまふ, 
R Sound Design, 
세상모든대디에게경래,그룹
신우상,솔로
한인철,솔로
우디즈, 
이민혁,솔로
유익종,솔로
back number,그룹
공일오비,그룹
천숙경,솔로
로코베리,그룹
MC THE MAX, 
하성운,솔로
진시몬,솔로
문성욱,솔로
苏芮, 
넬,그룹
이경율,솔로
James Smith,솔로
BLACK DEJAVU, 
김명구,솔로
젝스키스,그룹
Neil Diamond,솔로
젬스톤,솔로
태연,솔로
임시호,솔로
지민,솔로
장추자, 
드렁큰타이거,솔로
와인,그룹
짙은,솔로
 Simon OST), 
황윤성,솔로
우석X관린,그룹
최지유,솔로
리듬파워,그룹
Panic! At The Disco,솔로
Naomi Scott,솔로
전찬영,솔로
채수은,솔로
 원필,솔로
배그나, 
SURL,그룹
윤토벤,솔로
린,솔로
자이언티,솔로
阿信, 
要不要买菜, 
KCM,솔로
이광룡,솔로
뉴이스트,그룹
조아랑,솔로
花姐, 
현당,솔로
우연이,솔로
唐古, 
케이,솔로
소유,솔로
민서,솔로
미스터T,그룹
이용복,솔로
李荣浩, 
やなぎなぎ, 
Joanna Wang,솔로
안정희,솔로
밀릭,솔로
Dan+Shay,그룹
Camila Cabello,솔로
Lenny code fiction,그룹
CRAVITY,그룹
픽보이,솔로
딘딘,솔로
조성모,솔로
방용국,솔로
Way Ched,솔로
신정우,솔로
맴맴,그룹
그리즐리,솔로
DPR CREAM,솔로
스키니브라운,솔로
진미,솔로
웬디,솔로
Future,솔로
황인욱,솔로
김동화,솔로
 우리 사랑했을 때, 
Kristin Chenoweth,솔로
문별,솔로
LISA,솔로
도희,솔로
Verbal Jint,솔로
Simon Dominic, 
후디,솔로
전원주,솔로
슈가볼,솔로
鈴木雅之,솔로
608,그룹
LIP×LIP,그룹
이든,솔로
Young Thug,솔로
최강창민,솔로
베이지,솔로
인피니트,그룹
이승환,솔로
大壮, 
어바웃,솔로
염아영,솔로
덕화,솔로
주영,솔로
ピノキオピー, 
NCT U,그룹
 하자,솔로
이보람,솔로
아이즈원,그룹
검정치마,솔로
양근영,솔로
정동하,솔로
Daft Punk,그룹
찬열,솔로
미도와파라솔,그룹
나래,솔로
DJ DOC,그룹
추가열,솔로
현정아,솔로
샘김,솔로
윤사라,솔로
小林太郎, 
子芮, 
어쿠루브,그룹
ADOY,그룹
주호,솔로
참깨와솜사탕, 
권정자, 
MELOH,솔로
권영훈,솔로
강은애,솔로
HIROOMI TOSAKA,솔로
안동춘,솔로
프로미스나인,그룹
ヒプノシスマイク-D.R.B-, 
박종철,솔로
손민채,솔로
비오브유,그룹
Official髭男dism, 
김태욱,솔로
혜은이,솔로
노지훈,솔로
히키,솔로
이루,솔로
용주,솔로
ASCA,솔로
신명,솔로
산들,솔로
이원희,솔로
비룡,솔로
화사,솔로
Rachael Yamagata,솔로
Jack Harlow,솔로
 우린..., 
이진혁,솔로
이센스,솔로
다운,솔로
뱃사공,솔로
BENEE,솔로
欅坂46, 
조항조,솔로
화이팅대디,그룹
Maroon 5,그룹
Mike Whitla, 
D.O.,그룹
尚士达, 
윤지성,솔로
BOYCOLD,솔로
이국,솔로
홍창우,솔로
6 to 8,그룹
강준,솔로
Lizzo,솔로
조연우,솔로
조명섭,솔로
Mariah Carey,솔로
로시,솔로
성용하,솔로
여자친구,그룹
김세림,솔로
베이비소울,솔로
윤혜란,솔로
吴陌川, 
그래쓰,솔로
이영지,솔로
드레스,솔로
유진표,솔로
소유미,솔로
GOT7,그룹
AB6IX,그룹
남인수,솔로
수란,솔로
현숙,솔로
藤川千愛, 
헬로비너스,그룹
Billie Eilish,솔로
Stevie B.,솔로
최승부,솔로
배따라기,그룹
이하이,솔로
Emotional Oranges,그룹
Shaed,그룹
진해성,솔로
茅原実里, 
野津山幸宏, 
B1A4,그룹
김선빈,솔로
재키와이,솔로
G.E.M.邓紫棋, 
HYNN,솔로
박미경,솔로
kemu,솔로
Julio Iglesias,솔로
제아,솔로
차현,솔로
제네더질라,솔로
송월,솔로
하동근,솔로
木及少年, 
HONNE,그룹
MADKID,솔로
유아,솔로
신인선,솔로
죠지,솔로
감스트,솔로
Weeekly,그룹
강병건,솔로
Michael Buble,솔로
Paul Blanco,솔로
스텔라장,솔로
八王子P, 
박경,솔로
김길중,솔로
韩安旭, 
CHiCO with HoneyWorks,그룹
Christopher,솔로
김희재,솔로
민성욱,솔로
연정,솔로
蒼井翔太,솔로
준호,솔로
弦子, 
2soo,솔로
최연수,솔로
빅나티,솔로
전문기,솔로
이적,솔로
정세운,솔로
이장원,솔로
김진호,솔로
张冬玲, 
蒋家驹, 
전소미,솔로
松たか子,솔로
민경훈,솔로
에이프릴,그룹
女王蜂, 
수호,솔로
ももいろクローバーZ, 
EXID,그룹
손호영, 
도끼,솔로
우원재,솔로
이지혜,솔로
