아티스트,유형
K.Heart,솔로
DPR IAN,솔로
박종철,솔로
현숙,솔로
구혜선,솔로
우주소녀 쪼꼬미,그룹
Adele,솔로
노지훈,솔로
SDN48,그룹
금사랑,솔로
크래커 (CRACKER),솔로
기리보이,솔로
Jack Wagner,솔로
Michelle Shaprow,솔로
더 베인,솔로
시현,솔로
올티 (Olltii),솔로
Hash Swan,솔로
Charice,솔로
방연지,솔로
샘김 (Sam Kim),솔로
달 좋은 밤,그룹
Christopher,솔로
베이비소울 (러블리즈),솔로
오순이,솔로
로맨틱펀치 (Romantic Punch),그룹
강다니엘,솔로
DGNA (대국남아),그룹
임병수,솔로
다운 (Dvwn),솔로
Ed Sheeran,솔로
롱디 (LONG:D),그룹
금수봉,솔로
어반자카파,그룹
안녕의 온도,그룹
서인영,솔로
류지광,솔로
효정 (오마이걸),솔로
사월과 오월,그룹
하현상,솔로
조혜련,솔로
Aqua Timez,그룹
Domoto Tsuyoshi,솔로
자이로 (zai.ro),솔로
NCT DREAM,그룹
NCT 127,그룹
YB,그룹
제시 (Jessi),솔로
Robin Schulz,솔로
김효수,솔로
김하온 (HAON),솔로
렉스디 (REX.D),솔로
다나 (DANA),솔로
주헌 (몬스타엑스),솔로
비비 (BIBI),솔로
소나무 (SONAMOO),그룹
가리온,그룹
Barbara Bonney,솔로
레이나 (Raina),솔로
Abingdon Boys School,그룹
이연실,솔로
오종경,솔로
캔,그룹
순이네 음악창고,솔로
나몰라패밀리JW,솔로
김수연 (Jam Factory),솔로
임병윤,솔로
Billionaire,그룹
강현준,솔로
SMAP,그룹
정진운,솔로
지애린,솔로
Bad Meets Evil,그룹
Beverley Craven,솔로
구구단 오구오구,그룹
Sam Ock,솔로
처진 달팽이 (유재석 & 이적),그룹
Da Pump,그룹
진태령,솔로
택연,솔로
LiSA,솔로
신승훈,솔로
전진희,솔로
김은영,솔로
Charlie Wilson,솔로
Monkey Majik,그룹
왕소연,솔로
미스틱 화이트,그룹
PEEJAY,솔로
정삼열,솔로
채연,솔로
정소녀,솔로
주원대,솔로
HUS (허밍어반스테레오),솔로
3호선 버터플라이,그룹
백현 (BAEKHYUN),솔로
미교,솔로
이윤경,솔로
Birdy,솔로
송지은,솔로
P.O (피오),솔로
DPR CREAM,솔로
김영아,솔로
권문자,솔로
Damien Rice,솔로
Panic! At The Disco,솔로
더보이즈 (THE BOYZ),그룹
정태훈,솔로
라니아,그룹
김세환,솔로
최성훈,솔로
Andy Grammer,솔로
Miguel,솔로
ASH ISLAND,솔로
Fergie,솔로
UNI.T,그룹
김현성,솔로
김범룡,솔로
스윙스,솔로
서교동의 밤,그룹
김태희,솔로
유라 (youra),솔로
이달의 소녀,그룹
안성훈,솔로
Clean Bandit,그룹
김은비 (EB),솔로
강민주,솔로
SuperM,그룹
오지은과 늑대들,그룹
더블에이,그룹
공기남녀,그룹
딘딘,솔로
모노그램,그룹
버스커 버스커,그룹
Brand Newjiq (브랜뉴직),솔로
다즈비,솔로
CNBLUE (씨엔블루),그룹
윤도현,솔로
Olivia Rodrigo,솔로
천단비,솔로
CHAGE & ASKA,그룹
에어플레인,솔로
이예준,솔로
Cody Simpson,솔로
퓨어킴,솔로
은하 (여자친구),솔로
임지영,솔로
체리 필터,그룹
김희철,솔로
서정아,솔로
플로우식 (Flowsik),솔로
피타입 (P-TYPE),솔로
루싸이트 토끼,그룹
니브 (NIve),솔로
KCM,솔로
장숙정,솔로
Ellegarden,그룹
박재정,솔로
SAAY,솔로
이로이 (TEAM152),그룹
Lil Wayne,솔로
권웅주,솔로
Simon & Garfunkel,그룹
연정,솔로
뮤지,솔로
Nakashima Mika,솔로
EK,솔로
식케이 (Sik-K),솔로
Rats & Star,그룹
Naomi Scott,솔로
김혜진,솔로
나미애,솔로
임시호,솔로
조승아,솔로
Jarryd James,솔로
엄지애,솔로
신혜성,솔로
유키스,그룹
우은미 (Woo Eun Mi),솔로
온유 (ONEW),솔로
J.Lee,솔로
나순애,솔로
언니들,그룹
X1 (엑스원),그룹
채환,솔로
Young Money,그룹
Emotional Oranges,그룹
미스터 파파,그룹
시나위,그룹
최락,솔로
KENZIE,솔로
Neon Trees,그룹
이성우,솔로
보라미유,솔로
최재훈,솔로
Imai Asami,솔로
이루마,솔로
조곤,솔로
에릭남 (Eric Nam),솔로
세븐틴,그룹
주희 (Joohee),솔로
Lewis Capaldi,솔로
솔루션스 (THE SOLUTIONS),그룹
Meek Mill,솔로
윤건,솔로
Jim Brickman,솔로
나팔박,솔로
라디 (Ra. D),솔로
주비트레인,솔로
윤달구,솔로
Ishikawa Sayuri,솔로
육성재 (비투비),솔로
김민정,솔로
양희은,솔로
스무살,솔로
수퍼비,솔로
Kristin Chenoweth,솔로
ASTRO (아스트로),그룹
송해,솔로
Shawn Mendes,솔로
SEKAI NO OWARI,그룹
Endo Masaaki,솔로
DREAMS COME TRUE,그룹
Christina Aguilera,솔로
이재훈 (쿨),솔로
V6,그룹
플라워,그룹
홍원빈,솔로
Cherryblossom,그룹
정준하,솔로
혁오 (HYUKOH),그룹
애프터스쿨 BLUE,그룹
Coldplay,그룹
문연주,솔로
조아영(153/Joombas),솔로
박상민,솔로
안녕바다,그룹
Touyama Nao,솔로
유빈,솔로
나태주,솔로
남성일,솔로
Craig David,솔로
수지 (SUZY),솔로
The 1975,그룹
김재중,솔로
빈첸,솔로
오은정,솔로
위키미키 (Weki Meki),그룹
플라이 투 더 스카이,그룹
이미배,솔로
윤혜란,솔로
황원태,솔로
주현미,솔로
V.O.S,그룹
유세윤,솔로
이진옥,솔로
감성소년,솔로
이덕용,솔로
HIGH4 (하이포),그룹
도원경,솔로
김우빈,솔로
문성욱,솔로
김형준,솔로
BGH to,그룹
박주용,솔로
권혁수,솔로
긱스 (Geeks),그룹
챈슬러,솔로
박경존,솔로
다소니,그룹
하찌와 TJ,그룹
James Smith,솔로
둘째이모 김다비,솔로
Trey Songz,솔로
Vasco Rossi,솔로
우현하,솔로
설운도,솔로
무감각,솔로
그_냥,솔로
조항조,솔로
언니쓰,그룹
거미,솔로
오왼 (Owen),솔로
Arctic Monkeys,그룹
비즈니즈,솔로
안치환,솔로
버벌진트,솔로
윙크,그룹
니모,솔로
Dr. Dre,솔로
이하정,솔로
JUNIEL(서아),솔로
ZAYN,솔로
Migos,그룹
San E,솔로
지원이,솔로
ENHYPEN,그룹
홍주찬,솔로
Ne-Yo,솔로
郁可唯,솔로
김태욱,솔로
TWICE (트와이스),그룹
그라고보이,그룹
Portugal. The Man,그룹
부활,그룹
SILENTO,솔로
김형중,솔로
옌자민,솔로
연규성,솔로
남승희,솔로
와사비사운드,그룹
우주미키,그룹
조규찬,솔로
함중아와 양키스,그룹
라이관린,솔로
신유정,솔로
허니지 (Honey-G),그룹
Take That,그룹
이용복,솔로
강산에,솔로
원케이 (one.k),솔로
신성록,솔로
NY물고기,솔로
F-ve Dolls,그룹
견우,솔로
Amine,솔로
술탄 오브 더 디스코,그룹
Lana Del Rey,솔로
Nishimura Yukie,솔로
Tori Kelly,솔로
X Ambassadors,그룹
DJ Khaled,솔로
Badkiz,그룹
김장훈,솔로
윤수자,솔로
Andra Day,솔로
혜이니 (HEYNE),솔로
카드 (KARD),그룹
스텔라장 (Stella Jang),솔로
민성욱,솔로
Ludacris,솔로
JJCC (제이제이씨씨),그룹
이브,그룹
Goofy,솔로
Ava Max,솔로
엘클래스,그룹
솔지,솔로
Tinashe,솔로
DIA (다이아),그룹
김은아,솔로
Rie Fu,솔로
이사배,솔로
국일관,솔로
김상진,솔로
LEGIT GOONS (리짓군즈),그룹
Keira Knightley,솔로
웬즈데이,그룹
이설아,솔로
이상구,솔로
이채현,솔로
Gumi,솔로
픽보이 (Peakboy),솔로
이츠허밍,솔로
선풍 신현욱,솔로
3OH!3,그룹
이정아,솔로
DNCE,그룹
씨리얼,그룹
김성균,솔로
STAYC(스테이씨),그룹
Iggy Azalea,솔로
최원영,솔로
디셈버,그룹
진보,솔로
정원영,솔로
이특 (LEETEUK),솔로
With Woollim,그룹
七森中☆ごらく部 (나나모리 중학교☆오락부),그룹
Taylor Swift,솔로
Ariana Grande,솔로
김호영,솔로
오렌지 캬라멜,그룹
다린,솔로
TRUE,솔로
Tomohisa Yamashita,솔로
슈퍼키드,그룹
투개월,그룹
배호,솔로
페이지,솔로
펀치넬로 (punchnello),솔로
Musiq Soulchild,솔로
MINUE (노민우),솔로
딕펑스 (DICKPUNKS),그룹
비에이 (Be.A),그룹
D.O.A.,그룹
보아 (BoA),솔로
The Quiett,솔로
이명주,솔로
펀치 (Punch),솔로
김현철,솔로
유해모,솔로
Superfly,솔로
유노윤호 (U-KNOW),솔로
sajou no hana,그룹
안소영,솔로
Hundred Percent Free,그룹
서주옥,솔로
레드소울,솔로
김홍조,솔로
이하이,솔로
황가람,솔로
여인정,솔로
J-Min (제이민),솔로
Kiiara,솔로
로이킴,솔로
신효범,솔로
소지섭,솔로
배금성,솔로
레드애플,그룹
임한별,솔로
윤태규,솔로
황애란,솔로
스컬,솔로
Crispi Crunch (크리스피 크런치),그룹
윤쾌로,솔로
Omarion,솔로
IZ*ONE (아이즈원),그룹
신인선 (미스터싱싱),솔로
Robyn,솔로
유산슬,솔로
리차드파커스,솔로
Joe Brooks,솔로
David Archuleta,솔로
원정숙,솔로
나도경,솔로
조권,솔로
백예린 (Yerin Baek),솔로
Hamasaki Ayumi,솔로
2LSON,그룹
최고은,솔로
글램,그룹
Hikawa Kiyoshi,솔로
Joni Mitchell,솔로
1415,그룹
Hashimoto Jin,솔로
한지상,솔로
커피소년,솔로
Little Glee Monster,그룹
백아연,솔로
오수빈,솔로
비투비 포유,그룹
김선아,솔로
킬라그램 (KILLAGRAMZ),솔로
윤상,솔로
유규상 (보헤미안),솔로
Air Supply,그룹
Porno Graffitti,그룹
버블 시스터즈,그룹
첸 (CHEN),솔로
Jessica (제시카),솔로
한올,솔로
노블레스,솔로
김경록 (V.O.S),솔로
어쿠스틱 콜라보,그룹
Wands,그룹
김영근,솔로
권영훈,솔로
윤수현,솔로
Ketsumeishi,그룹
Loudness,그룹
양파,솔로
Eminem,솔로
Shakira,솔로
허클베리피 (Huckleberry P),솔로
국민의 아들,그룹
Jake Miller,솔로
소수빈,솔로
HYPNOSISMIC -D.R.B- (Bad Ass Temple),솔로
유자,솔로
소명,솔로
김진호 (SG워너비),솔로
유희열,솔로
김필,솔로
넋업샨,솔로
김상중,솔로
장윤정,솔로
한경일,솔로
서지안,솔로
안진경,솔로
"H&D (한결, 도현)",그룹
이준호,솔로
Tacica,그룹
갈프로젝트,솔로
지화숙,솔로
조유진,솔로
JIDA (지다),솔로
이날치,그룹
ATEEZ (에이티즈),그룹
나얼,솔로
송소희,솔로
문희준,솔로
펭수,솔로
Horie Yui,솔로
김부자,솔로
허윤아,솔로
"댄싱게놈 (유재석, JYP)",그룹
10CM,솔로
공장소녀,솔로
E-girls,그룹
조은혜,솔로
이범학,솔로
La La Land Cast,솔로
오반 (OVAN),솔로
Meghan Trainor,솔로
초아,솔로
김희진,솔로
장동건,솔로
베스티,그룹
요요미,솔로
LM.C,그룹
Nicki Minaj,솔로
박서준,솔로
주주 클럽,그룹
Osshun Gum,솔로
TREASURE (트레저),그룹
Whitney Houston,솔로
지중해,솔로
윤토벤,솔로
최종원,솔로
HALCALI,그룹
Kelly Rowland,솔로
임창정,솔로
박민혜 (빅마마),솔로
멜로디데이 (MelodyDay),그룹
나래 (BADD),솔로
Niall Horan,솔로
하라소라,그룹
Pitbull,솔로
해빈 (구구단),솔로
Oneway,그룹
강민석,솔로
AOA CREAM,그룹
매드몬스터 (MAD MONSTER),그룹
구원찬,솔로
철희,솔로
JBJ95,그룹
드림캐쳐,그룹
G-Eazy,솔로
이지해,솔로
윤보미,솔로
Common,솔로
Zhou Shen,솔로
팝시클,그룹
웬디 (WENDY),솔로
지민,솔로
새벽공방,그룹
하연수,솔로
김승진,솔로
은지원,솔로
유가을,솔로
Blasterjaxx,그룹
정슬기,솔로
김경희,솔로
Adam Lambert,솔로
Jeff Bernat,솔로
치타 (CHEETAH),솔로
장필순,솔로
한요한,솔로
김요한,솔로
솔라 (마마무),솔로
EGOIST,솔로
백두산,그룹
Mark Ronson,솔로
시진,솔로
Ice Paper,솔로
조이 (JOY),솔로
Two Shot Sons,솔로
Calvin Harris,솔로
T.M.Revolution,솔로
Surf Mesa,솔로
김종완 of NELL,솔로
보이비,솔로
소녀시대-태티서 (Girls' Generation-TTS),그룹
JK 김동욱,솔로
유지니,솔로
임재현,솔로
신승태,솔로
기프트 (GIFT),그룹
강문경,솔로
TOO (티오오),그룹
Nat King Cole,솔로
동방신기 (TVXQ!),그룹
Dan_E,솔로
양화진밴드,그룹
Deco*27,솔로
한세희,솔로
태용 (TAEYONG),솔로
송영광,솔로
김남길,솔로
태완 (Taewan),솔로
김정태,솔로
It's my turn,그룹
Bump Of Chicken,그룹
PATEKO (파테코),솔로
한서윤,솔로
김현수,솔로
Every Little Thing,그룹
태양,솔로
크라잉넛 (CRYING NUT),그룹
Anthem,그룹
fripSide,그룹
유성은,솔로
정선희,솔로
Will.I.Am,솔로
텐야드,그룹
런치 (LUNCH),솔로
Owl City,그룹
Imagine Dragons,그룹
Weeekly (위클리),그룹
김도환,솔로
비룡,솔로
밤에,그룹
Exile,그룹
조덕배,솔로
윤두준,솔로
김학래,솔로
WOODZ (조승연),솔로
김준식,솔로
전길원,솔로
Hot Chelle Rae,그룹
Princess Princess,그룹
박수진,솔로
의진,솔로
시우민 (XIUMIN),솔로
박승화 (유리상자),솔로
Daughtry,그룹
반광옥,솔로
Tiffany Young,솔로
Long Shot Party,그룹
MJ (써니사이드),솔로
Jean Youn,솔로
김영태,솔로
Pink Sweat$,솔로
마이크로닷 (Microdot),솔로
태민 (TAEMIN),솔로
스윙걸즈,그룹
Lil Dicky,솔로
Kenny Rogers,솔로
에브리 싱글 데이,그룹
덕인,솔로
박효신,솔로
김성호,솔로
러브포션,솔로
Skinny Brown,솔로
Anne-Marie,솔로
한혜진,솔로
프니엘 (PENIEL),솔로
블루 (BLOO),솔로
Black Eyed Peas,그룹
엄정화,솔로
갱키즈,그룹
용감한 녀석들,그룹
남궁송옥,솔로
pH-1,솔로
Radiohead,그룹
오왠 (O.WHEN),솔로
任然 (Ren Ran),솔로
김충훈,솔로
IN2IT (인투잇),그룹
장기하와 얼굴들,그룹
레이지본 (Lazybone),그룹
sumika,그룹
김선양,솔로
Reol,솔로
노래하는 코트,솔로
이창민,솔로
한희준,솔로
Omi,솔로
려운,솔로
고병희,솔로
나무자전거,그룹
오윤혜,솔로
박상철,솔로
개리,솔로
ZAQ,솔로
황일우,솔로
ビッケブランカ (Vickeblanka),솔로
버블디아 (bubbledia),솔로
거북이,그룹
아웃사이더,솔로
브레이브걸스,그룹
하림,솔로
아리밴드,그룹
우희,솔로
JYJ,그룹
김원준,솔로
루나 (LUNA),솔로
한가빈,솔로
Lenka,솔로
할리퀸,그룹
이승환,솔로
엔플라잉 (N.Flying),그룹
Glen Hansard,솔로
New Edition,그룹
써드코스트,그룹
참소녀,그룹
박원,솔로
After the Rain,솔로
미스에스,그룹
Cosmic Boy,솔로
Kalafina,그룹
비아이지 (B.I.G),그룹
왕비,솔로
SHINee (샤이니),그룹
아이언,솔로
박정아,솔로
양준일,솔로
장이정 (JANGYIJEONG),솔로
신우상,솔로
지코 (ZICO),솔로
브라운 아이드 소울,그룹
박봄 (Park Bom),솔로
성탁,솔로
신예영,솔로
보이스원,그룹
W&Whale,그룹
최성민,솔로
코스믹 걸 (Cosmic Girl),솔로
서영은,솔로
더히든,그룹
Illson (더블케이),솔로
금채원,솔로
Wanna One (워너원),그룹
박은영,솔로
박제일,솔로
정은지,솔로
이수현,솔로
황태자,솔로
동요,솔로
피아노맨,솔로
Chris Norman,솔로
Jeremih,솔로
Gavin DeGraw,솔로
송은아,솔로
사랑해미안해,그룹
최성수,솔로
최소연,솔로
오늘 (Today),솔로
마야,솔로
양세형 X BewhY,그룹
주비스,그룹
GRAY (그레이),솔로
디어 (d.ear),솔로
소울라이츠,그룹
나상도,솔로
가비엔제이,그룹
용준형,솔로
Cher Lloyd,솔로
금서연,솔로
Lonely Hearts Club,그룹
국.슈 (국프의 핫이슈),그룹
한동근,솔로
Misora Hibari,솔로
Fun.,그룹
최영환,솔로
차승민,솔로
장사익,솔로
정승환,솔로
Vanilla Lucy,그룹
김양,솔로
얀키 (YANKIE),솔로
릴러말즈 (Leellamarz),솔로
짙은,솔로
새소년,그룹
한승연,솔로
LPG,그룹
쥬얼리,그룹
胡66 (후66),솔로
박진영,솔로
문빈&산하(ASTRO),그룹
최지나,솔로
하동근,솔로
45RPM,그룹
UNIT BLACK (유닛블랙),그룹
담소네공방,그룹
Chris Brown,솔로
보겸,솔로
Adam O,솔로
노을,그룹
리즈 (Leeds),솔로
Suara,솔로
로켓펀치(Rocket Punch),그룹
금오성,솔로
ちゃんみな (CHANMINA),솔로
Dok2,솔로
ILOVEMAKONNEN,솔로
아이오아이 (I.O.I),그룹
이민혁 (HUTA),솔로
켄타,솔로
BNR,그룹
행주,솔로
김동현 (AB6IX),솔로
R.ef,그룹
Kanye West,솔로
FT트리플,그룹
미현,솔로
배소연,솔로
경리 (나인뮤지스),솔로
지명도,솔로
에이프릴 세컨드,그룹
노라조,그룹
하이브리파인,솔로
박진석,솔로
최자,솔로
Etham,솔로
이정현,솔로
HYPNOSISMIC -D.R.B- (Division All Stars),솔로
Sakamoto Ryuichi,솔로
이건주,솔로
반하나,솔로
PRETTYMUCH (프리티머치),그룹
Flumpool,그룹
Radio Fish,솔로
이효리,솔로
소찬휘,솔로
Linked Horizon,솔로
티아라 N4,그룹
NS 윤지,솔로
문희옥,솔로
Casey James,솔로
노홍철,솔로
임영웅,솔로
김두일,솔로
바로,솔로
하하,솔로
김연우,솔로
노브레인,그룹
황치열,솔로
이민호,솔로
Stephanie Mills,솔로
박진광,솔로
함소원,솔로
진정아,솔로
타이니지,그룹
M시그널,그룹
유미리,솔로
박신혜,솔로
준수 (A-TUNES),솔로
한소아,솔로
BENEE,솔로
Icona Pop,그룹
원위 (ONEWE),그룹
ILLIONAIRE RECORDS,그룹
씨야,그룹
비투와이,그룹
Michael Carreon,솔로
이인세 (INSE),솔로
24KGoldn,솔로
일렉트로보이즈,그룹
하승희,솔로
Julio Iglesias,솔로
김선재,솔로
배철수,솔로
안녕하신가영,솔로
강동호,솔로
지효,솔로
써니사이드,그룹
정정아,솔로
네미시스,그룹
고성현,솔로
박주연,솔로
최경록,솔로
남인수,솔로
정진우,솔로
더필름,솔로
서현진,솔로
경서,솔로
딜라잇,그룹
룩백커 (LOOKBACKER),솔로
Babyface,솔로
Woodie Gochild,솔로
박완규,솔로
Marshmello,솔로
미지,그룹
터치,그룹
UVERworld,그룹
최한샘,솔로
"Earth, Wind & Fire",그룹
차은성,솔로
이준혁,솔로
유화,솔로
혜성,솔로
윤지성,솔로
유일한,솔로
바비 킴,솔로
정엽,솔로
신성우,솔로
M.Y.M.P,그룹
정현,솔로
Sueyoshi Shuta,솔로
장성아,솔로
이혜선,솔로
디에이드 (The Ade),그룹
Megan Thee Stallion,솔로
장덕철,그룹
Untell (언텔),솔로
자전거 탄 풍경,그룹
Major Lazer,그룹
Oscar Peterson,솔로
지누션,그룹
류수정 (러블리즈),솔로
Diana Vickers,솔로
김민채,솔로
딥플로우,솔로
강호갑,솔로
정수빈,솔로
하은요셉,그룹
수영,솔로
Zion.T,솔로
Britney Spears,솔로
데이비드 오,솔로
김광규,솔로
Rad Museum,솔로
Honda Minako,솔로
M.Street (엠스트리트),그룹
김나은,솔로
Billy Preston,솔로
남승민,솔로
유병열,솔로
Presidents Of The United States Of America,그룹
히스토리,그룹
무한도전,그룹
Sergio Mendes,솔로
주효,솔로
태라,솔로
울랄라세션,그룹
에이치코드 (H:CODE),솔로
유지애,솔로
김현중,솔로
더 이스트라이트 (TheEastLight.),그룹
정한나,솔로
Doja Cat,솔로
Van Halen,그룹
박성하,솔로
이보람,솔로
Apink (에이핑크),그룹
노래를 찾는 사람들,그룹
악퉁,그룹
홍이삭,솔로
이병철,솔로
조우찬,솔로
유연정 (우주소녀),솔로
달샤벳,그룹
박유천,솔로
Gotye,솔로
박우철,솔로
후니용이,그룹
키겐,솔로
멜로망스,그룹
地縛少年バンド / Jibaku Shonen Band (지바쿠 소년 밴드),솔로
허니 패밀리,그룹
티지어스,그룹
소율,솔로
ABOUT(어바웃),솔로
Nickelback,그룹
불독 맨션,그룹
Jonas Blue,솔로
BIGBANG,그룹
마인드유,그룹
Rachael Yamagata,솔로
천숙경,솔로
홍주현,솔로
나플라 (nafla),솔로
Non Octo,솔로
Colbie Caillat,솔로
박연(담소네공방),솔로
김유미,솔로
한동한,솔로
홍석민 (HONG SEOKMIN),솔로
둘 다섯,그룹
회기동사람들,그룹
선우정아,솔로
구름,솔로
SummerWish,그룹
지투 (G2),솔로
dress,솔로
여자친구 (GFRIEND),그룹
AKMU (악동뮤지션),그룹
구구단 (gugudan),그룹
남훈우,솔로
슈퍼스타K4 TOP12,그룹
JoJo,솔로
몽니,그룹
문준영 (ZE:After),솔로
Joji,솔로
임희종,솔로
이라온,솔로
소리얼,그룹
OLNL (오르내림),솔로
나미,솔로
金志文,솔로
GOT7 (갓세븐),그룹
이문세,솔로
키네틱 플로우,그룹
HOYA (호야),솔로
장현승,솔로
임양랑,솔로
Hajar,솔로
김영임,솔로
박주희,솔로
빛나래,솔로
이다정,솔로
러블리즈,그룹
블락비 (Block B),그룹
박영채,솔로
현우빈,솔로
Jay Sean,솔로
이동신,솔로
Journey,그룹
손승연,솔로
유명숙,솔로
차은우 (ASTRO),솔로
박영규,솔로
민혁 (몬스타엑스),솔로
수빈,솔로
김윤아,솔로
유두래곤,솔로
정용화 (CNBLUE),솔로
Alesso,솔로
김유나,솔로
테이크 아웃,그룹
문영선,솔로
T-Pain,솔로
럭키제이 (Lucky J),그룹
천지,솔로
비비안 수,솔로
인피니트,그룹
"오대천왕 (정형돈, 밴드 혁오)",그룹
박은우,솔로
김재석,솔로
Boris,그룹
Keyakizaka46,그룹
Foster The People,그룹
이나은 (에이프릴),솔로
Louis Tomlinson,솔로
레이디 제인,솔로
Fukuyama Masaharu,솔로
사나,솔로
James Blunt,솔로
우디 (Woody),솔로
허소영,솔로
이유림,솔로
스웨덴세탁소,그룹
디어클라우드,그룹
Nakanoke no Itsutsugo,그룹
조성모,솔로
Joanna Wang,솔로
성훈 (브라운 아이드 소울),솔로
PRODUCE 101,그룹
릴보이 (lIlBOI),솔로
서현 (SEOHYUN),솔로
Lupe Fiasco,솔로
Mac Miller,솔로
조용필,솔로
Ryan S. Jhun,솔로
Lara Fabian,솔로
S Club 7,그룹
Jason Derulo,솔로
R. Kelly,솔로
Jonathan Rhys Meyers,솔로
Itsuki Hiroshi,솔로
이영만,솔로
이정순,솔로
핸섬피플,그룹
이국현,솔로
순순희,그룹
김륜희,솔로
투엑스,그룹
신해철,솔로
김영식,솔로
심신,솔로
슬기 (SEULGI),솔로
The Black Mamba,그룹
The One (더원),솔로
원펀치 (1PUNCH),그룹
요셉 (YOSEPH THE ARTIST),솔로
핑클 (Fin.K.L),그룹
권진원,솔로
Matsuda Seiko,솔로
Cobra Starship,그룹
박경숙,솔로
소녀시대 (GIRLS' GENERATION),그룹
BOBBY,솔로
방대식,솔로
희승연,솔로
틴탑,그룹
강력강,솔로
김호중,솔로
김재덕,솔로
최예선,솔로
구남과여라이딩스텔라,그룹
써니데이즈,그룹
소리엘,그룹
이원석,솔로
채희,솔로
NewS,그룹
김준영,솔로
서진필,솔로
Billie Eilish,솔로
Kid Wine,솔로
예은,솔로
빅스LR,그룹
Ledisi,솔로
이윤지,솔로
박현암,솔로
T.P RETRO (타디스 프로젝트舊),솔로
양근영,솔로
Yui (유이),솔로
황선정,솔로
E SENS,솔로
Ella Mai,솔로
Bee Gees,그룹
삼총사,그룹
박수용,솔로
엘키 (CLC),솔로
BUMZU,솔로
윌콕스,솔로
루나플라이,그룹
리미트리스 (LIMITLESS),그룹
EXO-CBX (첸백시),그룹
김용임,솔로
강진,솔로
조미미,솔로
투나이스,그룹
모세,솔로
신지수,솔로
강민혁 (CNBLUE),솔로
Honeyworks,그룹
허영생,솔로
김동일,솔로
안예슬,솔로
Jack Johnson,솔로
황진희,솔로
Do As Infinity,그룹
테이,솔로
백퍼센트,그룹
에일리(AILEE),솔로
금수광산,그룹
조승구,솔로
한아름,솔로
비스트,그룹
Lil Pump,솔로
Miura Daichi,솔로
Supreme Team,그룹
Fifth Harmony,그룹
이우,솔로
배일호,솔로
Koda Kumi,솔로
P1Harmony,그룹
렉시,솔로
Kinki Kids,그룹
검정치마,솔로
전시현,솔로
김바다,솔로
40,솔로
김명성,솔로
프리티백,솔로
권진아,솔로
박태희,솔로
서예나,솔로
청춘학개론,그룹
민경훈,솔로
용국&시현,그룹
김소희,솔로
조복래,솔로
원호,솔로
추억,그룹
Luciano Pavarotti,솔로
NFB,그룹
코드브이,그룹
MC옆길로새,솔로
Pixie Lott,솔로
민희라,솔로
김청하,솔로
민효린,솔로
Timeless,솔로
럼블피쉬,솔로
김유경,솔로
김민교,솔로
톡식,그룹
SunBee (선비),솔로
빈지노 (Beenzino),솔로
문장대,솔로
LIPxLIP,솔로
고은미,솔로
김효진 (투앤비),솔로
조영구,솔로
명진우,솔로
HYNN (박혜원),솔로
김동연,솔로
김흥국,솔로
오연준,솔로
공중전화,그룹
팻두,솔로
A.C.E (에이스),그룹
홍경민,솔로
오존 (O3ohn),솔로
Duffy,솔로
노은정,솔로
Kitamura Eri,솔로
Alan Walker,솔로
Stray Kids (스트레이 키즈),그룹
홍준보,솔로
간미연,솔로
이벼리,솔로
요다영,솔로
명콜드라이브,그룹
MFBTY,그룹
HKT48,그룹
조재원,솔로
성원이,솔로
전상근,솔로
현정화,솔로
남상욱,솔로
수호 (SUHO),솔로
Machico,그룹
길구봉구,그룹
신치림,그룹
예성 (YESUNG),솔로
조관우,솔로
Pinkrush,그룹
Surfaces,그룹
센치한 하하 (하하 & 10cm),그룹
Dan + Shay,그룹
Devine Channel,그룹
Kendrick Lamar,솔로
Sasha Sloan,솔로
추가열,솔로
김다나,솔로
비욘드,그룹
김미도,솔로
업타운,그룹
티어라이너,그룹
안정희,솔로
조장혁,솔로
나건필,솔로
우주히피,그룹
유리상자,그룹
블랙펄,그룹
피기돌스,그룹
유아 (오마이걸),솔로
양요섭,솔로
전혜원,솔로
주호,솔로
이장원,솔로
공기남,솔로
Far East Movement,그룹
넥스트,그룹
이민정,솔로
오하영,솔로
에디킴,솔로
셀럽파이브,그룹
Halsey,솔로
헤리티지(Heritage),그룹
소유 (SOYOU),솔로
amazarashi,그룹
포맨,그룹
강건후,솔로
이지민,솔로
백화연,솔로
헤이걸스,그룹
송현섭,솔로
Smile Again,솔로
태인 (TAIN),솔로
동생 (Young),그룹
Robin Thicke,솔로
조정석,솔로
HEAVENZ UNDERWORLD,솔로
이무진,솔로
신우,솔로
가희,솔로
브로큰 발렌타인,그룹
노틸러스,솔로
채동하,솔로
한서경,솔로
한소라,솔로
TrySail,그룹
JQ,솔로
최영철,솔로
Kavana,솔로
LC9,그룹
송하예,솔로
봄여름가을겨울,그룹
정하나,솔로
한해,솔로
이진아,솔로
권인하,솔로
하선호 (Sandy),솔로
페퍼톤스 (Peppertones),그룹
전옥,솔로
새봄 (saevom),솔로
차오름,솔로
전민서,솔로
제이환,솔로
전문기,솔로
임수정,솔로
강은애,솔로
한결,솔로
조현재,솔로
나인뮤지스,그룹
Will Smith,솔로
예린 (여자친구),솔로
레오(LEO),솔로
임주리,솔로
"동물음악대(펭수, 록단장, 소울곰, 고막여우)",그룹
조pd (ZoPD),솔로
임영민,솔로
메이다니 (MAYDONI),솔로
salem ilese,솔로
하춘화,솔로
몬스타 칼라바,그룹
inno,솔로
성용하,솔로
Angela,솔로
다섯장,그룹
김상배,솔로
알맹,그룹
탁이준이,그룹
Samantha Barks,솔로
슈퍼스타K 2,그룹
아이비,솔로
자우림,그룹
지헤라,솔로
김사랑,솔로
웨일,솔로
Sakamoto Fuyumi,솔로
정동원,솔로
바닷길 (길 & 바다),그룹
"Fine, (피네)",그룹
소리새,그룹
이청아,솔로
신용재 (2F),솔로
창모 (CHANGMO),솔로
김은희,솔로
정희주,솔로
Kuraki Mai,솔로
Hey! Say! Jump,그룹
정재욱,솔로
이영지,솔로
김윤경,솔로
홍춘이,솔로
타루,솔로
FANXY CHILD,그룹
Boyz II Men,그룹
린다G,솔로
김태균 (TAKEONE),솔로
차수빈,솔로
한여름,솔로
한인철,솔로
조광일,솔로
이용신,솔로
김동희,솔로
비니 (오마이걸),솔로
이창휘,솔로
체리블렛 (Cherry Bullet),그룹
Madeleine Peyroux,솔로
Boz Scaggs,솔로
2winS,그룹
박정현,솔로
모트 (Motte),솔로
아이비아이 (I.B.I),그룹
위아이 (WEi),그룹
문주란,솔로
Vernon (SEVENTEEN),솔로
Kaito,솔로
환희,솔로
태연 (TAEYEON),솔로
U-Cube,그룹
김규종,솔로
청하,솔로
Colde (콜드),솔로
Ruel,솔로
Joe Brown,솔로
김수현,솔로
Expose,그룹
윤시윤,솔로
화이팅대디,그룹
Diana Krall,솔로
선민,솔로
조현아 (어반자카파),솔로
백수정,솔로
슬레이트,그룹
김민호,솔로
미란이 (Mirani),솔로
Andy McKee,솔로
휘인 (Whee In),솔로
백찬,솔로
김지수,솔로
개코,솔로
AS 1,그룹
소녀온탑,솔로
Elton John,솔로
C-CLOWN,그룹
성유리,솔로
JAMIE (제이미),솔로
권순관,솔로
조영남,솔로
Jennifer Lopez,솔로
피아노 연주곡 모음,솔로
방예담,솔로
지원사격,그룹
DAY6 (데이식스),그룹
BACK-ON,그룹
Filter,그룹
Koresawa,솔로
OneRepublic,그룹
공민지,솔로
이미자,솔로
Nulbarich,그룹
철싸 (노홍철 & 싸이),그룹
양하영,솔로
오지은,솔로
ONE OK ROCK,그룹
준케이 (JUN. K),솔로
Toi Et Moi,그룹
하명지,솔로
NiziU (니쥬),그룹
Soul Harmony,그룹
김형부,솔로
이가수,솔로
원티드,그룹
이승윤,솔로
제이켠 (J'Kyun),솔로
Hunter Hayes,솔로
패티김,솔로
Marian Hill,그룹
최욱,솔로
송골매,그룹
Galileo Galilei,그룹
정아로,솔로
박보람,솔로
plum boy,솔로
XCROSS,그룹
장계현,솔로
유성준,솔로
Muse,그룹
Tom Misch,솔로
호피폴라,그룹
조아랑,솔로
김민종,솔로
이영재,솔로
제이투엠,그룹
주찬양,솔로
Gallant,솔로
민서,솔로
John K,솔로
김애란,솔로
홍희선,솔로
Khundi Panda,솔로
인피니트H,그룹
김도현,솔로
Matsu Takako,솔로
가야랑,그룹
Lucian,솔로
Bastille,그룹
Hyunjun Hur (허현준),솔로
One Life Crew,그룹
별이 빛나는 밤,솔로
승희 (오마이걸),솔로
이용백,솔로
Aimer,솔로
오은주,솔로
바닐라 어쿠스틱,그룹
임채무,솔로
강소리,솔로
Rita Ora,솔로
황대훈,솔로
MINO (송민호),솔로
송창식,솔로
형돈이와 대준이,그룹
케이시 (Kassy),솔로
우원재,솔로
KUSH (쿠시),솔로
남태현,솔로
UMI,솔로
RUNAWAY,솔로
살찐고양이,솔로
Charli XCX,솔로
김단아,솔로
The Script,그룹
후니아,솔로
유태광,솔로
연지후,솔로
최소애,솔로
김기열,솔로
김동준,솔로
남일이,솔로
최백호,솔로
칵스 (THE KOXX),그룹
Carla Bruni,솔로
박혜경,솔로
러니 (RUNY),솔로
Abir,솔로
양수경,솔로
우연이,솔로
지피베이직,그룹
규현 (KYUHYUN),솔로
iKON,그룹
Jin (Shizen No Teki P),솔로
남화용,솔로
홍서범,솔로
사랑과 평화,그룹
남규리,솔로
SOLE (쏠),솔로
MCND,그룹
조윤선,솔로
진해성,솔로
Ellie Goulding,솔로
96猫,솔로
윤종신,솔로
심은경,솔로
이기찬,솔로
MukGeab,솔로
양정승,솔로
김민석 (멜로망스),솔로
방탄소년단,그룹
Christopher Cross,솔로
전근화 (Weeky1),솔로
카라,그룹
Katy Perry,솔로
제휘 (JeHwi),솔로
김혜연,솔로
김재희,솔로
이상은 (=Lee-tzsche),솔로
현정아,솔로
유신종,솔로
"옆소 (문별, 슬기, 유아, 디애나, 소희, 수정, 소미)",그룹
2AM,그룹
조수경,솔로
조아람,솔로
선화,솔로
파랑새,그룹
신재중,솔로
"황태지 (황광희, 태양, 지드래곤)",그룹
PERC%NT,솔로
김가희,솔로
Travie McCoy,솔로
박준호,솔로
곽창선,솔로
SURL (설),그룹
Sayaka,솔로
이준기,솔로
행숙이,솔로
조은성,솔로
Celine Dion,솔로
산체스 (Sanchez),솔로
M.I.B,그룹
정의송,솔로
015B,그룹
오종혁,솔로
한별,솔로
핫젝갓알지,그룹
ADOY,그룹
DEAN,솔로
Frank Ocean,솔로
김명구,솔로
오마이걸 반하나,그룹
웃소 (Wootso),그룹
최현준 (V.O.S),솔로
마리오,솔로
준형 (2BIC),솔로
박시환,솔로
Going Under Ground,그룹
Sukima Switch,그룹
Afterglow,그룹
박민우,솔로
유재석,솔로
이태호,솔로
VIXX (빅스),그룹
넉살,솔로
나인뮤지스A,그룹
이바다,솔로
재범,솔로
Tamura Yukari,솔로
금종배,솔로
업텐션 (UP10TION),그룹
다비치,그룹
Avicii,솔로
황선복,솔로
7 go up,그룹
LIP×LIP,그룹
Andrew Lloyd Webber,솔로
홍진주,솔로
SIXC (6 crazy),그룹
김혜림,솔로
최법진,솔로
Trigger,솔로
이찬원,솔로
소야앤썬,그룹
홍주영,솔로
황인성,솔로
폴킴,솔로
Carly Rae Jepsen,솔로
칸토,솔로
Blue Encount,그룹
유현상,솔로
최규식,솔로
범키,솔로
No Doubt,그룹
레이디스 코드,그룹
유하민,솔로
화려강산,그룹
지장원,솔로
노세요,솔로
Dean Lewis,솔로
sogumm,솔로
TraxX (트랙스),그룹
Nico & Vinz,그룹
Jam Project,그룹
Lady Antebellum,그룹
진솔 (이달의 소녀),솔로
자두,솔로
Hailee Steinfeld,솔로
라비 (RAVI),솔로
WABLE (와블),그룹
김소유,솔로
조성오,솔로
윤정수,솔로
여기저기,그룹
이지영,솔로
Bazzi,솔로
"상주나 (정준하, 윤상)",그룹
빅마마 소울,그룹
장희영,솔로
Jeremy Zucker,솔로
코다 브릿지,그룹
이자연,솔로
박정민,솔로
YURI!!! on ICE,솔로
BIG Naughty (서동현),솔로
정태춘,솔로
원우진,솔로
Sheena Ringo,솔로
가이즈,그룹
화나 (Fana),솔로
강예슬,솔로
포레스트 (Forrest),그룹
전인혁 (야다),솔로
민니 ((여자)아이들),솔로
스물하나,그룹
미스터 팡,솔로
홍진영,솔로
EVERGLOW (에버글로우),그룹
강의식,솔로
임민지,솔로
MAN1AC,솔로
이진우 ($IGA A),솔로
Neiked,솔로
Chicago,그룹
김현국,솔로
원투,그룹
장근석,솔로
OnlyOneOf (온리원오브),그룹
김윤희,솔로
인크레더블,솔로
홍창우,솔로
넬 (NELL),그룹
허니크루,그룹
서문탁,솔로
전민하,솔로
우예린,솔로
김도희,솔로
배따라기,그룹
Justin Bieber,솔로
김건모,솔로
남성민,솔로
Coda,그룹
우애경,솔로
Goose house,그룹
Junoflo (주노플로),솔로
지진석,솔로
양승호,솔로
최영경,솔로
Twenty One Pilots,그룹
유나킴,솔로
Eric Benet,솔로
Gracie Abrams,솔로
Bruno Mars,솔로
정인,솔로
Olly Murs,솔로
rionos,솔로
XYZ,그룹
형섭X의웅,그룹
윤병호 (Bully Da Ba$tard),솔로
미스터미스터,그룹
대즐링 레드,그룹
금단비,솔로
Fukuda Kohei,솔로
거창한,솔로
솔지하니 (EXID),그룹
윤희정,솔로
Lim Kim,솔로
갓츄 (GOT U),그룹
Luck Life,그룹
한그루,솔로
브라더수,솔로
허각,솔로
Nakagawa Shoko,솔로
Peaches & Herb,그룹
백련화,솔로
Taio Cruz,솔로
T.O.P,솔로
권용욱,솔로
Nathan Sykes,솔로
Crush,솔로
데블스,그룹
DK,솔로
현자,솔로
에피톤 프로젝트,솔로
이현,솔로
Eye To Eye,그룹
하이라이트 (Highlight),그룹
WINNER,그룹
허성현 (Huh!),솔로
슬리피,솔로
Kodaline,그룹
박용인 (어반자카파),솔로
강승모,솔로
Tokio,그룹
V.One,솔로
에픽하이 (EPIK HIGH),그룹
서유석,솔로
공소원,솔로
송대관,솔로
FreeTEMPO,솔로
Straight No Chaser,그룹
미쓰에이,그룹
Mad Soul Child,그룹
여은,솔로
Norah Jones,솔로
Chouchou,그룹
뉴이스트,그룹
NCT 2020,그룹
이천세,솔로
박규리 (카라),솔로
이수나,솔로
Back Number,그룹
嵐 (ARASHI),그룹
최진호 (BlueWhale),솔로
유권 (블락비),솔로
빅병,그룹
페노메코 (PENOMECO),솔로
박구윤,솔로
찌지리,솔로
작은평화,그룹
피노다인(Pinodyne),그룹
원미연,솔로
이혜숙,솔로
박서진,솔로
소정 (레이디스 코드),솔로
이선희,솔로
선율,솔로
강균성 (노을),솔로
윤성기,솔로
Def Leppard,그룹
O'YOUNG (오영),솔로
Vesta Williams,솔로
Future,솔로
영준 (브라운 아이드 소울),솔로
은주,솔로
꽃핀,솔로
유키카,솔로
스피카.S,그룹
김범수,솔로
미기,솔로
Solomon Burke,솔로
B.I,솔로
손담비,솔로
C.I.V.A,그룹
카더가든,솔로
숙희,솔로
투앤비 (2NB),솔로
키비,솔로
지연,솔로
Shontelle,솔로
정성희,솔로
김홍중,솔로
구자명,솔로
Rurutia,솔로
김태우,솔로
노바소닉,그룹
이해리 (다비치),솔로
동훈,솔로
퀸와사비(Queen WA$ABII),솔로
청안,솔로
안정아,솔로
장나라,솔로
소리소,솔로
금비,솔로
심규선 (Lucia),솔로
OuiOui (위위),그룹
우림,솔로
김그림,솔로
김홍석,솔로
이광룡,솔로
H.E.R.,솔로
엠블랙,그룹
BMK,솔로
Diana Ross,솔로
2NE1,그룹
릴리 M.,솔로
위키드 블루팀,그룹
정두언,솔로
Mihimaru GT,그룹
최상엽,솔로
이은미,솔로
차현영,솔로
이바디,그룹
박윤경,솔로
Tinie Tempah,솔로
소울커넥션,그룹
청림,솔로
노리플라이 (no reply),그룹
한선욱,솔로
숀 (SHAUN),솔로
40mP,솔로
김보경 (NEON),솔로
메이비 (Maybee),솔로
Itano Tomomi,솔로
The Chainsmokers,그룹
AB6IX (에이비식스),그룹
Amber Liu (엠버),솔로
김남주(에이핑크),솔로
윤지영,솔로
Exile Atsushi,솔로
이승기,솔로
김창완밴드,그룹
정일훈,솔로
신하균,솔로
더 넛츠 (The NuTs),그룹
김상희,솔로
미스티 블루,그룹
THERAY,솔로
박태진,솔로
써니사이드 챙,솔로
남산애,솔로
Rihanna,솔로
플리지,솔로
Harry Pepl,솔로
샤넌,솔로
DNT,그룹
Brian McKnight,솔로
허공,솔로
안다미,솔로
김우석,솔로
제아,솔로
시연 (드림캐쳐),솔로
w-inds.,그룹
김세현,솔로
옥주현,솔로
Childish Gambino,솔로
RIVER,솔로
JJ Project,그룹
박미경,솔로
김동찬,솔로
Lionel Richie,솔로
베이식 (Basick),솔로
주미라,솔로
FTISLAND (FT아일랜드),그룹
신재평,솔로
백청강,솔로
임현식 (비투비),솔로
대현,솔로
WOOGIE,솔로
HYPNOSISMIC -D.R.B- (Buster Bros!!!),그룹
Carrie Underwood,솔로
SS501,그룹
송가인,솔로
J.Fla,솔로
D.Ark (디아크),솔로
"J-심포니(영탁, 금용)",그룹
박보선,솔로
게이트 플라워즈,그룹
박대박,솔로
Kygo,솔로
랄라스윗 (lalasweet),그룹
Jvcki Wai,솔로
세훈&찬열,그룹
성진환,솔로
진민호,솔로
SPYAIR,그룹
Selena Gomez,솔로
치치,그룹
민호 (MINHO),솔로
금잔디,솔로
잔나비,그룹
장태희,솔로
이예찬,솔로
새벽한시,그룹
한영애,솔로
송이한,솔로
원슈타인,솔로
Haruna Luna,솔로
차가운 체리,그룹
Michael Jackson,솔로
잉키,솔로
박지윤,솔로
Passenger,솔로
Bekuh BOOM,솔로
조원선,솔로
제이워크,그룹
허민영영 못 잊을거야,그룹
BLACKPINK,그룹
Wouter Hamel,솔로
Ice Cream,그룹
사이먼 도미닉,솔로
광표,솔로
조연우,솔로
마마무 (Mamamoo),그룹
민현 (뉴이스트),솔로
전효성,솔로
서인아,솔로
Jessie J,솔로
엄태웅,솔로
Sam Smith,솔로
이진혁,솔로
팡팡스타,그룹
해오라기,그룹
나영,솔로
정형근,솔로
신명근,솔로
John Farnham,솔로
Barry Manilow,솔로
솔비,솔로
Drake,솔로
서출구,솔로
Tones And I,솔로
송주나,솔로
뱃사공,솔로
구지윤,솔로
김상욱,솔로
공원소녀 (Girls in the Park),그룹
현아,솔로
Clair Marlo,솔로
김준수,솔로
유지나,솔로
이진성 (먼데이 키즈),솔로
Man With A Mission,그룹
마이티 마우스,그룹
King Gnu,그룹
이장우,솔로
박정은,솔로
2PM,그룹
Green Day,그룹
클래지콰이,그룹
X-5,그룹
이부영,솔로
새벽,솔로
장우영,솔로
유재환,솔로
베러 (Better),솔로
Wiz Khalifa,솔로
라즈베리필드,솔로
최영자,솔로
이석훈,솔로
쇼콜라,그룹
김명환,솔로
RADWIMPS (래드윔프스),그룹
Raiden,솔로
알리 (ALi),솔로
제이세라,솔로
오션 (5TION),그룹
Fresh Boyz,그룹
크레용팝,그룹
김도향,솔로
"쀼 (육성재, 조이)",그룹
어니언스,그룹
김하원,솔로
손동운,솔로
네이브로,그룹
포텐 (4TEN),그룹
PRODUCE 48,그룹
offonoff (오프온오프),그룹
유성호,솔로
더 크로스,그룹
뉴챔프,솔로
금열,솔로
가오가이 (kaogaii),솔로
허경환,솔로
선경,솔로
이태운,솔로
강승식,솔로
적우,솔로
장범준,솔로
송일호,솔로
현당,솔로
Nishino Kana,솔로
김대훈,솔로
곰PD,솔로
그리즐리 (Grizzly),솔로
YDG,솔로
쿨 (COOL),그룹
육지담,솔로
Liam Payne,솔로
HRVY,솔로
The Band Perry,그룹
와이낫?,그룹
송은이,솔로
Hozier,솔로
이가야,솔로
써니 (SUNNY),솔로
nov (노브),솔로
Maeda Atsuko,솔로
한영민,솔로
연하남쓰,그룹
GG (박명수 & G-Dragon),그룹
팀,솔로
손준혁,솔로
ReoNa,솔로
구윤회,솔로
Fetty Wap,솔로
레드락,솔로
TETE,솔로
Sting,솔로
모네,그룹
K/DA,그룹
장재인,솔로
소연 ((여자)아이들),솔로
Hilcrhyme,그룹
최진이,솔로
제니 (JENNIE),솔로
Troye Sivan,솔로
려욱 (RYEOWOOK),솔로
그네,솔로
최진혁,솔로
Wax Tailor,솔로
한선화,솔로
머쉬베놈 (MUSHVENOM),솔로
훈스 (HOONS),그룹
김정연,솔로
유익종,솔로
이종현,솔로
전우성 (노을),솔로
홍지윤,솔로
빅마마,그룹
아이유,솔로
Sade,그룹
원어스 (ONEUS),그룹
서연주,솔로
경제환,솔로
SKE48,그룹
전인권밴드,그룹
Nick Jonas,솔로
지현우,그룹
김연자,솔로
강태관,솔로
티아라,그룹
백장미,솔로
우효,솔로
정일송,솔로
김여희,솔로
Akeboshi (明星),솔로
On/Off,그룹
김신아 (Kim sin ah),솔로
이혜수,솔로
James Arthur,솔로
신정우,솔로
Jus2 (저스투),그룹
강지영,솔로
GReeeeN,그룹
Aoi Shouta,솔로
김길중,솔로
Conan Gray,솔로
阿悠悠,솔로
임정희,솔로
크리스탈 (KRYSTAL),솔로
Daitoku Junna (cv.Tokui Sora),솔로
Miwa Akihiro,솔로
강승윤,솔로
이든 (EDEN),솔로
BOYCOLD,솔로
박경,솔로
빡서 브라더스,그룹
예아라,솔로
강호동,솔로
옥수사진관,그룹
홍시은,솔로
적재,솔로
Keyshia Cole,솔로
CLC,그룹
전기뱀장어 (THE ELECTRICEELS),그룹
송유빈 (비오브유),솔로
신민아,솔로
윤하 (YOUNHA),솔로
박보영,솔로
정소정,솔로
Mary J. Blige,솔로
피어스,그룹
최승부,솔로
민해경,솔로
에이프린스,그룹
오선지,그룹
서원아,솔로
정예원 (YEWON),솔로
Livetune+,그룹
Nogizaka46,그룹
김윤혜,솔로
요조,솔로
Post Malone,솔로
진영,솔로
구구단 세미나,그룹
우진영,솔로
엄지 (여자친구),솔로
정승제,솔로
유비트,그룹
김경민,솔로
김세림,솔로
톱밥,솔로
Mae Muller,솔로
변진섭,솔로
박광식,솔로
니엘,솔로
어쿠루브,그룹
Bebe Rexha,솔로
윤상현,솔로
최유나,솔로
AAA (Triple A),그룹
소유미,솔로
명희,솔로
유니크노트 (Uniqnote),솔로
윤비 (YunB),솔로
박기영,솔로
김승아,솔로
내귀에 도청장치,그룹
고영준,솔로
다이나믹 듀오,그룹
Idina Menzel,솔로
박명수,솔로
이루펀트,그룹
임부희,솔로
Co Shu Nie,그룹
god,그룹
Jose Feliciano,솔로
윈터플레이,솔로
Mili,솔로
안다미로,그룹
이주민 (Yizumin),그룹
Mr.Children,그룹
Jump,그룹
Kirinji,그룹
정윤승,솔로
크리샤 츄 (Kriesha Chu),솔로
Florida Georgia Line,그룹
Drug Restaurant,그룹
VIINI (권현빈),솔로
aespa,그룹
정찬우,솔로
孟凡明,솔로
클럽소울,그룹
김정민,솔로
Kahara Tomomi,솔로
조현민,솔로
Disclosure,그룹
N.E.R.D,그룹
김동한,솔로
Ryo (Supercell),솔로
Lady Gaga,솔로
전인권,솔로
데프콘,솔로
손빈아,솔로
Rixton,그룹
달지,솔로
송진영,솔로
영암,솔로
권순일 (어반자카파),솔로
이지형,솔로
최순호,솔로
배동성,솔로
양양 (YANGYANG),솔로
강현순,솔로
신세경,솔로
노크,그룹
Janet Jackson,솔로
세종아,솔로
Tablo,솔로
Rachel Platten,솔로
BewhY (비와이),솔로
전미경,솔로
BeBe Mignon,그룹
Takatori Hideaki,솔로
부부듀엣,그룹
Walk The Moon,그룹
허태우,솔로
솔튼페이퍼,솔로
간과 쓸개,그룹
Rae Sremmurd,그룹
이은상,솔로
효린,솔로
김연아,솔로
EXO,그룹
halca,솔로
포스트맨 (Postmen),그룹
씨스타,그룹
카피추,솔로
윤수일,솔로
임세준,솔로
LINKIN PARK,그룹
데.비 (데일리 비타민),그룹
황윤성,솔로
Becky G,솔로
Queen,그룹
St. Vincent,솔로
데이브레이크 (DAYBREAK),그룹
Westlife,그룹
"퀸즈 (김소희, 김혜림, 크리샤 츄)",그룹
이현도,솔로
URU,솔로
원 플러스 원,그룹
신지,솔로
Big Brain (빅브레인),그룹
스피넬,그룹
이주현,솔로
유진주,솔로
류은희,솔로
도현아,솔로
윤사라,솔로
남진,솔로
김나영,솔로
소냐,솔로
신지훈,솔로
Khalid,솔로
김재하,솔로
박지헌,솔로
나비드 (NAVID),솔로
Andrea Bocelli,솔로
Little Mix,그룹
서우정,솔로
배진영,솔로
현성,솔로
김서영,솔로
이정옥,솔로
정미애,솔로
이건율,솔로
캡사이신,솔로
나비,솔로
민희,솔로
짱유 (JJANGYOU),솔로
박인범,솔로
Tiago Iorc,솔로
소유찬,솔로
정재윤 (Tula),솔로
성국이와 상도,그룹
이성종 (인피니트),솔로
국카스텐,그룹
Aiuchi Rina,솔로
Internet Money,그룹
코요태,그룹
#안녕,솔로
현진우,솔로
DRIPPIN (드리핀),그룹
TOIL,솔로
길미,솔로
소울다이브,그룹
JG 하모니,그룹
전찬영,솔로
블락비 바스타즈,그룹
치열,솔로
한보람,솔로
"LSD (Sia, Diplo and Labrinth)",그룹
Jack Harlow,솔로
이수진 (Weeekly),솔로
김소연,솔로
민영천,솔로
박현빈,솔로
이태종,솔로
크레파스,그룹
제이큐티,그룹
Demi Lovato,솔로
헬로비너스,그룹
강타 (KANGTA),솔로
Marteen,솔로
성수진,솔로
Sara Bareilles,솔로
황세현 (h3hyeon),솔로
강허달림,솔로
핫샷 (HOTSHOT),그룹
양재동,솔로
AKB48,그룹
서지오,솔로
이상곤 (노을),솔로
허가윤 (4minute),솔로
박보검,솔로
Michael Buble,솔로
"투하트 (우현, 키)",그룹
Gym Class Heroes,그룹
돈 스파이크,솔로
김선민,솔로
Naughty Boy,솔로
DaBaby,솔로
Virginia To Vegas,솔로
원금순,솔로
Sound Horizon,솔로
Keepop,그룹
텐시러브 (TENSI-LOVE),그룹
젬스톤,솔로
윤진영,솔로
T.I.,솔로
주석,솔로
트리탑스,그룹
디바,그룹
Lauv,솔로
손민채,솔로
정세운,솔로
엄혜진,솔로
베이지,솔로
성진우,솔로
전추영,솔로
드라마틱 블루,그룹
Rich Brian,솔로
정홍일,솔로
박소민,솔로
박은태,솔로
La Roux,솔로
모정애,솔로
Toni Braxton,솔로
배치기,그룹
노영국,솔로
칠전팔기,그룹
웨이천,솔로
라포엠 (LA POEM),그룹
김우주,솔로
박성현,솔로
라이너스의 담요,솔로
손태진,솔로
콜라보이스,그룹
달의하루,그룹
Tyga,솔로
알렉스,솔로
손진영,솔로
영건,그룹
MAGIC!,그룹
수안 (Swan),솔로
Kat-Tun,그룹
김진욱,솔로
숙행,솔로
이승철,솔로
Plain Note,그룹
오마이걸 (OH MY GIRL),그룹
Elvis Presley,솔로
후이 (펜타곤),솔로
위정희,솔로
재주소년,솔로
최일권,솔로
이원희,솔로
윤채경 (에이프릴),솔로
마미손,솔로
견우와 직녀,그룹
박순심,솔로
김예원,솔로
보니,솔로
유예진,솔로
젝스키스,그룹
이적,솔로
김광율,솔로
맴맴,그룹
Brett Eldredge,솔로
Watari Rouka Hashiri Tai 7,그룹
리오 케이코아,솔로
Centimillimental,솔로
원더걸스,그룹
뉴이스트 W,그룹
VICTON (빅톤),그룹
鬼頭明里 / Akari Kito (키토 아카리),솔로
Funky Monkey Babys,그룹
Rohann (이로한),솔로
Verandah Project,그룹
RAISE A SUILEN,솔로
CHiCO with HoneyWorks,그룹
Adam Levine,솔로
라붐 (LABOUM),그룹
Machine Gun Kelly,솔로
애프터문,그룹
황태산,솔로
정효빈,솔로
메킷레인(MKIT RAIN),그룹
Bueno Clinic,그룹
이효재 (lalala studio),솔로
존박,솔로
박미옥,솔로
설라경,솔로
Jason Mraz,솔로
달마시안 (DMTN),그룹
니은 (Nieun),솔로
조정희 (Jung-hee Cho),솔로
윤혁(디셈버),솔로
은가은,솔로
Iloveu,솔로
7!!,그룹
Rod Stewart,솔로
래원 (Layone),솔로
Pussycat Dolls,그룹
SUGA,솔로
TLC,그룹
H-유진,솔로
진호 (펜타곤),솔로
Moony,솔로
신비아파트,솔로
사이로(415),그룹
빌리어코스티,솔로
디케이소울,솔로
Ecobridge,솔로
Bon Jovi,그룹
하진 (HAJIN),솔로
포르테 디 콰트로,그룹
버나드 박,솔로
송민재,솔로
마크툽 (MAKTUB),솔로
유정석,솔로
Alicia Keys,솔로
루시드폴,솔로
한수성,솔로
승민이와 국민손자들,그룹
타이미,솔로
이대원,솔로
멜로 브리즈,그룹
The MD,그룹
볼빨간사춘기,솔로
김창희,솔로
유주 (여자친구),솔로
김수련,솔로
한희정,솔로
CHEEZE (치즈),솔로
닥터코어 911,그룹
Peach Tree Rascals,그룹
남백송,솔로
윤호만,솔로
S.E.S.,그룹
문명진,솔로
차오루,솔로
Five For Fighting,솔로
애프터스쿨 RED,그룹
"네스티네스티 (케빈, 경리, 소진)",그룹
세정스님,솔로
Kobukuro,그룹
HYPNOSISMIC -D.R.B- (Fling Posse),그룹
스피드,그룹
Desiigner,솔로
모모랜드 (MOMOLAND),그룹
김진영,솔로
강민경 (다비치),솔로
오케이션 (Okasian),솔로
하루,솔로
김정호,솔로
Miley Cyrus,솔로
50 Cent,솔로
Brenda Lee,솔로
정키,솔로
이민철,솔로
2soo,솔로
Stevie B.,솔로
소울스타 (SOULSTAR),그룹
Tim McGraw,솔로
신세령,솔로
Austin Mahone,솔로
Toyama Nao,솔로
The Rose(더 로즈),그룹
염따,솔로
Ja Mezz,솔로
Lifehouse,그룹
조성희,솔로
월하소년 (月下少年),솔로
지선,솔로
이창섭,솔로
장민호랑나비,그룹
Loren Allred,솔로
강병철과 삼태기,그룹
신성식,솔로
Lil Mosey,솔로
태진아,솔로
歌家형제,그룹
마시따 밴드,솔로
Sarah Vaughan,솔로
이세준,솔로
김추자,솔로
술제이 (Sool J),솔로
김채원,솔로
문문 (MoonMoon),솔로
원필 (DAY6),솔로
문별 (마마무),솔로
PRISTIN V,그룹
Suzuki Masayuki,솔로
건아들,그룹
Starland Vocal Band,그룹
김미소 (miso kim),솔로
강남스타일,솔로
이경현,솔로
Sondia,솔로
안성진,솔로
심현중,솔로
뽕자매,그룹
트랜스픽션,그룹
J. Cole,솔로
진시몬,솔로
혜랑,솔로
Me & You,그룹
현철,솔로
바다 (BADA),솔로
김이지,솔로
Chara,솔로
Mrs. Green Apple,그룹
김희재,솔로
노사연,솔로
Miyuki Nakajima,솔로
앤씨아,솔로
조수미,솔로
SUPER JUNIOR (슈퍼주니어),그룹
홍잠언,솔로
CIX (씨아이엑스),그룹
혜정 (AOA),솔로
John Legend,솔로
옹성우,솔로
레인보우,그룹
정동하,솔로
Big Baby Driver,솔로
Garlixx (갈릭스),그룹
혜령,솔로
Asian Kung-Fu Generation,그룹
홍장가,솔로
4minute,그룹
하울,솔로
우주소녀,그룹
정선화,솔로
클래스메이트,그룹
영기,솔로
SHAED,그룹
윤두환,솔로
미료,솔로
W&JAS,그룹
Kelly Clarkson,솔로
SCENT,솔로
국상현과유니크패밀리,그룹
크로스진 (CROSS GENE),그룹
김연지,솔로
김진표,솔로
Tula,솔로
Hudson Thames,솔로
Mad Kid,솔로
유정란 (유세윤 & 이정),그룹
더 네임,솔로
윤길,솔로
오월천,그룹
하태웅,솔로
European Jazz Trio,그룹
김다영,솔로
Selena Gomez & The Scene,그룹
안지연,솔로
S.M. The Performance & Zedd,그룹
가호 (Gaho),솔로
BURNOUT SYNDROMES,그룹
준호준,솔로
MIKA,솔로
환별,솔로
태원,솔로
셔누 (몬스타엑스),솔로
싹쓰리,그룹
S.I.S,그룹
박화요비,솔로
한성호,솔로
Cardi B,솔로
최강창민 (MAX CHANGMIN),솔로
백지웅,솔로
Make Some Noise,솔로
XIA (준수),솔로
Capital Cities,그룹
Sayuri,솔로
milet,솔로
조재권,솔로
UNB,그룹
류종록,솔로
"Fear, and Loathing in Las Vegas",그룹
더나은,솔로
전설,그룹
장민호,솔로
팔로알토 (Paloalto),솔로
박보근,솔로
선미,솔로
송란,솔로
채은옥,솔로
윤아,솔로
문옥,솔로
오사랑,솔로
EXO-K,그룹
김진복,솔로
선유선,솔로
일레인,솔로
차성연,솔로
홍빈 (HONGBIN),솔로
타히티,그룹
KK,솔로
엠티플,그룹
골든차일드,그룹
러브시티,그룹
지아,솔로
언니네 이발관,그룹
B.A.P,그룹
김종서,솔로
박혁진,솔로
유연숙,솔로
강수빈,솔로
SUMIN (수민),솔로
홍광호,솔로
이철민,솔로
Charlie Puth,솔로
조대호,솔로
Hatsune Miku,솔로
한승기,솔로
Lenny code fiction,그룹
Aaliyah,솔로
Girl Next Door,그룹
소녀시대-Oh!GG,그룹
Chemistry,그룹
신현희와김루트,그룹
김영철,솔로
Steady (스테디),솔로
미도와 파라솔,그룹
하은,솔로
Yonezu Kenshi,솔로
이수영,솔로
V,솔로
박우진 (AB6IX),솔로
meenoi (미노이),솔로
정윤선,솔로
Roselia,그룹
라임어택 (RHYME-A-),솔로
I'll (아일),솔로
박정수,솔로
정차식,솔로
Berryz Koubou,그룹
어니스트 (Honest),그룹
나훈아,솔로
김소정,솔로
김경현 (마커스),솔로
장성규,솔로
김국헌 (비오브유),솔로
전부성,솔로
Tears For Fears,그룹
ITZY (있지),그룹
"YDPP (정세운, MXM, 이광현)",그룹
Corinne Bailey Rae,솔로
G-DRAGON,솔로
MELOH,솔로
PS영준,솔로
Flo Rida,솔로
이한울,솔로
김수찬,솔로
Luke Bryan,솔로
전원주,솔로
신유성,솔로
김중연,솔로
두리 (DooRi),솔로
이은규,솔로
김신애,솔로
Jonas Brothers,그룹
가을방학,그룹
Jax Jones,솔로
계은숙,솔로
채수은,솔로
지조,솔로
아이디 (Eyedi),솔로
Red Hot Chili Peppers,그룹
김용국,솔로
천둥,솔로
로코베리,그룹
Ugly Duck,솔로
마이네임,그룹
하이런,솔로
millic (밀릭),솔로
신기류,솔로
이고은,솔로
염아영,솔로
Bebop,솔로
이원종,솔로
뜨거운 감자,그룹
TAM TAM (탐탐),솔로
노태현,솔로
"트리플 H (현아, 펜타곤 (후이, 이던))",그룹
박지훈,솔로
블루파프리카,그룹
하이니 (HiNi),솔로
안동춘,솔로
도희선,솔로
Mike Perry,솔로
다이나믹 블랙,그룹
정하윤,솔로
Christina Perri,솔로
Red Velvet (레드벨벳),그룹
장미여관,그룹
전영록,솔로
진성,솔로
시와,솔로
디유닛,그룹
곽진언,솔로
김국환,솔로
전철민,솔로
렛잇비,그룹
김선희,솔로
홍자,솔로
양지원,솔로
캔들 라이트,솔로
박진도,솔로
신웅,솔로
엠투엠 (M To M),솔로
백호 (뉴이스트),솔로
유대성,솔로
현동현,솔로
Nana Mouskouri,솔로
나몰라패밀리 (Namolla Family),그룹
Tungevaag & Raaban,그룹
지숙,솔로
이소라,솔로
김나희,솔로
박영진,솔로
SKARF,그룹
PL (피엘),솔로
Poppin'Party,그룹
최대한,솔로
TOSAKA HIROOMI,솔로
mewhan,솔로
Dawin,솔로
MAX,솔로
남궁옥분,솔로
진향란,솔로
케이윌,솔로
이현우,솔로
린,솔로
강준우,그룹
클릭비 (Click-B),그룹
간종욱,솔로
Rip Slyme,그룹
Luis Fonsi,솔로
최선경,솔로
Scandal,그룹
조남지대 (조세호 & 남창희),그룹
사무엘,솔로
EDEN,솔로
노르웨이 숲,솔로
헤이즈 (Heize),솔로
최민경,솔로
f(x),그룹
자장가,솔로
B1A4,그룹
One Direction,그룹
이주혁,솔로
투모로우바이투게더,그룹
은방울 자매,그룹
용감한 형제,솔로
걸스데이,그룹
베이빌론 (Babylon),솔로
Ciara,솔로
도겸 (SEVENTEEN),솔로
신유,솔로
SG 워너비,그룹
로꼬,솔로
에이프릴 (APRIL),그룹
조명섭,솔로
정원수,솔로
미스 미스터,그룹
히트,그룹
Kemuri,그룹
김종민,솔로
LUCY,그룹
한이재,솔로
김재환,솔로
Mariah Carey,솔로
Ysabelle Cuevas,솔로
런치송 프로젝트,솔로
Pharrell Williams,솔로
유준상,솔로
DJ Snake,솔로
Timbaland,솔로
앤드류 최,솔로
리디아 (Lydia),솔로
남순,솔로
차영민,솔로
류기진,솔로
정상수,솔로
DPR LIVE,솔로
지창욱,솔로
"이유 갓지(GOD G) 않은 이유 (박명수, 아이유)",그룹
방용국,솔로
Akimoto Junko,솔로
쥬리킴,솔로
동해 (DONGHAE),솔로
Acid Black Cherry,솔로
Foxes,솔로
Prince,솔로
오담률 (김농밀),솔로
Kristen Bell,솔로
이천원,그룹
강현민,솔로
설레임 에디션,그룹
R. City,그룹
임형주,솔로
영탁,솔로
ClariS,그룹
홍실,솔로
임슬옹,솔로
정형돈,솔로
Sid,그룹
호우주의보,그룹
윤항기,솔로
제리케이 (Jerry.k),솔로
정준일,솔로
이해남,솔로
Travis Scott,솔로
김성규,솔로
MC몽,솔로
최매력,솔로
권미희,솔로
전소미,솔로
한여울,솔로
낯선아이,솔로
승관 (SEVENTEEN),솔로
Lorde,솔로
컬투,그룹
Mykey,솔로
로시 (Rothy),솔로
Lee Michelle (이미쉘),솔로
Styx,그룹
장재봉,솔로
요일 (YOIL),솔로
Ayaka,솔로
조성욱,솔로
Big Sean,솔로
티맥스,그룹
약속,그룹
윤미래,솔로
하트비,그룹
유상록,솔로
그루비룸 (GroovyRoom),그룹
Conor Maynard,솔로
환불원정대,그룹
타이거JK,솔로
Cash Cash,그룹
프라이머리,솔로
양순임,솔로
배다해,솔로
김현정,솔로
양다일,솔로
홍대광,솔로
은규미,솔로
이태환,솔로
왕리훙,솔로
방주연,솔로
하성운,솔로
컴백마돈나밴드,그룹
테이크어반,그룹
이선균,솔로
김종국,솔로
Be The Voice,그룹
메이트,그룹
설하윤,솔로
보헤미안,그룹
가인,솔로
A$AP Rocky,솔로
Aoi Eir,솔로
레트로펑키,그룹
윤화재인,솔로
크루셜스타 (Crucial Star),솔로
심수봉,솔로
박세빈,솔로
민정아,솔로
홍정희,솔로
Harry Styles,솔로
Neil Diamond,솔로
OK PUNK!,그룹
김동완,솔로
JP Saxe,솔로
서린동 아이들,그룹
Justin Timberlake,솔로
브라운아이드걸스,그룹
류원정,솔로
핫해하태 하태수,그룹
Roberta Flack,솔로
신종훈,솔로
리듬파워,그룹
산들,솔로
미스터 붐 박스,솔로
고은성,솔로
Suzuki Konomi,솔로
사비나앤드론즈,솔로
N-Train,그룹
테이커스,그룹
김정훈,솔로
몬스타엑스,그룹
이블,그룹
윤현상,솔로
사람과 나무,그룹
티엔에프,그룹
스탠딩 에그,그룹
정여진,솔로
LCD Soundsystem,그룹
김선빈,솔로
탑독,그룹
김조한,솔로
오승근,솔로
이애란,솔로
이나우,솔로
VERIVERY,그룹
이민숙,솔로
이채윤,솔로
핫펠트 (HA:TFELT),솔로
Che'Nelle,솔로
좋아서하는밴드,그룹
한혜경,솔로
정국,솔로
신보라,솔로
덕환,솔로
Shin Sakiura,솔로
그대가,솔로
이지혜,솔로
언터쳐블,그룹
클로버,그룹
Pandora,솔로
EXID,그룹
이영현,솔로
최서희,솔로
"비글즈 (철구, 창현, 남순, 노래하는 코트, 킴성태)",그룹
Oscar Dunbar,솔로
"더블V (송은이, 김숙)",그룹
헨리 (HENRY),솔로
요아리,솔로
찬열 (CHANYEOL),솔로
Zac Efron,솔로
브로맨스 (VROMANCE),그룹
전승희,솔로
유해준,솔로
하동진,솔로
황인욱,솔로
김창선,솔로
김정수,솔로
김만수,솔로
비너스,그룹
Ieiri Leo,솔로
한영주,솔로
엘리스 (ELRIS),그룹
스윗 콧소로우 (정준하 & 스윗소로우),그룹
j-hope,솔로
이영화와 에덴합창단,그룹
나윤권,솔로
이미키,솔로
이홍기,솔로
Kozai Kaori,솔로
Wise,솔로
진원,솔로
이협,솔로
이태권,솔로
세상 모든 대디에게 경래,그룹
정문성,솔로
소울 크라이,솔로
데이먼스 이어 (Damons year),솔로
ZENE THE ZILLA,솔로
남우현,솔로
현빈,솔로
이상번,솔로
심현보,솔로
잭키정,솔로
MOBB (MINO & BOBBY),그룹
박선주 (Pak Sun Zoo),솔로
김완선,솔로
듀에토,그룹
쉬즈,그룹
Sia,솔로
최지윤 (153/Joombas),솔로
베리굿 (BerryGood),그룹
우석 X 관린,그룹
씨스타19,그룹
The Weeknd,솔로
신수아,솔로
NF,솔로
종현 (JONGHYUN),솔로
히키 (Hickey),솔로
Misia,솔로
小峰峰 (XiaoFengFeng),솔로
Toraboruta,솔로
Avril Lavigne,솔로
장우혁,솔로
인순이,솔로
Amy Winehouse,솔로
신정환,솔로
Kelly Yu,솔로
기억 조작단,그룹
송기창,솔로
R&J,그룹
몽실이 시스터즈,그룹
이기광,솔로
유승찬,솔로
Tom Jones,솔로
A Fine Frenzy,솔로
송월,솔로
철구,솔로
Hanazawa Kana,솔로
피터펀(Peter Fun),솔로
빅스타,그룹
HONNE,그룹
유현주,솔로
이예린,솔로
Jawsh 685,솔로
Ab 에비뉴,그룹
버즈,그룹
영지,솔로
최연숙,솔로
김경호,솔로
블랙리스트,그룹
백남숙,솔로
Dua Lipa,솔로
이시은,솔로
SURAN (수란),솔로
루피 (Loopy),솔로
차지연,솔로
구하라 (카라),솔로
주영,솔로
먼데이 키즈 (Monday Kiz),솔로
XXXTENTACION,솔로
조유리 (아이즈원),솔로
곽동현 (KWAK DONG HYUN),솔로
Hoody (후디),솔로
좋은 하루,그룹
심은진,솔로
호치키스 (김호진),솔로
차민기,솔로
써니힐,그룹
Iguchi Yuka,솔로
혜은이,솔로
송영화,솔로
LaLaLa,솔로
양용모,솔로
Mao Abe,솔로
월러스,그룹
Paramore,그룹
별,솔로
박해성,솔로
서인국,솔로
기현 (몬스타엑스),솔로
경서예지,그룹
Mike Posner,솔로
David Guetta,솔로
정기고,솔로
A Great Big World,그룹
The Killers,그룹
JAY-Z,솔로
윤딴딴,솔로
문수화,솔로
레인보우 블랙,그룹
케빈오,솔로
김진환,솔로
Yolanda Be Cool,그룹
박애리,솔로
임주연,솔로
KozyPop,솔로
조원우 (Jowonu),솔로
AURORA,솔로
AOA,그룹
준하,솔로
ELO,솔로
소향,솔로
久保田未夢,솔로
장보리,솔로
Stevie Wonder,솔로
미스터T,그룹
류준열,솔로
Keith Ape,솔로
BS2 (비에스투),솔로
진실,솔로
임재범,솔로
박강수,솔로
benny blanco,솔로
이윤종,솔로
조은새,솔로
드렁큰 타이거,솔로
Paul Blanco,솔로
김성현,솔로
Michael Bolton,솔로
고유진 (플라워),솔로
장현철,솔로
박윤화,솔로
Leona Lewis,솔로
클래식 재즈 트리오,솔로
정준영,솔로
윤민수(바이브),솔로
염수연,솔로
박소연,솔로
토니 안,솔로
펜타곤,그룹
효민,솔로
유하영,솔로
Ken Hirai,솔로
김태현,솔로
9와 숫자들,그룹
더 맨 블랙 (THE MAN BLK),그룹
앵콜 킴,솔로
Macklemore & Ryan Lewis,그룹
Young Thug,솔로
이한중,솔로
웅산,솔로
카이 (KAI),솔로
PRISTIN (프리스틴),그룹
하모닉스,그룹
이정봉,솔로
여름,솔로
Corrinne May,솔로
고재근,솔로
Mikaila,솔로
Kadokawa Hiroshi,솔로
이달의 소녀 yyxy,그룹
닐로(Nilo),솔로
유민,솔로
유승우,솔로
최낙타,솔로
임현정,솔로
Easy Going,솔로
mxmtoon,솔로
박지원 (makeumine works),솔로
강민희,솔로
Irene Cara,솔로
가을로 가는 기차,그룹
이상순,솔로
진달래,솔로
Train,그룹
양홍원,솔로
김민기,솔로
소심한 오빠들,그룹
소울트레인,그룹
조정치,솔로
5 Seconds of Summer,그룹
Ella Henderson,솔로
이미선,솔로
Kris Allen,솔로
Way Ched (웨이체드),솔로
트웰브 (twlv),솔로
김산하,솔로
나다 (NADA),솔로
원써겐,솔로
노창규,솔로
문지은,솔로
"15& (박지민, 백예린)",그룹
대성,솔로
안예은,솔로
타이푼,그룹
Oda Kazumasa,솔로
Moritaka Chisato,솔로
Trevor Daniel,솔로
최진희,솔로
더 씨야,그룹
Evanescence,그룹
리밋 (Limit),솔로
승리,솔로
백지영,솔로
윤복희,솔로
Lukas Graham,그룹
Julia Michaels,솔로
온앤오프 (ONF),그룹
부가킹즈,그룹
원 모어 찬스 (one more chance),그룹
Daylight,솔로
보이프렌드,그룹
"2F (신용재, 김원주)",그룹
Min G,솔로
슈가볼,솔로
마은진 (플레이백),솔로
Morfonica,그룹
허성정,솔로
신소이,솔로
박형식,솔로
화사 (Hwa Sa),솔로
김용준,솔로
김목경,솔로
배수정,솔로
이혜영,솔로
김영부,솔로
김연숙,솔로
김보희,솔로
ASCA,솔로
이승열,솔로
조경수,솔로
UNEDUCATED KID,솔로
후샤,솔로
태훈 (tae hoon),솔로
박지민,솔로
영민,솔로
강태환,솔로
시크릿,그룹
김민규 (Young Kay),솔로
김진웅,솔로
Blake Shelton,솔로
Gloria Estefan,솔로
파리돼지앵 (정형돈 & 정재형),그룹
진미령,솔로
선예 (Wonder Girls),솔로
소란 (SORAN),그룹
나르샤 (Brown Eyed Girls),솔로
예지,솔로
민성아,솔로
Bridgit Mendler,솔로
Maroon 5,그룹
남자의자격,그룹
LANY,그룹
정선혜,솔로
한봄,솔로
감스트,솔로
IZ*ONE (아이즈원),그룹
언프리티 랩스타 3,그룹
김수희,솔로
유선호,솔로
2 Chainz,솔로
정다경,솔로
The Lonely Island,그룹
임태경,솔로
백인태,솔로
CRAVITY,그룹
정태춘,솔로
쿠기 (Coogie),솔로
서태지,솔로
Jordin Sparks,솔로
김덕희,솔로
Janet Suhh (자넷서),솔로
The Wanted,그룹
Lil Wayne,솔로
Kokia,솔로
Jake Owen,솔로
하성희,솔로
김창완,솔로
상민,솔로
류계영,솔로
M4,그룹
성은,솔로
현우빈,솔로
109,솔로
죠지,솔로
차은우 (ASTRO),솔로
전미도,솔로
빈센트블루,솔로
전건호,솔로
세븐틴,그룹
초콜릿 노트,그룹
Keith Urban,솔로
박은우,솔로
김재석,솔로
UV,그룹
Ryan Gosling,솔로
Various Artists 2010,솔로
네이비쿼카 (NavyQuokka),솔로
Chemistry,그룹
The Jets,그룹
E. Vianni,솔로
GD & T.O.P,그룹
안재욱,솔로
My Chemical Romance,그룹
Scandal,그룹
이동준,솔로
쏜애플 (THORNAPPLE),그룹
옥택연,솔로
토니 안,솔로
Ken Hirai,솔로
천재노창,솔로
이경율,솔로
