Post Malone,Better Now,"['Hip-Hop', 'rap', 'trap', 'cloud rap', 'hip hop']"
SEKAI NO OWARI,Illumination,[]
ずっと真夜中でいいのに。,秒針を噛む,[]
송민호,알람,[]
이석훈,너였구나,[]
저스디스,Gone,[]
동방신기,Truth,[]
Zayn,Let Me,"['pop', 'british', 'male vocalists', 'sexy', 'singer-songwriter']"
MC THE MAX,넘쳐흘러,[]
청하,벌써 12시,"['best of 2019', 'love at first listen', 'hino', 'cant even express how much i love this song', 'lovely mv']"
팔로알토,Fuck It,[]
정준일,Hell O,[]
홍진영,사랑은 다 이러니,[]
이현,우리 그만 아프자,[]
용주,우리 둘만 아는,[]
정준일,향기로운 뒷모습,[]
케이시,그때가 좋았어,[]
로이킴,우리 그만하자,[]
Billie Eilish,bellyache,"['pop', 'electropop', 'indie', 'alternative', '2010s']"
숀(SHAUN),Traveler,[]
레드벨벳,멋있게 (Sassy Me),['sexy']
에이핑크,%%(응응),[]
River,Club,[]
Camila Cabello,Real Friends,"['pop', 'sadly beautiful', 'love yourself', 'rnb', '2010s']"
庞龙,你是我的玫瑰花,"['chinese male vocal', 'Pang Long', 'chinese']"
阿里郎,隔壁泰山,[]
공기남녀,이별을 만지다,[]
양다일,고백,[]
MC THE MAX,그걸로 나는 충분해요,[]
우주소녀,La La Love,"['pop', 'female vocalists', 'Asian', 'k-pop', 'Kpop']"
god,그 남자를 떠나,[]
에이핑크,안아줘요,[]
죠지,Boat,[]
god,눈을 맞춰,[]
Barry Manilow,Memory,"['pop', '80s', 'easy listening', 'superrock kyoi', 'memory']"
이민혁,YA,[]
엔플라잉,옥탑방,[]
에이핑크,느낌적인 느낌,[]
아스트로,All Night(전화해),[]
새소년,긴 꿈,[]
정준일,나의 고백,[]
임한별,이별하러 가는 길,[]
우주소녀,칸타빌레(노래하듯이),"['pop', 'female vocalists', 'Asian', 'k-pop', 'Kpop']"
"""Charli XCX",1999,[]
Ariana Grande,Imagine,"['rnb', 'pop', 'female vocalists', 'Ariana Grande', 'r&b']"
여자친구,You are not alone,"['Power ballad', 'melodic', 'electric guitar', 'heartwarming', 'strong lyrics']"
넥스트,그대에게,[]
폴킴,초록빛,[]
비비(BIBI),편지,[]
MC THE MAX,가,[]
강진,막걸리 한 잔,[]
버즈,손깍지,[]
Khalid,Better,"['pop', 'american', 'rnb', 'Khalid', '2018 single']"
세븐틴,Home,"['pop', 'Korean', 'k-pop', 'male vocalists', 'Korean Pop']"
Halsey,Without Me,"['pop', 'rnb', 'halsey', 'alternative', 'hit']"
펀치,이 마음,[]
드림캐쳐,하늘을 넘어,[]
Queen,Hammer To Fall,"['rock', 'classic rock', 'Queen', 'hard rock', '80s']"
"""Marshmello",Happier,[]
Jessie J,Thunder,"['pop', 'soul', 'Love it', 'british', 'power pop']"
아스트로,Starry Sky,[]
펀치,눈꽃처럼,[]
Ariana Grande,Breathin,"['pop', 'bop', 'love at first listen', 'female vocalists', 'rnb']"
Billie Eilish,come out and play,"['indie', 'pop', 'indie pop', 'alternative', '2010s']"
이민혁,HUTAZONE,[]
Shawn Mendes,Lost In Japan,"['pop', 'dance', 'Love', 'Canadian', 'Justin Timberlake']"
XXXTENTACION,Moonlight,"['Hip-Hop', 'emo', 'rap', 'hip hop', 'rnb']"
あいみょん,君はロックを聴かない,['j-pop']
정승환,우주를 건너,[]
용주,잠시 길을 잃다,[]
세븐틴,Good to Me,[]
星野源,POP VIRUS,[]
나플라,smile,[]
amazarashi,ピアノ泥棒,[]
노태현,I Wanna Know,[]
Ella Mai,Trip,"['british', 'rnb', 'bouncy', 'trip', 'fallon']"
김수찬,사랑의 해결사,[]
세븐틴,포옹,[]
Camila Cabello,Consequences,"['pop', 'sad', 'piano', 'acoustic', 'rnb']"
양요섭,With You,[]
하은(라코스테남),신용재,[]
우디,이 노래가 클럽에서 나온다면,[]
임창정,하루도 그대를 사랑하지 않은 적이 없었다,[]
양요섭,Moonlight,[]
허각,그들만은 아름답도록,[]
위위,Ocean,[]
트웰브,BODYTALK,[]
정승환,나비효과,[]
폴킴,눈,[]
IU,이름에게,"['k-pop', 'Ballad', 'powerful']"
우주소녀,1억개의 별,"['pop', 'female vocalists', 'Asian', 'k-pop', 'Ballad']"
러블리즈,백일몽,[]
109,별이 되지 않아도 돼,[]
K.Will,그립고 그립고 그립다,"['Korean', 'k-pop', 'Soundtrack', 'pop', 'Ballad']"
윤딴딴,남은 기억,[]
세븐틴,숨이 차,['hino']
엘키,I dream,[]
CLC,No,"['k-pop', 'dance', 'Korean', 'Kpop', 'girl group']"
Dr.Dre(Feat.Snoop Dogg),The Next Episode,[]
庄心妍,再见只是陌生人,[]
洛晴,可能否,[]
李荣浩,年少有为,[]
展展与罗罗,沙漠骆驼,[]
子芮,让我做你的眼睛,[]
안예은,이방인,[]
러블리즈,Like U,[]
Mariah Carey,With You,"['soul', 'rnb', 'Ballad', 'female vocalists', 'singer-songwriter']"
コレサワ,たばこ,[]
B1A4,반하는 날,[]
Mike Whitla,Baby Shark,[]
Avril Lavigne,Head Above Water,"['rock', 'pop rock', 'pop', 'christian', 'best of 2018']"
40,새벽은 좀 그래요,[]
술탄오브더디스코,숱한 밤들,[]
모트,이 밤을 너와,[]
ITZY(있지),달라달라,[]
인피니트,CLOCK,"['Kpop', 'infinite']"
HRVY,Personal,"['british', 'party', '2017 single']"
The Outfield,Your Love,"['80s', 'rock', 'classic rock', 'new wave', 'pop']"
오왠,미지근한 밤,[]
헤이즈,오롯이,[]
검정치마,섬(Queen of Diamonds),[]
폴킴,이별,[]
세븐틴,칠리,[]
Ariana Grande,7 Rings,"['trap', 'pop', 'rap', 'rnb', 'Hip-Hop']"
몬스타엑스,Alligator,[]
드림캐쳐,PIRI,"['majestic', 'best of 2019']"
ITZY(있지),WANT IT?,[]
포스트맨,서른,[]
훈스,우리라고 쓰고 싶어,[]
몬스타엑스,No Reason,[]
Travis Scott,SICKO MODE,"['rap', 'Hip-Hop', 'hip hop', 'american', 'trap']"
버블디아,어쩌면,[]
이츠,잠들래,[]
Billie Eilish,bury a friend,"['pop', 'alternative', '2010s', 'electropop', 'dark pop']"
윤지성,In the Rain,[]
조영구,야! 이 사람아,[]
재키와이,Enchanted Propaganda,[]
레이디스 코드,THE LAST HOLIDAY,[]
이달의소녀,Butterfly,[]
죠지,Swimming pool,[]
IZ*ONE,好きと言わせたい,"['japanese', 'j-pop']"
러블리즈,꽃점,[]
윤딴딴,윤딴딴,[]
Queen,Now I'm Here,"['rock', 'classic rock', 'Queen', '70s', 'glam rock']"
세븐틴,Shhh,[]
모노그램,그 아이,[]
폴킴,너를 만나,[]
윤종신,몰린 2,[]
김필,사랑한다면서,[]
검정치마,틀린 질문,[]
윤지성,쉼표,[]
윤지성,Clover,[]
펀치,Love is You,[]
(여자)아이들,Senorita,[]
죠지,바라봐줘요,[]
베리베리,불러줘 (Ring Ring Ring),[]
양다일,사랑합니다,[]
유라(youra),수영해,[]
벤(Ben),180도,[]
유성은,Deep,[]
카더가든,She,[]
윤지성,또 웃기만 해,[]
강민경,사랑해서 그래,['Ballad']
비비(BIBI),한강,[]
하성운,BIRD,"['pop', 'solo', 'cute', 'k-pop', 'relax']"
HYNN(박혜원),LET ME OUT,[]
1415,SURFER,[]
back number,幸せ,"['rock', 'nice']"
ずっと真夜中でいいのに。,脳裏上のクラッカー,[]
김세환,사랑이 무엇이냐,[]
권진아,오늘 뭐했는지 말해봐,[]
花姐,夜之光,[]
叶炫清,归去来兮,[]
半阳,我的将军啊,[]
선미,누아르(Noir),[]
홍주찬,문제아,[]
윤지성,왜 내가 아닌지,[]
요요미,찌개,[]
방용국,히키코모리,[]
저스투,FOCUS ON ME,[]
제니,SOLO,[]
이예준,괜한 걱정을 했나 봐,[]
우주소녀,그때 우리,"['pop', 'female vocalists', 'Asian', 'k-pop', 'Kpop']"
하은요셉,여자친구,[]
함중아와양키스,풍문으로 들었소,[]
오반,행복,[]
허각,흔한 이별,[]
홍진영,오늘 밤에 (Love Tonight),[]
더 레이,Baby Girl,[]
위너(WINNER),EVERYDAY,[]
위너(WINNER),Really Really,[]
김민석,봄이 오는 날에,[]
한해,아이구,[]
Queen,I Want It All,"['classic rock', 'rock', 'Queen', '80s', 'hard rock']"
Queen,Keep Yourself Alive,"['classic rock', 'rock', 'hard rock', '70s', 'Queen']"
요셉,Moonrise,[]
투모로우바이투게더,Blue Orangeade,"['happy', 'cute', 'k-pop', 'sweet', 'fresh']"
라비,TUXEDO,[]
Post Malone,Wow.,"['rap', 'Hip-Hop', 'hip hop', 'male', 'pop']"
김창완,이 말을 하고 싶었어요,[]
양다일,편지,[]
노태현,biRTHday,[]
저스투,DRUNK ON YOU,[]
노태현,Love Lock,[]
브로맨스,같은 밤 다른 느낌,[]
강민경,스물 끝에,[]
네이브로,어떻게 잘 지내,[]
10cm,그러나,[]
비와이,나의 땅,[]
김필,목소리,[]
이보람,축가,[]
투모로우바이투게더,Our Summer,"['happy', 'cute', 'k-pop', 'sweet', 'fresh']"
S Club 7,Have You Ever,"['pop', 'romantic', 'Ballad', 'S Club 7', 'Love']"
홍진영,눈물비,[]
스무살,왜 그때는,[]
윤딴딴,함께,[]
김연지,10년이나 버티니,[]
"""Cardi B",Please Me,[]
라비,R.OOK BOOK,[]
마마무,고고베베(gogobebe),[]
장윤정,목포행 완행열차,[]
우석X관린,별짓,[]
류원정,복덩이,[]
에픽하이,새벽에,[]
핫펠트(예은),Peter Pan,[]
요요미,S-Love,[]
장재인,괜찮다고 말해줘,[]
노태현,하늘별,[]
라이관린,Good Feeling,[]
에이티즈,Say My Name,[]
Billie Eilish,wish you were gay,"['2010s', 'pop', 'electropop', 'contemporary rnb', '2019']"
백예린,그건 아마 우리의 잘못은 아닐 거야,[]
박봄,내연인,[]
노을,너는 어땠을까,[]
뉴이스트,노래 제목,[]
휘성,생각난다,[]
장윤정,세월아,[]
잔나비,주저하는 연인들을 위해,[]
박봄,창피해,[]
공원소녀,Pinky Star(RUN),[]
Christopher,Bad,"['boring', 'sellout', 'cheap', 'generic', 'mainstream']"
투모로우바이투게더,별의 낮잠,"['cute', 'k-pop', 'Ballad', 'sweet', 'fresh']"
장범준,노래방에서,[]
장범준,당신과는 천천히,[]
거미,혼자,[]
태연,Blue,[]
잔나비,꿈과 책과 힘과 벽,[]
장범준,일산으로,[]
스트레이키즈,MIROH,[]
장범준,그 모습 그대로,[]
정세운,나의 바다,[]
JBJ95,AWAKE,[]
MC THE MAX,넘쳐흘러,[]
한요한,록시땅,[]
송민호,아낙네,[]
헤이즈,이유,[]
잔나비,전설,[]
방탄소년단,Outro: Wings,['takes me to the sky']
버즈,척,[]
스텔라장,미세먼지,[]
지원이,사랑누리,[]
효민,입꼬리,[]
米津玄師,Flamingo,[]
박지훈,US,[]
Michelle Shaprow,Back Down To Earth,[]
10cm,Hotel Room,[]
위너(WINNER),ISLAND,[]
에픽하이,Lullaby For A Cat,[]
윤종신,Night Drive,[]
이바다,stay,[]
장범준,왜,[]
박수진,Blue Wave,[]
윤건,너도 그냥 날 놓아주면 돼,[]
아이즈원,비올레타,[]
유라(youra),my,[]
블랙핑크,Kill This Love,[]
위너(WINNER),LOVE ME LOVE ME,[]
볼빨간사춘기,Mermaid,[]
Zara Larsson,Ruin My Life,"['pop', 'swedish', 'chill', 'synthpop', 'electropop']"
볼빨간사춘기,Seattle Alone,[]
Ariana Grande,Snow In California,"['christmas', 'pop', 'Ballad', '2013', 'r&b']"
Ariana Grande,Sweetener,"['pop', 'trap', 'female vocalists', 'rnb', 'seen live']"
정은지,계절이 바뀌듯,[]
에픽하이,비가 온대 내일도,[]
폴킴,이런 엔딩,[]
백예린,지켜줄게,[]
Red Velvet,SAPPY,"['japanese', 'JPop', 'j-pop', 'electro-pop']"
볼빨간사춘기,나들이 갈까,[]
펜타곤,신토불이,[]
장덕철,알았다면,[]
이석훈,완벽한 날,[]
다이아,우와,"['pop', 'dance', 'Retro', 'Korean', 'k-pop']"
폴킴,초록빛,[]
아이즈원,해바라기,[]
김범수,Slow,[]
周笔畅,去流浪,[]
花姐,狂浪,[]
아이즈원,Airplane,[]
방탄소년단,Intro: Persona,[]
방탄소년단,Make It Right,[]
방탄소년단,소우주(Mikrokosmos),[]
방탄소년단,Dionysus,[]
방탄소년단,HOME,[]
방탄소년단,Jamais Vu,[]
HYNN(박혜원),시든 꽃에 물을 주듯,[]
아이즈원,하늘 위로,[]
Jonas Brothers,Sucker,"['pop', 'rock', 'dance', 'pop rock', 'party']"
Stevie B.,Waiting For Your Love,"['easy listening', 'love songs', 'latin freestyle', 'Catherine and Coskun']"
이적,숫자,[]
카더가든,대기실,[]
블랙핑크,Kick It,[]
하성운,문득,"['pop', 'solo', 'cute', 'k-pop', 'relax']"
NFB,I Do,[]
카더가든,나무,[]
비비(BIBI),언제 어디서 무엇을 어떻게,[]
영기,한잔해,[]
Ariana Grande,bloodline,"['pop', 'female vocalists', 'bop', 'love at first listen', 'farofa']"
Lauv(Feat.Julia Michaels),There's No Way,[]
오마이걸,사랑 속도,[]
BTOB,잘 지내겠죠,[]
잔나비,투게더!,[]
한올,다시,[]
정승환,우주선,[]
정승환,제자리,[]
트와이스,FANCY,[]
하성운,Lonely Night,"['pop', 'solo', 'cute', 'k-pop', 'relax']"
가비엔제이,없더라,[]
이달의소녀,위성(Satellite),[]
손동운,편해지자,[]
데이식스,Man In A Movie,[]
마마무,Where R U,[]
장범준,그대 떠난 뒤,[]
우디,이 노래가 클럽에서 나온다면,[]
마마무,Bad bye,[]
하동균,그때 우린,[]
정효빈,처음이라서,[]
Dua Lipa,Hotter Than Hell,"['pop', 'dance', 'electronic', 'british', 'catchy']"
Khalid,My Bad,"['american', 'rnb']"
백예린,Our Love Is Great,[]
잔나비,See Your Eyes,[]
신문희,아름다운 나라,[]
Sound Horizon,11文字の傳言,[]
ずっと真夜中でいいのに。,ヒューマノイド,[]
청하,아름다운 이별,[]
트와이스,STUCK IN MY HEAD,[]
케이시,그때가 좋았어,[]
정승환,뒷모습,[]
배진영,끝을 받아들이기가 어려워,[]
양다일,이 밤,[]
우효,토끼탈,[]
백예린,Dear My Blue,[]
러블리즈,Rain,[]
용주,이 시간,[]
뉴이스트,BET BET,[]
마마무,My star,[]
뉴이스트,Segno,[]
ASH ISLAND,악몽,[]
나윤권,울리고 싶어,[]
비와이,찬란,[]
Billie Eilish,bad guy,"['electropop', 'pop', 'dance-pop', 'indie pop', 'indie']"
더보이즈,Bloom Bloom,[]
트와이스,GIRLS LIKE US,[]
박효신,Goodbye,[]
더보이즈,No Air,[]
바비,꽐라,"['rap', 'duo', 'alice', 'bobby', '2016']"
허영생,너라서,[]
나훈아,자네! (8자는 뒤집어도 8자),[]
검정치마,피와 갈증(King of Hurts),[]
뉴이스트,BASS,[]
태연,Curtain Call,"['amazing', 'beautiful', 'k-pop', 'Ballad', 'Masterpiece']"
Ed Sheeran,Supermarket Flowers,"['british', 'sad', 'fav', 'sad songs', 'hino']"
그레이,TMI,[]
김동한,FOCUS,[]
주호,바래다주던 길,[]
王琪,站着等你三千年,[]
골든차일드,그러다 봄,[]
뉴이스트,Fine,[]
송가인,무명 배우,[]
한요한,어떡해야 돼,[]
나훈아,무심세월,[]
김범수,영영,[]
프니엘,B.O.D,[]
남우현,Rain,"['k-pop', 'male vocalist', 'Nam Woohyun']"
양다일,틈,[]
Tiffany,Can't You See,"['pop', 'emo', 'easy listening', 'soft rock', 'Pop-Rock']"
송하예,니 소식,[]
정승환,믿어,[]
잔나비,HONG KONG,[]
잔나비,Wish,[]
위키미키,Picky Picky,[]
윤현상,기억의 창고,[]
반광옥,오늘 일기,[]
노래를찾는사람들,오월의 노래,[]
GOT7,ECLIPSE,"['k-pop', 'GOT7 KeepSpinning', 'Pops In Seoul']"
다비치,너에게 못했던 내 마지막 말은,[]
정다경,사랑의 신호등,[]
김재환,안녕하세요,[]
정승환,옥련동,[]
Jeremy Zucker,Comethru,"['indie', 'pop', 'indie pop', 'Awesome', 'Favorite']"
손동운,Natasha,[]
강민경,사랑해서 그래,['Ballad']
송가인,영동부르스,['Trot']
송가인,용두산 엘레지,['Trot']
에이비식스,BREATHE,[]
태연,Fire,"['k-pop', 'Korean', 'Kpop', 'best of 2017', 'pop']"
앤씨아,밤바람,[]
김진호,엄마의 프로필 사진은 왜 꽃밭일까,[]
송가인,찍어,['Trot']
비,차에 타봐,"['rnb', 'Korean', 'k-pop', 'Ballad', 'Kpop']"
김경호,그대는 아직도 나를 설레게 한다,[]
10cm,그러나,[]
김나희,까르보나라,[]
엔플라잉,옥탑방,[]
송가인,한 많은 대동강,[]
NCT 127,Superhuman,"['Korean', 'Kpop', 'electronic ', 'new wave ', 'if you wanna feel it say yEAAAAAAAAAAAAAAA']"
거미,안아줘,[]
로시,BEE,[]
김재환,Blow Me,[]
에이비식스,HOLLYWOOD,[]
Ariana Grande,make up,"['pop', 'seen live', 'rap', 'female vocalists', 'rnb']"
효린,니가 더 잘 알잖아(youknowbetter),[]
먼데이키즈,사랑이 식었다고 말해도 돼,[]
Shawn Mendes,If I Can't Have You,"['pop', 'Canadian', 'male vocalists', 'shawn mendes', 'piano']"
김재환,My Star,[]
남우현,넌 나만 바라봐,[]
나훈아,인생 정답,[]
범키,DANCING ON GLASS,[]
최낙타,Grab Me,[]
베리굿,Oh! Oh!,"['dance', 'k-pop', 'Kpop']"
Lim Kim,SAL-KI,[]
朱兴东,手掌,[]
唐古,爱你的心,[]
阿信,隐形的纪念,[]
우디,대충 입고 나와,[]
정미애,라밤바,[]
NCT 127,Highway to Heaven,"['pure orgasm', 'best of 2019']"
빈센트블루,비가와,[]
사이로(415),야광별,[]
Nulbarich,NEW ERA,[]
美波,ライラック,"['japanese', 'rock', 'J-rock', 'j-pop']"
あいみょん,貴方解剖純愛歌 ~死ね~,[]
정승환,네가 온다,[]
아스트로,숨바꼭질,"['Korean', 'k-pop', 'Kpop', 'Korea']"
러블리즈,Close To You,[]
산들,날씨 좋은 날,[]
우주소녀,Boogie Up,"['k-pop', 'Kpop', 'Cosmic Girls', 'WJSN', 'pop']"
잔나비,JUNGLE,[]
청하,벌써 12시,"['best of 2019', 'love at first listen', 'hino', 'cant even express how much i love this song', 'lovely mv']"
치즈,우린 어디에나,[]
잔나비,주저하는 연인들을 위해,[]
Alan Walker,Alone,"['EDM', 'electronic', 'dance', 'House', 'norwegian']"
CLC,ME,"['k-pop', 'Kpop', 'trap', 'pop', 'dance']"
EXO-CBX,Shake,['hinoooooooooooooooo']
염따,zoom,[]
잔나비,봉춤을 추네,[]
히키,사랑에 연습이 있었다면 (답가),[]
태진아,자기가 좋아,[]
김양,흥부자,[]
프로미스나인,FUN!,[]
김재환,그렇게 널,[]
치즈,Orange,[]
황인욱,포장마차,[]
전소미,BIRTHDAY,[]
Lil Dicky,Earth,"['pop', 'cringe', 'Hip-Hop', 'USA', 'american']"
유노윤호,Follow,[]
틴탑,Run Away,[]
Aimer,ポラリス,"['female vocalists', 'j-pop', 'japanese', 'JPop']"
디에이드,상상,[]
잔나비,DOLMARO,[]
보아,Mayday! Mayday! (너에게 닿기를 간절히 외치다),"['k-pop', 'Ballad', 'Korean', 'BoA', 'Kpop']"
김나희,송인,[]
정다경,열두 줄,[]
조곤,오래된 노트,[]
김소유,십분 내로,[]
Charlie Puth,Left Right Left,['pop']
태연,Time Lapse,"['k-pop', 'best of 2017', 'Korean', 'Kpop', 'pop']"
김나희,벤치,[]
폴킴,사랑은 타이밍,[]
플리지,예뻐서 그래,[]
김양,잡초,[]
태연,Circus,"['soul', 'rnb', 'Ballad']"
Billie Eilish,when the party's over,"['pop', 'Ballad', '2010s', 'indie pop', 'alternative']"
공소원,뜨거운 안녕,[]
지원이,보릿고개,[]
정다경,가슴 아프게,[]
카더가든,우리의 밤을 외워요,[]
청하,Snapping,['best of 2019']
邓丽君,再见我的爱人,[]
청하,Chica,[]
The Chainsmokers,Kills You Slowly,"['pop', 'dance', 'eletronic', 'EDM']"
허영생,Moment,[]
장범준,노래방에서,[]
정미애,장녹수,[]
이하이,LOVE IS OVER,"['soul', 'k-pop', 'female vocalist', 'love at first listen', 'Kpop']"
피엘,MALIBU,[]
윤종신,Shuffling,[]
(여자)아이들,Uh-Oh,[]
정다경,약손,['Trot']
팔로알토,Get It,[]
Katy Perry,Never Really Over,"['pop', 'pop perfection', 'electropop', '2019', 'katy perry']"
Ava Max,Sweet but Psycho,"['pop', 'generic', 'electropop', '2010s', '2018']"
데이브레이크,우리 안녕이 자연스러워서,[]
SEVENTEEN,Happy Ending,[]
염따,sold out,[]
김나영,시들어가,[]
태연,Candy Cane,"['christmas', 'Korean', 'k-pop', 'holiday']"
Taylor Swift,You Need To Calm Down,"['pop', 'taylor swift', 'synthpop', '2019', '2010s']"
그_냥,퇴근길,[]
러블리즈,LOVE GAME,[]
에일리,Room Shaker,['k-pop']
ITZY(있지),달라달라,[]
장범준,당신과는 천천히,[]
윤하,비가 내리는 날에는,[]
BTOB,아름답고도 아프구나,[]
달지,잔소리,[]
나훈아,인생 소풍,[]
艾辰,落,[]
刀郎,西海情歌,[]
Justin Bieber,Flatline,"['pop', 'love at first listen', 'Iloveit', 'Amazing song', 'bonus track']"
Gallant,Weight In Gold,"['american', 'rnb', 'fallon', '2015', 'BIRP']"
Rita Ora,Your song,"['pop', 'british', 'party', 'not a cover', '2017']"
박재정,다시 태어날 수 있다면,[]
갓츄,U GOT IT,[]
청하,우리가 즐거워,[]
블랙핑크,Kill This Love,[]
ELLEGARDEN,Lonesome,"['J-rock', 'japanese', 'great lyrics', 'lonesome', 'Ellegarden']"
감스트,기다릴게,[]
김재환,디자이너(Designer),[]
레드벨벳,LP,[]
美波,ホロネス,[]
지진석,Good Night,[]
주호,불러봐도,[]
하성운,BLUE,[]
DPR CREAM,Color Drive,[]
NCT DREAM,GO,"['Kpop', 'NCT', 'nct dream', 'pop', 'k-pop']"
모네,가져가,[]
멜로망스,인사,[]
폴킴,헤어질 걸 알아,[]
防弾少年団,Let Go,[]
신혜성,나의 너에게,[]
이현,니가 있어 (BTS WORLD OST),[]
베리베리,딱 잘라서 말해 (From Now),[]
윤하,사계,[]
청하,Call It Love,[]
양다일,My Love,[]
맴맴,Super Special Girl,['song yuvin']
데이식스,한 페이지가 될 수 있게,[]
Rita Ora,Anywhere,"['pop', 'electronic', 'hino', 'british', 'electropop']"
윤하,Lonely,[]
Ariana Grande,NASA,"['pop', 'rnb', 'female vocalists', 'seen live', 'american']"
서은광(BTOB),그때 그날처럼,[]
비비(BIBI),나비,[]
이우,내 안부,[]
하성운,저기요,[]
염따,yaya freestyle,[]
Panic! At The Disco,High Hopes,"['alternative', 'indie', 'indie rock', 'pop', 'pop rock']"
Halsey,Nightmare,"['pop', 'rock', 'alternative', 'pop rock', 'punk']"
사이로(415),Take me there,[]
이수,recommend,[]
호피폴라,Wake Me Up,[]
지아,니가 길게 혼자면 좋겠어,[]
박재정,사랑한 만큼,[]
IZ*ONE,Buenos Aires,"['a bop no one asked ur opinion', 'bop', 'real jpop', 'not kpop in japanese', 'te te te te que bien']"
데이식스,For me,[]
모네,idc,[]
홍대광,너로 완벽한 순간,[]
가비엔제이,다시 만나자,[]
호피폴라,Hoppipolla,[]
Dan+Shay,Speechless,[]
송이한,안녕이라는 말,[]
은지원,HOW WE DO,[]
CIX,Movie Star,"['sex', 'k-pop', 'Pops In Seoul']"
LANY&Julia Michaels,Okay,"['pop', 'synth pop']"
Lauv,Sad Forever,"['indie pop', 'sad', 'Free Tibet', 'hairy chest', 'hunks']"
박정현,같이,[]
미교,계속 노래하고 싶어요,[]
펜타곤,봄눈,[]
루시,선잠,[]
루시,Cry Bird,[]
김소유,미련일랑,[]
10cm,Jenga,[]
데이식스,How To Love,[]
태용,Long Flight,[]
호피폴라,One More Light,[]
Lil Nas X,Panini,"['trap', 'rap', 'pop rap', 'trap rap', '2019']"
LIP×LIP,やっぱ最強!,[]
쏜애플,너의 무리,[]
강다니엘,Color,[]
5 Seconds Of Summer,Easier,"['pop', 'alternative rock', 'australian', 'bop', 'male vocalists']"
강다니엘,I Hope,[]
윤종신,늦바람,[]
ITZY(있지),ICY,[]
防弾少年団,Lights,[]
ヨルシカ,だから僕は音楽を辞めた,"['rock', 'japanese', 'J-rock', 'j-pop']"
세븐틴,HIT,"['pop', 'dance', 'korean music', 'best of 2019', 'electronic']"
공원소녀,RED-SUN(021),[]
온리원오브,time leap,[]
주호,우리가 우리가 될 수 있을까,[]
张小九,余香,[]
陈泫孝(大泫),静悄悄,[]
비와이,가라사대,[]
브로맨스,내게 기대어도 돼,[]
다비치,너에게 못했던 내 마지막 말은,[]
10cm,방에 모기가 있어 (Do You Think Of Me?),[]
JBJ95,불꽃처럼,[]
먼데이키즈,사랑이 식었다고 말해도 돼,[]
김길중,사랑했지만,[]
NCT DREAM,BOOM,"['k-pop', 'best of 2019', 'Pops In Seoul', 'hi emi - from zaina']"
마인드유,To. 첫사랑,[]
A.C.E(에이스),UNDER COVER,[]
XYZ,CocktaiL,[]
노라조,샤워,[]
하성운,오늘 뭐해?!,[]
Tom Jones,I'm Coming Home,"['coming home by tom jones', 'vocal', 'pop', 'classic rock', 'Tom Jones']"
Pink Sweat$,Honesty,['kimmel']
10cm,별자리,[]
로켓펀치,빔밤붐(BIM BAM BUM),[]
하현우(국카스텐),환상,[]
Kiana Lede,EX,[]
위키미키,Tiki-Taka(99%),[]
다비치,고백,[]
김진호,누군가의 이야기,[]
정인,사랑 그 깊은 곳,[]
Twice,HAPPY HAPPY,"['JPop', 'j-pop', 'la la la', '2019', 'unbridled optimism']"
기리보이,Party is over,[]
Official髭男dism,Pretender,['j-pop']
FANXY CHILD,Y,[]
정동하,그게 너였어,[]
정승환,우주선,[]
양다일,이 밤,[]
헨리,I LUV U,[]
이준호,결혼하는 날,[]
정세운,내 이름을 부르면,[]
데이식스,포장,[]
San E,애쓴다,[]
레드벨벳,음파음파(Umpah Umpah),[]
Sam Smith,How Do You Sleep?,"['pop', 'synthpop', 'british', 'dance', 'dance-pop']"
더 로즈,RED,[]
윤딴딴,발명가,[]
다비치,아로하,[]
업텐션,Blue Rose,[]
Simon Dominic,DAx4,[]
기리보이,꺼져,[]
우디,대충 입고 나와,[]
잔나비,뜨거운 여름밤은 가고 남은 건 볼품없지만,[]
에버글로우,Adios,['hino']
BTOB,Finale: 우리들의 콘서트,[]
ヨルシカ,ただ君に晴れ,[]
신지,느낌이 좋아,[]
여자친구,Love Oh Love,[]
크나큰,SUNSET,[]
소수빈,난 행복해,[]
덕인,어쩌면 그날이 오늘,[]
임창정,친구 10년 사랑 1년,[]
문희옥,평행선,[]
죠지,camping everywhere,[]
더보이즈,D.D.D,[]
엑스원,FLASH,[]
Lauv,Never Not,"['indie pop', 'hairy chest', 'hunks']"
都はるみ,好きになった人,"['enka', 'japanese', 'female vocalists', 'JPop', 'Asian']"
선미,날라리(LALALAY),[]
김나희,여우와 늑대,[]
숀(SHAUN),36.5,[]
크러쉬,나빠(NAPPA),[]
박정현,다시 사랑이,[]
엑스원,웃을 때 제일 예뻐,[]
이해리,종이별의 꿈,[]
몬스타엑스,폭우,"['pop', 'bop', 'Asian', 'k-pop', 'male vocalists']"
업텐션,CANDYLAND,[]
NCT DREAM,Fireflies,[]
빅톤,느린 이별,[]
송하예,니 소식,[]
배치기,반칙왕,[]
한승기,순리,[]
BTOB,신바람,[]
황인욱,포장마차,[]
Aimer,April Showers,[]
Twice,Breakthrough,"['pop', 'japanese', 'dance', 'JPop', 'j-pop']"
나미,가까이 하고 싶은 그대,[]
엑스원,괜찮아요,[]
크루셜스타,cigarette,[]
업텐션,Your Gravity,[]
로코베리,너의 밤은 안녕하니?,[]
정승환,이 노래가,[]
Bazzi,I.F.L.Y.,"['pop', 'rnb', '2010s', '2019']"
에이티즈,WAVE,[]
정미애,꿀맛,[]
스텔라장,YOLO,[]
현우빈,아이고 배야,[]
Dean Lewis,Be Alright,"['pop', 'australian', 'indie pop', 'singer-songwriter', 'Pop-Rock']"
ASH ISLAND,Fall,[]
Bebe Rexha,I'm a Mess,"['mental illness', '2010s', '2018', 'pop', 'rock']"
白小白,会不会,[]
孟凡明,只只,[]
谢宇伦,夜半,[]
Braska,水上灯,[]
김연자,영동부르스,[]
적재,우연을 믿어요,[]
양다일,너를 잊으면,[]
세븐틴,바람개비,['so so so so beautiful']
10cm,Island,[]
박재정,너의 마지막이고 싶다,[]
볼빨간사춘기,25,[]
볼빨간사춘기,Taste,[]
볼빨간사춘기,XX,[]
AAA,愛してるのに、愛せない,['Ballad']
김목경,내가 본 마지막 그녀,[]
볼빨간사춘기,워커홀릭,[]
노래를찾는사람들,일요일이 다가는 소리,[]
San E,85년생 정산,[]
Julio Iglesias,Crazy,"['romantic', 'latin', 'julio iglesias', 'love song', 'Julio']"
태연,Lonely night,"['k-pop', 'Korean', 'Kpop', 'pop', 'Queen']"
엔플라잉,골목길에서,[]
그_냥,그대의 바다,[]
로코베리,너에 대한 모든 것,[]
정효빈,달라진 니 마음,[]
승국이,대세남,[]
세븐틴,독 : Fear,[]
전상근,사랑이란 멜로는 없어,[]
민해경,슬픈 약속,[]
하은요셉,여자친구,[]
Post Malone,Circles,"['pop', 'indie pop', '2010s', 'pop rock', '2019']"
세븐틴,Snap Shoot,[]
오왠,않길,[]
정동하,이별을 노래로 만들어 보았습니다,[]
이바다,수채화,[]
김나희,큐피트 화살,[]
마마무,Good Luck,[]
Taylor Swift,Lover,"['pop', 'country', 'Ballad', '2010s', 'taylor swift']"
박지민,Stay Beautiful,[]
Imagine Dragons,Walking The Wire,"['IMAGINE DRAGONS', 'indie', 'rock', 'indie rock', 'american']"
펀치,가끔 이러다,[]
콜드,마음대로,[]
세븐틴,247,[]
Billie Eilish,COPYCAT,"['pop', 'alternative', 'indie', '2010s', 'Billie Eilish']"
세븐틴,Let me hear you say,[]
잔나비,The Secret Of Hard Rock,"['indie', 'rock', 'indie rock', 'Korean', 'k-rock']"
天月-あまつき-,月曜日の憂鬱,[]
세븐틴,거짓말을 해,[]
둘다섯,기도,[]
한승기,슬픈 사랑,[]
권진아,시계 바늘,[]
데이식스,쏟아진다,[]
ヨルシカ,言って。,[]
핑클,남아있는 노래처럼,[]
강예슬,러브레터,[]
혜은이,작은 숙녀,[]
정태춘,저녁 숲 고래여,[]
NCT DREAM,119,"['urban', 'sex', 'the best', 'dark pop']"
Jose Feliciano,Che sara,"['cool', 'jaka to melodia']"
트와이스,Feel Special,[]
심수봉,Love Of Tonight,[]
세븐틴,Network Love,[]
세븐틴,Second Life,[]
Abir,Tango,[]
송가인,Tears,[]
이미자,강명화,[]
적우,그리운 사람,[]
이해리,나만 아픈 일,[]
드림캐쳐,데자부(Deja Vu),[]
NCT 127,악몽(Come Back),[]
강예슬,퐁당퐁당,[]
윤하,26,[]
Harry Styles,Adore You,"['pop', '2010s', '2019', 'british', 'rock']"
EXO,Baby You Are,"['k-pop', '80s', 'Kpop', 'favs', 'Blessed']"
지코,Balloon,[]
방탄소년단,Black Swan,[]
IU,Blueming,"['k-pop', 'spam tier', 'Pops In Seoul', 'monkaMel']"
Kenny Rogers,Coward of the county,"['country', 'kenny rogers', 'classic country', 'coward of the county', 'classic']"
Tones And I,Dance Monkey,"['pop', '2019', '2010s', 'tones and i', 'electropop']"
백예린,Datoom,[]
정준일,Girls,[]
에스에프나인,Good Guy,[]
팔로알토,Grind,[]
정준일,I Am Here,[]
Camila Cabello,Living Proof,"['pop', '2010s', 'Camila Cabello', 'rnb', 'sex music']"
백예린,London,[]
백예린,Mr. gloomy,[]
ちゃんみな,Never Grow Up,[]
백예린,Not a girl,[]
JBJ95,ONLY ONE,[]
마마무,rEALITY,[]
창모,S T A R T,[]
Joji,SLOW DANCING IN THE DARK,"['soul', 'rnb', 'alternative rnb', 'joji', 'Hip-Hop']"
지연,Take A Hike,['best of 2019']
NF,Time,[]
백예린,True lover,[]
Khalid,Up All Night,[]
하현상,US,[]
テヨン,VOICE,[]
육성재,W.A.U,[]
옹성우,WE BELONG,[]
장우혁,WEEKAND,[]
김재환,Who Am I,[]
Aimer,コイワズライ,[]
阿悠悠,乏味,[]
en,你走之后的雨季,[]
叶洛洛,墨书,[]
펀치,가끔 이러다,[]
남화용,가버린 추억,[]
육성재,겨울 속에서,[]
정준일,괜찮아,[]
투모로우바이투게더,그냥 괴물을 살려두면 안 되는 걸까,[]
정태춘,그의 노래는,[]
WAX,그 흔한 김씨,[]
지코,극,[]
윤종신,기다리지 말아요,[]
수지,꽃마리,[]
전영록,나 그대에게,[]
멜로망스,나나나,[]
한동근,나를 기다렸나요,[]
권진아,나의 모양,[]
최백호,낙동강,[]
제이세라,내가 없어,[]
이선희,내 마음 가는 곳,[]
태연,너를 그리는 시간(Drawing Our Moments),[]
