﻿artist,None
,None
ROOKiEZ is PUNK'D,None
Hudson Thames,"미국,남성,솔로",솔로
"루돈프 용준코 (정형돈, 용준형, 루나)",대한민국/혼성/그룹,그룹
문장대,"대한민국,남성,솔로",솔로
김정원,"대한민국,남성,솔로",솔로
비비안 수,"타이완,여성,솔로",솔로
금수봉,"대한민국,남성,솔로",솔로
정선화,"대한민국,솔로",솔로
딘딘,"대한민국,남성,솔로",솔로
Aki阿杰,None
마이큐(MY-Q),"대한민국,남성,솔로",솔로
소율,"대한민국,여성,솔로",솔로
피아노맨,"대한민국,남성,솔로",솔로
iKON,대한민국/남성/그룹,그룹
투엑스,대한민국/여성/그룹,그룹
蔡维泽,None
렉스디 (REX.D),"대한민국,남성,솔로",솔로
이사배,"대한민국,여성,솔로",솔로
Faith Rookies,대한민국/여성/그룹,그룹
Faith Rookies,대한민국/여성/그룹,그룹
NCT DREAM,대한민국/남성/그룹,그룹
NCT DREAM,대한민국/남성/그룹,그룹
박혜경,"대한민국,여성,솔로",솔로
문희준,"대한민국,남성,솔로",솔로
타이미,"대한민국,여성,솔로",솔로
조매력,None
容祖儿,None
Los Retros,"미국,남성,솔로",솔로
홍원빈,"대한민국,남성,솔로",솔로
열정★혜은이 팬클럽,대한민국/그룹,그룹
공민지,"대한민국,여성,솔로",솔로
톱밥,"대한민국,남성,솔로",솔로
스윗 콧소로우 (정준하 & 스윗소로우),대한민국/남성/그룹,그룹
벤,"대한민국,여성,솔로",솔로
윤진영,"대한민국,솔로",솔로
nano.RIPE,None
박정수,"대한민국,남성,솔로",솔로
Journey,미국/남성/그룹,그룹
Lookas,"미국,남성,솔로",솔로
张惠妹,None
박시환,"대한민국,남성,솔로",솔로
정승환,"대한민국,남성,솔로",솔로
공승연,"대한민국,여성,솔로",솔로
신하균,"대한민국,남성,솔로",솔로
Pharrell Williams,"미국,남성,솔로",솔로
Co Shu Nie,일본/혼성/그룹,그룹
박민영,"대한민국,여성,솔로",솔로
Centimillimental,"일본,남성,솔로",솔로
이민숙,"대한민국,여성,솔로",솔로
지세희,"대한민국,여성,솔로",솔로
넉살,"대한민국,남성,솔로",솔로
오유진,"대한민국,여성,솔로",솔로
프리스타일,대한민국/남성/그룹,그룹
임지영,"대한민국,여성,솔로",솔로
지호 (오마이걸),"대한민국,여성,솔로",솔로
양지완,"대한민국,남성,솔로",솔로
이정순,"대한민국,여성,솔로",솔로
曲婉婷,None
After the Rain,솔로,솔로
曲肖冰,None
SURAN (수란),"대한민국,여성,솔로",솔로
작은평화,대한민국/혼성/그룹,그룹
설아 (우주소녀),"대한민국,여성,솔로",솔로
요아리,"대한민국,여성,솔로",솔로
승관 (SEVENTEEN),"대한민국,남성,솔로",솔로
이츠허밍,"대한민국,여성,솔로",솔로
Desiigner,"미국,남성,솔로",솔로
소향,"대한민국,여성,솔로",솔로
김주아,"대한민국,여성,솔로",솔로
려욱 (RYEOWOOK),"대한민국,남성,솔로",솔로
Pink Sweat$,"미국,남성,솔로",솔로
화이팅 대디,"대한민국,남성,솔로",솔로
주찬양,"대한민국,솔로",솔로
혜림 (원더걸스),"대한민국,여성,솔로",솔로
권수연,"대한민국,솔로",솔로
이박사,"대한민국,남성,솔로",솔로
Rie Fu,"일본,여성,솔로",솔로
김조한,"미국,남성,솔로",솔로
후지이 미나,None
탐진,"대한민국,남성,솔로",솔로
진해성,"대한민국,남성,솔로",솔로
마부스 (Maboos),"대한민국,남성,솔로",솔로
Nishimura Yukie,"일본,여성,솔로",솔로
박성연,"대한민국,여성,솔로",솔로
レミオロメン,None
Brett Eldredge,"미국,남성,솔로",솔로
Michael Jackson,"미국,남성,솔로",솔로
유현주,"대한민국,여성,솔로",솔로
Sung by Y,None
Kubo Yurika,"일본,여성,솔로",솔로
하승희,"대한민국,여성,솔로",솔로
서미래,"대한민국,솔로",솔로
레디 (Reddy),"대한민국,남성,솔로",솔로
모트 (Motte),"대한민국,여성,솔로",솔로
박원숙,"대한민국,여성,솔로",솔로
릴리 M.,"여성,솔로",솔로
Narr.박시연,None
ねこぼーろ,None
자장가,"대한민국,남성,솔로",솔로
유연숙,"대한민국,남성,솔로",솔로
TK From 凛として時雨,None
정민,"대한민국,남성,솔로",솔로
Sayaka,"일본,여성,솔로",솔로
제이레빗(J Rabbit),대한민국/여성/그룹,그룹
차수빈,"대한민국,남성,솔로",솔로
한인철,"대한민국,남성,솔로",솔로
LM.C,일본/남성/그룹,그룹
허니크루,대한민국/혼성/그룹,그룹
배진아,"대한민국,여성,솔로",솔로
김호진,"대한민국,남성,솔로",솔로
James Blunt,"영국,남성,솔로",솔로
김영부,"대한민국,남성,솔로",솔로
플라워,대한민국/남성/그룹,그룹
플라워,대한민국/남성/그룹,그룹
에일리(AILEE),"대한민국,여성,솔로",솔로
에일리(AILEE),"대한민국,여성,솔로",솔로
dress,"대한민국,남성,솔로",솔로
dress,"대한민국,남성,솔로",솔로
마리오,"대한민국,남성,솔로",솔로
트러블메이커,대한민국/그룹,그룹
OkayJJack,"미국,남성,솔로",솔로
서림,"대한민국,솔로",솔로
김동완,"대한민국,남성,솔로",솔로
김동완,"대한민국,남성,솔로",솔로
조유진,None
Kacey Musgraves,None
브로맨스 (VROMANCE),대한민국/남성/그룹,그룹
B.o.B,"미국,남성,솔로",솔로
Nicki Minaj,"미국,여성,솔로",솔로
Thursday,미국/남성/그룹,그룹
이진혁,"대한민국,남성,솔로",솔로
이진혁,"대한민국,남성,솔로",솔로
MAX,"미국,남성,솔로",솔로
MAX,"미국,남성,솔로",솔로
MAX,"미국,남성,솔로",솔로
여행스케치,대한민국/남성/그룹,그룹
레인즈 (RAINZ),대한민국/남성/그룹,그룹
王贰浪,None
구름,"대한민국,남성,솔로",솔로
구름,"대한민국,남성,솔로",솔로
플리지,"대한민국,남성,솔로",솔로
플리지,"대한민국,남성,솔로",솔로
박다혜,"대한민국,여성,솔로",솔로
일 락,"대한민국,남성,솔로",솔로
Jclef,"대한민국,여성,솔로",솔로
Vocal by 윤하,None
朴树,None
シャイニーカラーズ,None
백현 (BAEKHYUN),"대한민국,남성,솔로",솔로
DJ Wegun,"대한민국,남성,솔로",솔로
연석원,"대한민국,남성,솔로",솔로
금수광산,대한민국/남성/그룹,그룹
김요한,"대한민국,남성,솔로",솔로
Neiked,"스웨덴,남성,솔로",솔로
옥서현,"대한민국,여성,솔로",솔로
마크툽 (MAKTUB),"대한민국,남성,솔로",솔로
タイナカサチ,None
양팡,"대한민국,여성,솔로",솔로
별이 빛나는 밤,"대한민국,솔로",솔로
박보람 (Bo Ram Park),"대한민국,여성,솔로",솔로
임서원,"여성,솔로",솔로
Lukas Graham,덴마크/남성/그룹,그룹
최백호,"대한민국,남성,솔로",솔로
보라미유,"대한민국,여성,솔로",솔로
Gwen Stefani,"미국,여성,솔로",솔로
로코베리,대한민국/혼성/그룹,그룹
혁오 (HYUKOH),대한민국/남성/그룹,그룹
혁오 (HYUKOH),대한민국/남성/그룹,그룹
이진솔 (에이프릴),"대한민국,여성,솔로",솔로
Lucia Micarelli,"미국,여성,솔로",솔로
김상균,"대한민국,남성,솔로",솔로
김영태,"대한민국,남성,솔로",솔로
八王子P,None
封茗囧菌,None
공보경,"대한민국,여성,솔로",솔로
X-Japan,일본/남성/그룹,그룹
X-Japan,일본/남성/그룹,그룹
Jason Mraz,"미국,남성,솔로",솔로
Narr.장지은,None
Lnb,대한민국/그룹,그룹
버스커 버스커,대한민국/남성/그룹,그룹
Lewis Capaldi,"영국,남성,솔로",솔로
구구단 오구오구,대한민국/여성/그룹,그룹
Xs,"남성,솔로",솔로
Stevie B.,"미국,남성,솔로",솔로
정인설 (JISSCLASS),"대한민국,남성,솔로",솔로
AGUST D,None
현숙,"대한민국,여성,솔로",솔로
현정화,"대한민국,여성,솔로",솔로
Mokyo,"대한민국,남성,솔로",솔로
Braska,None
 and Loathing in Las Vegas,None
포텐 (4TEN),대한민국/여성/그룹,그룹
이우민 'collapsedone',"대한민국,남성,솔로",솔로
벤,"대한민국,여성,솔로",솔로
크리사츄,None
백일홍,"대한민국,여성,솔로",솔로
권순일 (어반자카파),"대한민국,남성,솔로",솔로
Will.I.Am,"미국,남성,솔로",솔로
배윤희,None
김동환,"대한민국,남성,솔로",솔로
蓝心羽,None
저스디스 (JUSTHIS),"대한민국,남성,솔로",솔로
G.A.B (길 & BoA),대한민국/혼성/그룹,그룹
유미리,"대한민국,여성,솔로",솔로
Wiz Khalifa,"미국,남성,솔로",솔로
Juicy J,"미국,남성,솔로",솔로
박진영,"대한민국,남성,솔로",솔로
김심야,"남성,솔로",솔로
성진환,"대한민국,남성,솔로",솔로
다운 (Dvwn),"대한민국,남성,솔로",솔로
양승호,"대한민국,남성,솔로",솔로
창모 (CHANGMO),"대한민국,남성,솔로",솔로
NICO Touches The Walls,일본/남성/그룹,그룹
Charice,"필리핀,여성,솔로",솔로
세븐틴,대한민국/남성/그룹,그룹
박제일,"대한민국,남성,솔로",솔로
디어 (d.ear),"대한민국,남성,솔로",솔로
유나 (ITZY),"대한민국,여성,솔로",솔로
増田俊樹,None
찬현,"대한민국,남성,솔로",솔로
살찐고양이,"대한민국,여성,솔로",솔로
장용준,"대한민국,솔로",솔로
Lasse Lindh,"스웨덴,남성,솔로",솔로
Junky Pie,대한민국/남성/그룹,그룹
フレンチ・キス,None
Fall Out Boy,미국/남성/그룹,그룹
Barry Manilow,"미국,남성,솔로",솔로
Fifth Harmony,미국/여성/그룹,그룹
チャン・グンソク,None
금비,"대한민국,여성,솔로",솔로
강성호,"대한민국,남성,솔로",솔로
설리 (SULLI),"대한민국,여성,솔로",솔로
홍실,"대한민국,여성,솔로",솔로
원펀치 (1PUNCH),대한민국/남성/그룹,그룹
다혜,"대한민국,여성,솔로",솔로
Sing Street,영국/남성/그룹,그룹
Duet.코타,None
朱亚文,None
J. Cole,"미국,남성,솔로",솔로
Raaban,"스웨덴,남성,솔로",솔로
이예린,"대한민국,여성,솔로",솔로
Dr. Dre,"미국,남성,솔로",솔로
offonoff (오프온오프),대한민국/남성/그룹,그룹
호피폴라,대한민국/남성/그룹,그룹
홍시은,"대한민국,여성,솔로",솔로
Zhou Shen,"중국,남성,솔로",솔로
육지담,"대한민국,여성,솔로",솔로
엄혜진,"대한민국,여성,솔로",솔로
배치기,대한민국/남성/그룹,그룹
허성정,"대한민국,남성,솔로",솔로
도희선,"대한민국,여성,솔로",솔로
박태진,"대한민국,남성,솔로",솔로
이해남,"대한민국,남성,솔로",솔로
황인엽,"대한민국,솔로",솔로
선데이 (SUNDAY),"대한민국,여성,솔로",솔로
정소녀,"대한민국,여성,솔로",솔로
Domoto Tsuyoshi,"일본,남성,솔로",솔로
양재동,"대한민국,남성,솔로",솔로
Weeekly (위클리),대한민국/여성/그룹,그룹
Flumpool,일본/남성/그룹,그룹
Timeless,"이스라엘,남성,솔로",솔로
董又霖,None
강균성 Solo,None
박윤하,"대한민국,여성,솔로",솔로
조은성,"대한민국,여성,솔로",솔로
정준영밴드,None
양홍원,"대한민국,남성,솔로",솔로
Ja Mezz,"대한민국,남성,솔로",솔로
Leona Lewis,"영국,여성,솔로",솔로
정승원,"대한민국,남성,솔로",솔로
윤상현,"대한민국,남성,솔로",솔로
황애란,"대한민국,여성,솔로",솔로
김경록 (V.O.S),"대한민국,남성,솔로",솔로
Jiselle,솔로,솔로
Ice Paper,"홍콩,남성,솔로",솔로
山内惠介,None
Hozier,"아일랜드,남성,솔로",솔로
레인보우 블랙,대한민국/여성/그룹,그룹
구름,"대한민국,남성,솔로",솔로
Triad Primus,None
최대한,"대한민국,남성,솔로",솔로
윤예담,"대한민국,남성,솔로",솔로
Jax Jones,"영국,남성,솔로",솔로
JC a.k.a 지은,None
최주연,솔로,솔로
루싸이트 토끼,대한민국/여성/그룹,그룹
Tiago Iorc,"브라질,남성,솔로",솔로
Band Wonderlust,대한민국/혼성/그룹,그룹
산들 Solo,None
박강수,"대한민국,여성,솔로",솔로
비타민,대한민국/여성/그룹,그룹
김성수,"대한민국,남성,솔로",솔로
강승원,"대한민국,남성,솔로",솔로
阿里郎,None
枯木逢春,None
Van Halen,미국/남성/그룹,그룹
장이정 (JANGYIJEONG),"대한민국,남성,솔로",솔로
Petit Rabbit's,None
소울다이브,대한민국/남성/그룹,그룹
문지은,"대한민국,여성,솔로",솔로
ADOY,대한민국/혼성/그룹,그룹
苏芮,None
데이먼스 이어 (Damons year),"대한민국,남성,솔로",솔로
Leslie Grace,"미국,여성,솔로",솔로
권진원,"대한민국,여성,솔로",솔로
西瓜JUN,None
라이어밴드,대한민국/남성/그룹,그룹
La.Q,"대한민국,남성,솔로",솔로
Yuna,"말레이시아,여성,솔로",솔로
김학래,"대한민국,남성,솔로",솔로
Andra Day,"미국,여성,솔로",솔로
뉴이스트 W,대한민국/남성/그룹,그룹
이기찬,"대한민국,남성,솔로",솔로
유니크노트 (Uniqnote),"대한민국,남성,솔로",솔로
넋업샨,"대한민국,남성,솔로",솔로
나인뮤지스A,대한민국/여성/그룹,그룹
테이크 아웃,대한민국/남성/그룹,그룹
Joe Brooks,"영국,남성,솔로",솔로
LCD Soundsystem,미국/혼성/그룹,그룹
유선호,"대한민국,남성,솔로",솔로
Erik Satie,솔로,솔로
Ella Henderson,"영국,여성,솔로",솔로
한세희,"대한민국,여성,솔로",솔로
만수,"대한민국,남성,솔로",솔로
언터쳐블,대한민국/남성/그룹,그룹
정세운,"대한민국,남성,솔로",솔로
쿠기 (Coogie),"대한민국,남성,솔로",솔로
심현주,"대한민국,여성,솔로",솔로
優里,None
THE UNI+,대한민국/그룹,그룹
티아라 N4,대한민국/여성/그룹,그룹
Blasterjaxx,네덜란드/남성/그룹,그룹
十四松,None
헤이걸스,대한민국/여성/그룹,그룹
fripSide,일본/혼성/그룹,그룹
승민이와 국민손자들,대한민국/남성/그룹,그룹
노블레스,"대한민국,남성,솔로",솔로
The Quett,None
보이프렌드,대한민국/남성/그룹,그룹
P.O (피오),"대한민국,남성,솔로",솔로
山野さと子,None
Mad Soul Child,대한민국/혼성/그룹,그룹
김하진,"대한민국,남성,솔로",솔로
孟凡明,"타이완,남성,솔로",솔로
최진이,"대한민국,여성,솔로",솔로
선경,"대한민국,여성,솔로",솔로
안영민,솔로,솔로
돕플라밍고 (Doplamingo),"대한민국,남성,솔로",솔로
용준형,"대한민국,남성,솔로",솔로
성원이,"대한민국,남성,솔로",솔로
콸라,"대한민국,남성,솔로",솔로
MADKID,"남성,솔로",솔로
"위 올 하이(요아리, 하진)",대한민국/여성/그룹,그룹
양수경,"대한민국,여성,솔로",솔로
Taio Cruz,"영국,남성,솔로",솔로
나도경,"대한민국,여성,솔로",솔로
홍찬미,"대한민국,여성,솔로",솔로
袁娅维,None
이민혁 (HUTA),"대한민국,남성,솔로",솔로
Rose de Penny,None
THE明星ロケッツ,None
The Wanted,영국/남성/그룹,그룹
유상록,"대한민국,남성,솔로",솔로
홍자,"대한민국,여성,솔로",솔로
신종욱,"대한민국,남성,솔로",솔로
Keebo,"대한민국,남성,솔로",솔로
진미령,"대한민국,여성,솔로",솔로
노창규,"대한민국,남성,솔로",솔로
박경 Solo,None
김은영,"대한민국,여성,솔로",솔로
김미도,"대한민국,솔로",솔로
리즈 (Leeds),"대한민국,여성,솔로",솔로
기리보이,"대한민국,남성,솔로",솔로
민호 (MINHO),"대한민국,남성,솔로",솔로
머쉬베놈 (MUSHVENOM),"대한민국,남성,솔로",솔로
정혜민,"대한민국,솔로",솔로
レーモンド松屋,None
Moritaka Chisato,"일본,여성,솔로",솔로
都はるみ,None
JBJ,대한민국/남성/그룹,그룹
치유,"대한민국,여성,솔로",솔로
엄태웅,"대한민국,남성,솔로",솔로
iann dior,"미국,남성,솔로",솔로
이진관,"대한민국,남성,솔로",솔로
Porno Graffitti,일본/남성/그룹,그룹
동이TV,None
YB,대한민국/남성/그룹,그룹
Weeekly (위클리),대한민국/여성/그룹,그룹
체리김,"여성,솔로",솔로
조원상,"대한민국,남성,솔로",솔로
고닥,"대한민국,남성,솔로",솔로
校长,None
I.M (아이엠),"대한민국,남성,솔로",솔로
김광석,"대한민국,남성,솔로",솔로
플로우식 (Flowsik),"미국,남성,솔로",솔로
몽니,대한민국/혼성/그룹,그룹
세정스님,솔로,솔로
김덕수패 사물놀이,대한민국/남성/그룹,그룹
옹성우,"대한민국,남성,솔로",솔로
Wall E,솔로,솔로
곽동현 (KWAK DONG HYUN),"대한민국,남성,솔로",솔로
salem ilese,"미국,여성,솔로",솔로
이병재,None
T-Pain,"미국,남성,솔로",솔로
주영,"대한민국,남성,솔로",솔로
홍진영,"대한민국,여성,솔로",솔로
박지훈,"대한민국,남성,솔로",솔로
주시크 (Joosiq),"대한민국,남성,솔로",솔로
PEEJAY,"대한민국,남성,솔로",솔로
코스믹 걸 (Cosmic Girl),"대한민국,여성,솔로",솔로
Inoue Sonoko,"일본,여성,솔로",솔로
Billionaire,대한민국/남성/그룹,그룹
전근화 (Weeky1),"대한민국,남성,솔로",솔로
放課後ティータイム,None
연정훈,"남성,솔로",솔로
Oscar Dunbar,"영국,남성,솔로",솔로
チョーヨンピル,None
듀에토,대한민국/남성/그룹,그룹
이조아,"대한민국,솔로",솔로
전승희,"대한민국,남성,솔로",솔로
새봄 (saevom),"대한민국,여성,솔로",솔로
Jamiroquai,영국/남성/그룹,그룹
미스에스,대한민국/여성/그룹,그룹
숙행,"대한민국,여성,솔로",솔로
숙행,"대한민국,여성,솔로",솔로
John Newman,"영국,남성,솔로",솔로
김도희,"대한민국,여성,솔로",솔로
Sexy Zone,None
이민호,"대한민국,남성,솔로",솔로
브로콜리너마저,대한민국/혼성/그룹,그룹
액터스초이스프로젝트,None
백련화,None
안지연,None
陈伟霆,None
임민지,"대한민국,여성,솔로",솔로
Ray Dalton,"미국,남성,솔로",솔로
박정식,"대한민국,남성,솔로",솔로
정훈희,"대한민국,여성,솔로",솔로
정훈희,"대한민국,여성,솔로",솔로
위키미키 (Weki Meki),대한민국/여성/그룹,그룹
위키미키 (Weki Meki),대한민국/여성/그룹,그룹
Muse,영국/남성/그룹,그룹
밤에,대한민국/남성/그룹,그룹
Nelly,"미국,남성,솔로",솔로
하울,"대한민국,남성,솔로",솔로
하울,"대한민국,남성,솔로",솔로
Ryo (Supercell),"일본,남성,솔로",솔로
Ryo (Supercell),"일본,남성,솔로",솔로
베이비소울 (러블리즈),"대한민국,여성,솔로",솔로
염아영,"대한민국,여성,솔로",솔로
Toni Braxton,"미국,여성,솔로",솔로
Mr.칠드런,대한민국/그룹,그룹
Mr.칠드런,대한민국/그룹,그룹
Mr.칠드런,대한민국/그룹,그룹
Mr.칠드런,대한민국/그룹,그룹
Ryan S. Jhun,솔로,솔로
거머리 (박명수 & 프라이머리),대한민국/남성/그룹,그룹
신명근,"대한민국,남성,솔로",솔로
달지,"대한민국,여성,솔로",솔로
달지,"대한민국,여성,솔로",솔로
업댓브라운 (UpThatBrown),대한민국/혼성/그룹,그룹
업댓브라운 (UpThatBrown),대한민국/혼성/그룹,그룹
Jonathan Rhys Meyers,"아일랜드,남성,솔로",솔로
스윙스,"대한민국,남성,솔로",솔로
모라 (Morra),"대한민국,여성,솔로",솔로
방재민,"대한민국,남성,솔로",솔로
방재민,"대한민국,남성,솔로",솔로
노현희,솔로,솔로
노현희,솔로,솔로
정선혜 외 3명,None
김수영,"대한민국,여성,솔로",솔로
크루셜스타 (Crucial Star),"대한민국,남성,솔로",솔로
장성규,"대한민국,솔로",솔로
장성규,"대한민국,솔로",솔로
창모 (CHANGMO),"대한민국,남성,솔로",솔로
창모 (CHANGMO),"대한민국,남성,솔로",솔로
기리보이,"대한민국,남성,솔로",솔로
조현민,"대한민국,남성,솔로",솔로
에픽하이 (EPIK HIGH),남성/그룹,그룹
"오레오 (이기, C-no, 웅킴)",대한민국/그룹,그룹
"오레오 (이기, C-no, 웅킴)",대한민국/그룹,그룹
Baauer,"미국,남성,솔로",솔로
Baauer,"미국,남성,솔로",솔로
재범,"대한민국,남성,솔로",솔로
간종욱,"대한민국,남성,솔로",솔로
Michelle Wright,"캐나다,여성,솔로",솔로
Focus,네덜란드/남성/그룹,그룹
Focus,네덜란드/남성/그룹,그룹
박상균(LA박피디),"대한민국,남성,솔로",솔로
박상균(LA박피디),"대한민국,남성,솔로",솔로
현자,"대한민국,여성,솔로",솔로
하야케,None
케이헌터,None
피카친구,"대한민국,솔로",솔로
피카친구,"대한민국,솔로",솔로
김채원,"대한민국,여성,솔로",솔로
김채원,"대한민국,여성,솔로",솔로
Berryz Koubou,일본/여성/그룹,그룹
MC Sniper,None
sajou no hana,일본/그룹,그룹
The Black Keys,미국/남성/그룹,그룹
The Black Keys,미국/남성/그룹,그룹
서림,"대한민국,솔로",솔로
서림,"대한민국,솔로",솔로
Kevin McCall,"미국,남성,솔로",솔로
진향란,"대한민국,여성,솔로",솔로
サイダーガール,None
Kristin Chenoweth,"미국,여성,솔로",솔로
Kristin Chenoweth,"미국,여성,솔로",솔로
김가희,"대한민국,여성,솔로",솔로
김가희,"대한민국,여성,솔로",솔로
임성현,"대한민국,남성,솔로",솔로
Duet.육성재,None
여자아이들,None
그루비룸 (GroovyRoom),대한민국/남성/그룹,그룹
서영은,"대한민국,여성,솔로",솔로
서영은,"대한민국,여성,솔로",솔로
서영은,"대한민국,여성,솔로",솔로
김성림,"대한민국,솔로",솔로
조성희,"대한민국,솔로",솔로
Future,"미국,남성,솔로",솔로
써니사이드MJ,None
클럽소울,None
클럽소울,대한민국/여성/그룹,그룹
클럽소울,대한민국/여성/그룹,그룹
Bekuh BOOM,"대한민국,솔로",솔로
Miura Daichi,"일본,남성,솔로",솔로
배소연,"대한민국,여성,솔로",솔로
순심이,"대한민국,여성,솔로",솔로
임태경,"대한민국,남성,솔로",솔로
임태경,"대한민국,남성,솔로",솔로
임태경,"대한민국,남성,솔로",솔로
원미연,"대한민국,여성,솔로",솔로
Devin Morrison,"미국,남성,솔로",솔로
김희진,"대한민국,여성,솔로",솔로
별사랑,"대한민국,여성,솔로",솔로
Sia,"오스트레일리아,여성,솔로",솔로
Sia,"오스트레일리아,여성,솔로",솔로
Sia,"오스트레일리아,여성,솔로",솔로
둘째이모 김다비,"대한민국,여성,솔로",솔로
Coda,오스트레일리아/혼성/그룹,그룹
서유석,"대한민국,남성,솔로",솔로
김길중,"대한민국,남성,솔로",솔로
김길중,"대한민국,남성,솔로",솔로
Toni Braxton,"미국,여성,솔로",솔로
Toni Braxton,"미국,여성,솔로",솔로
천러 (CHENLE),"중국,남성,솔로",솔로
배일호,"대한민국,남성,솔로",솔로
Eisuke Tsuda,"일본,남성,솔로",솔로
한올,"대한민국,여성,솔로",솔로
한올,"대한민국,여성,솔로",솔로
알맹,대한민국/혼성/그룹,그룹
알맹,대한민국/혼성/그룹,그룹
진태령,"대한민국,여성,솔로",솔로
John Farnham,"영국,남성,솔로",솔로
멜로망스,대한민국/남성/그룹,그룹
한수영,"대한민국,여성,솔로",솔로
이찬혁,"대한민국,남성,솔로",솔로
이찬혁,"대한민국,남성,솔로",솔로
이찬혁,"대한민국,남성,솔로",솔로
이찬혁,"대한민국,남성,솔로",솔로
크레용팝,대한민국/여성/그룹,그룹
Alicia Keys,"미국,여성,솔로",솔로
일리닛 (ILLINIT),"대한민국,남성,솔로",솔로
스카이민혁 (Skyminhyuk),"대한민국,남성,솔로",솔로
스카이민혁 (Skyminhyuk),"대한민국,남성,솔로",솔로
스카이민혁 (Skyminhyuk),"대한민국,남성,솔로",솔로
허소영,솔로,솔로
박태산,"대한민국,남성,솔로",솔로
김명국,"대한민국,남성,솔로",솔로
쥬얼리S,대한민국/여성/그룹,그룹
쥬얼리S,대한민국/여성/그룹,그룹
4minute,대한민국/여성/그룹,그룹
4minute,대한민국/여성/그룹,그룹
On/Off,독일/남성/그룹,그룹
김국환,"대한민국,남성,솔로",솔로
효정 (오마이걸),"대한민국,여성,솔로",솔로
제이투엠,대한민국/남성/그룹,그룹
제이투엠,대한민국/남성/그룹,그룹
더 클래식,대한민국/남성/그룹,그룹
더 클래식,대한민국/남성/그룹,그룹
Queen,영국/남성/그룹,그룹
임영민,"대한민국,남성,솔로",솔로
GD&TOP,대한민국/남성/그룹,그룹
GD&TOP,대한민국/남성/그룹,그룹
MC 메타,None
유현상,None
윤성기,None
Birdy Nam Nam,프랑스/남성/그룹,그룹
Sarah Brightman,"영국,여성,솔로",솔로
김현성,"대한민국,남성,솔로",솔로
이승윤,"대한민국,남성,솔로",솔로
진향난,"대한민국,여성,솔로",솔로
진향난,"대한민국,여성,솔로",솔로
김단아,None
ZAQ,"일본,여성,솔로",솔로
슬기둥,대한민국/혼성/그룹,그룹
"전소란과 유재석 (유재석, 전소민, 소란)",대한민국/혼성/그룹,그룹
AOA CREAM,대한민국/여성/그룹,그룹
AOA CREAM,대한민국/여성/그룹,그룹
하태웅,"대한민국,남성,솔로",솔로
하태웅,"대한민국,남성,솔로",솔로
KASHIWAGI YUKI,"일본,여성,솔로",솔로
남승민,"대한민국,남성,솔로",솔로
오종혁,"남성,솔로",솔로
문별 (마마무),"대한민국,여성,솔로",솔로
YUNHWAY,"대한민국,여성,솔로",솔로
YUNHWAY,"대한민국,여성,솔로",솔로
YUNHWAY,"대한민국,여성,솔로",솔로
예아라,"대한민국,여성,솔로",솔로
누구허니,None
Yonezu Kenshi,"일본,남성,솔로",솔로
BS2 (비에스투),"대한민국,남성,솔로",솔로
BS2 (비에스투),"대한민국,남성,솔로",솔로
정형돈,"대한민국,남성,솔로",솔로
정형돈,"대한민국,남성,솔로",솔로
정형돈,"대한민국,남성,솔로",솔로
백호 Solo,None
Drake,"캐나다,남성,솔로",솔로
郑亦辰,None
유예진,None
유예진,"대한민국,여성,솔로",솔로
박수용,"대한민국,솔로",솔로
박수용,"대한민국,솔로",솔로
진원,"대한민국,남성,솔로",솔로
유규상 (보헤미안),"대한민국,남성,솔로",솔로
리듬킹 (RTMKNG),"대한민국,남성,솔로",솔로
여은,"대한민국,여성,솔로",솔로
여은,"대한민국,여성,솔로",솔로
여은,"대한민국,여성,솔로",솔로
윤닭 (오브로젝트),"대한민국,남성,솔로",솔로
Rivers Cuomo,"미국,남성,솔로",솔로
김민교,"대한민국,남성,솔로",솔로
Trigger,"미국,남성,솔로",솔로
Trigger,"미국,남성,솔로",솔로
나미,"대한민국,여성,솔로",솔로
씨스타19,대한민국/여성/그룹,그룹
씨스타19,대한민국/여성/그룹,그룹
이주혁,"대한민국,남성,솔로",솔로
Simon & Garfunkel,미국/남성/그룹,그룹
신채연,"대한민국,여성,솔로",솔로
The Quiett,"대한민국,남성,솔로",솔로
The Quiett,"대한민국,남성,솔로",솔로
양근영,"대한민국,솔로",솔로
옥주현,"대한민국,여성,솔로",솔로
박찬영,"대한민국,남성,솔로",솔로
JR (뉴이스트),"대한민국,남성,솔로",솔로
halyosy,None
자이언트핑크,"대한민국,여성,솔로",솔로
자이언트핑크,"대한민국,여성,솔로",솔로
이종훈,"대한민국,남성,솔로",솔로
이종훈,"대한민국,남성,솔로",솔로
Adam Levine,"미국,남성,솔로",솔로
CHANGMO 외 10명,None
Corrinne May,"싱가포르,여성,솔로",솔로
은혁 (EUNHYUK),"대한민국,남성,솔로",솔로
은혁 (EUNHYUK),"대한민국,남성,솔로",솔로
정예원,솔로,솔로
정예원,솔로,솔로
BewhY (비와이),"대한민국,남성,솔로",솔로
Bradley Cooper,"미국,남성,솔로",솔로
채은옥,"대한민국,여성,솔로",솔로
동화 배달부 레몽,"대한민국,솔로",솔로
동화 배달부 레몽,"대한민국,솔로",솔로
Lil Durk,"미국,남성,솔로",솔로
Lil Durk,"미국,남성,솔로",솔로
윤태화,"대한민국,여성,솔로",솔로
라코스테남,None
강지현,"대한민국,여성,솔로",솔로
참소녀,대한민국/여성/그룹,그룹
참소녀,대한민국/여성/그룹,그룹
손민채,"대한민국,여성,솔로",솔로
손민채,"대한민국,여성,솔로",솔로
김윤아,"대한민국,여성,솔로",솔로
DRIPPIN (드리핀),대한민국/남성/그룹,그룹
EXO,대한민국/남성/그룹,그룹
김상배,"대한민국,솔로",솔로
김상배,"대한민국,솔로",솔로
주호,"대한민국,남성,솔로",솔로
스페이스카우보이 (SPACECOWBOY),"대한민국,남성,솔로",솔로
이문세,"대한민국,남성,솔로",솔로
신우상,"대한민국,남성,솔로",솔로
김새해,"대한민국,솔로",솔로
버블디아 (bubbledia),"대한민국,여성,솔로",솔로
송기창,"대한민국,남성,솔로",솔로
우혜미,"대한민국,여성,솔로",솔로
우혜미,"대한민국,여성,솔로",솔로
체스카,None
Sabrina Carpenter,None
Mr.Children,일본/남성/그룹,그룹
原慎一郎,None
가리온,대한민국/남성/그룹,그룹
Monkey Majik,일본/남성/그룹,그룹
Monkey Majik,일본/남성/그룹,그룹
애프터스쿨 RED,대한민국/여성/그룹,그룹
애프터스쿨 RED,대한민국/여성/그룹,그룹
김충훈,"대한민국,남성,솔로",솔로
김효수,"대한민국,여성,솔로",솔로
COMMON GROUND (커먼그라운드),대한민국/남성/그룹,그룹
COMMON GROUND (커먼그라운드),대한민국/남성/그룹,그룹
베리굿 (BerryGood),대한민국/여성/그룹,그룹
CLUBESKIMO,None
미녀와야수,None
사이먼 도미닉,"대한민국,남성,솔로",솔로
랍티미스트,"대한민국,남성,솔로",솔로
홍잠언,"대한민국,남성,솔로",솔로
해오라기,대한민국/혼성/그룹,그룹
하현곤팩토리,None
A Fine Frenzy,None
A Fine Frenzy,"미국,여성,솔로",솔로
A Fine Frenzy,"미국,여성,솔로",솔로
Sowelu,"일본,여성,솔로",솔로
에이핑크 BnN,None
제이큐(JQ),"대한민국,남성,솔로",솔로
EVERGLOW (에버글로우),대한민국/여성/그룹,그룹
EVERGLOW (에버글로우),대한민국/여성/그룹,그룹
EVERGLOW (에버글로우),대한민국/여성/그룹,그룹
EVERGLOW (에버글로우),대한민국/여성/그룹,그룹
Troye Sivan,"오스트레일리아,남성,솔로",솔로
Narr.버벌진트,None
성태 (포스트맨),"대한민국,남성,솔로",솔로
크리스탈 (KRYSTAL),"미국,여성,솔로",솔로
크리스탈 (KRYSTAL),"미국,여성,솔로",솔로
ZAYN,"영국,남성,솔로",솔로
ZAYN,"영국,남성,솔로",솔로
Exile Atsushi,"일본,남성,솔로",솔로
刘若英,None
박주원,솔로,솔로
윤수일,"대한민국,남성,솔로",솔로
키네틱 플로우,대한민국/남성/그룹,그룹
키네틱 플로우,대한민국/남성/그룹,그룹
남태현,솔로,솔로
남태현,솔로,솔로
남태현,솔로,솔로
솔튼페이퍼,"대한민국,남성,솔로",솔로
神威がくぽ,None
최지윤 (153/Joombas),"대한민국,솔로",솔로
Machico,일본/그룹,그룹
Machico,일본/그룹,그룹
프로듀스101,None
송이한,None
강진,"대한민국,남성,솔로",솔로
경리 (나인뮤지스),"대한민국,여성,솔로",솔로
문성욱,"대한민국,남성,솔로",솔로
블루웨일 (Blue whale),"남성,솔로",솔로
블루웨일 (Blue whale),"남성,솔로",솔로
Tory Lanez,"캐나다,남성,솔로",솔로
Tory Lanez,"캐나다,남성,솔로",솔로
電ポルP,None
Kenny Rogers,"미국,남성,솔로",솔로
Why Don't We,None
스타쉽플래닛,None
Narr.신해철,None
Potent,None
Potent,"대한민국,솔로",솔로
Beenzino,None
j-hope,"대한민국,남성,솔로",솔로
Da Pump,일본/남성/그룹,그룹
상추,"대한민국,남성,솔로",솔로
안치환,"대한민국,남성,솔로",솔로
안치환,"대한민국,남성,솔로",솔로
견우와 직녀,대한민국/혼성/그룹,그룹
견우와 직녀,대한민국/혼성/그룹,그룹
행주,"대한민국,남성,솔로",솔로
투나이스,대한민국/남성/그룹,그룹
Ruel,"오스트레일리아,남성,솔로",솔로
Hundred Percent Free,일본/남성/그룹,그룹
Hundred Percent Free,일본/남성/그룹,그룹
이루마,"대한민국,남성,솔로",솔로
이루마,"대한민국,남성,솔로",솔로
NY물고기,"대한민국,남성,솔로",솔로
요셉 (YOSEPH THE ARTIST),"대한민국,남성,솔로",솔로
jeebanoff (지바노프),"대한민국,남성,솔로",솔로
韩安旭,None
Uru,"일본,여성,솔로",솔로
Uru,"일본,여성,솔로",솔로
Uru,"일본,여성,솔로",솔로
전웅 (AB6IX),"대한민국,남성,솔로",솔로
Ariana Grande,"미국,여성,솔로",솔로
halca,"일본,여성,솔로",솔로
EXID,대한민국/여성/그룹,그룹
EXID,대한민국/여성/그룹,그룹
로시 (Rothy),"대한민국,여성,솔로",솔로
Fukuda Kohei,"일본,남성,솔로",솔로
GXXD,None
jeebanoff,None
혜정 (AOA),"대한민국,여성,솔로",솔로
のぼる↑Ｐ,None
Yultron,"미국,남성,솔로",솔로
김건모,"대한민국,남성,솔로",솔로
김건모,"대한민국,남성,솔로",솔로
이원종,"대한민국,남성,솔로",솔로
이원종,"대한민국,남성,솔로",솔로
회기동사람들,대한민국/혼성/그룹,그룹
민정아,"대한민국,여성,솔로",솔로
씨야,대한민국/여성/그룹,그룹
두번째달,대한민국/혼성/그룹,그룹
두번째달,대한민국/혼성/그룹,그룹
이승협 (J.DON),"대한민국,남성,솔로",솔로
이승협 (J.DON),"대한민국,남성,솔로",솔로
 by WOOGIE,None
Anderson .Paak,"미국,남성,솔로",솔로
김범룡,"대한민국,남성,솔로",솔로
박상철,"대한민국,남성,솔로",솔로
Andy Williams,"미국,남성,솔로",솔로
Andy Williams,"미국,남성,솔로",솔로
시현,"대한민국,여성,솔로",솔로
송승현 (FT아일랜드),"대한민국,남성,솔로",솔로
Of BEAST,None
Hip Job,대한민국/남성/그룹,그룹
A.C.E (에이스),대한민국/남성/그룹,그룹
V,"대한민국,남성,솔로",솔로
V,"대한민국,남성,솔로",솔로
영재,None
김형우,None
고유진 (플라워),"대한민국,남성,솔로",솔로
홍이삭,"남성,솔로",솔로
Miyuki Nakajima,"일본,여성,솔로",솔로
사나,"일본,여성,솔로",솔로
도현아,"대한민국,여성,솔로",솔로
JINU (김진우),"대한민국,남성,솔로",솔로
미르,"대한민국,남성,솔로",솔로
Beverly,"여성,솔로",솔로
최강희,"대한민국,여성,솔로",솔로
박봄 (Park Bom),"대한민국,여성,솔로",솔로
Jon Bellion,"미국,남성,솔로",솔로
No Noo,"대한민국,솔로",솔로
I.M (아이엠),"대한민국,남성,솔로",솔로
현철,"대한민국,남성,솔로",솔로
ROZES,"미국,여성,솔로",솔로
The VIBE Family,대한민국/그룹,그룹
나무자전거,대한민국/남성/그룹,그룹
정석원,"대한민국,남성,솔로",솔로
HUS (허밍어반스테레오),"대한민국,남성,솔로",솔로
Sade,영국/혼성/그룹,그룹
Prizmmy,None
日向電工,None
Special Ment. 엄앵란,None
Verdine White,None
김유이,"대한민국,여성,솔로",솔로
정은지,"대한민국,여성,솔로",솔로
AAA (Triple A),일본/혼성/그룹,그룹
울랄라세션,대한민국/남성/그룹,그룹
Romy Wave,"대한민국,솔로",솔로
Olivia O'Brien,None
박성현,"대한민국,남성,솔로",솔로
Tori Kelly,"미국,여성,솔로",솔로
하현상,"대한민국,남성,솔로",솔로
LANY,미국/남성/그룹,그룹
易烊千玺,None
Tomine Harket,"노르웨이,여성,솔로",솔로
젝스키스,대한민국/남성/그룹,그룹
Galileo Galilei,일본/남성/그룹,그룹
김나영,"대한민국,여성,솔로",솔로
박혜원,"대한민국,여성,솔로",솔로
호란,"대한민국,여성,솔로",솔로
플로우식 (Flowsik),"미국,남성,솔로",솔로
Hannah Montana,"미국,여성,솔로",솔로
양순이,"대한민국,남성,솔로",솔로
Bastille,영국/남성/그룹,그룹
오동환,"대한민국,남성,솔로",솔로
권정열,"대한민국,남성,솔로",솔로
허태우,"대한민국,남성,솔로",솔로
도로시 (Dorothy),대한민국/여성/그룹,그룹
배동성,"대한민국,남성,솔로",솔로
JC지은,"대한민국,여성,솔로",솔로
전부성,"대한민국,남성,솔로",솔로
Narr.김대희,None
지장원,"대한민국,남성,솔로",솔로
Normani,"미국,여성,솔로",솔로
송은이,"대한민국,여성,솔로",솔로
Lil tachi,"대한민국,남성,솔로",솔로
BIG Naughty (서동현),"대한민국,남성,솔로",솔로
박주용,"대한민국,솔로",솔로
MJ (ASTRO),"대한민국,남성,솔로",솔로
Jvcki Wai,"대한민국,여성,솔로",솔로
김정훈,"대한민국,남성,솔로",솔로
2 Chainz,"미국,남성,솔로",솔로
한승연,"대한민국,여성,솔로",솔로
파란,대한민국/남성/그룹,그룹
조아랑,"대한민국,여성,솔로",솔로
한여름,"대한민국,여성,솔로",솔로
조이 (JOY),"대한민국,여성,솔로",솔로
ASTRO (아스트로),대한민국/남성/그룹,그룹
김현식,"대한민국,남성,솔로",솔로
문희성,솔로,솔로
최락,"대한민국,남성,솔로",솔로
최유정 (Weki Meki),"대한민국,여성,솔로",솔로
얼돼 (Errday Jinju),"대한민국,남성,솔로",솔로
She's,None
照井春佳,None
Rip Slyme,일본/남성/그룹,그룹
허주,"대한민국,남성,솔로",솔로
FNRL.,솔로,솔로
루커스 (LU:KUS),대한민국/남성/그룹,그룹
프리티백,"대한민국,여성,솔로",솔로
원어스 (ONEUS),대한민국/남성/그룹,그룹
조혜련,"대한민국,여성,솔로",솔로
TJR,"미국,남성,솔로",솔로
Bazzi,"미국,남성,솔로",솔로
윤길,"대한민국,남성,솔로",솔로
한예슬,"대한민국,여성,솔로",솔로
Fabolous,"미국,남성,솔로",솔로
함춘호,"대한민국,남성,솔로",솔로
현당,"대한민국,남성,솔로",솔로
Madeleine Peyroux,"미국,여성,솔로",솔로
에브리 싱글 데이,대한민국/남성/그룹,그룹
 by 프라이머리,None
Luizy,"대한민국,솔로",솔로
김규종,"대한민국,남성,솔로",솔로
Lauren Bennett,"영국,여성,솔로",솔로
John K,"미국,남성,솔로",솔로
정재욱,"대한민국,남성,솔로",솔로
GReeeeN,일본/남성/그룹,그룹
OneRepublic,미국/남성/그룹,그룹
지아,"대한민국,여성,솔로",솔로
邓丽君,None
임한별,"대한민국,남성,솔로",솔로
Joanna Wang,"타이완,여성,솔로",솔로
안예은,"대한민국,여성,솔로",솔로
니브 (NIve),"대한민국,남성,솔로",솔로
인동남,"대한민국,남성,솔로",솔로
팬텀,대한민국/남성/그룹,그룹
김윤주,"대한민국,여성,솔로",솔로
45RPM,대한민국/남성/그룹,그룹
오케이션 (Okasian),"대한민국,남성,솔로",솔로
시애나,"대한민국,여성,솔로",솔로
長江里加,None
슬로디 (Slou.D),대한민국/남성/그룹,그룹
백호 (뉴이스트),"대한민국,남성,솔로",솔로
김국헌 (비오브유),"대한민국,남성,솔로",솔로
송유나,"대한민국,여성,솔로",솔로
MC그리,None
benny blanco,"미국,남성,솔로",솔로
진민호,"대한민국,솔로",솔로
湘南乃風,None
野津山幸宏,None
王琪,None
Niall Horan,"아일랜드,남성,솔로",솔로
Naomi Scott,"영국,여성,솔로",솔로
뉴챔프,"대한민국,남성,솔로",솔로
Jack Harlow,"미국,남성,솔로",솔로
The 1975,영국/남성/그룹,그룹
현만,"대한민국,남성,솔로",솔로
노티스노트 (Notice Note),"대한민국,남성,솔로",솔로
HEAVENZ UNDERWORLD,"남성,솔로",솔로
류수정 (러블리즈),"대한민국,여성,솔로",솔로
김성호,"대한민국,남성,솔로",솔로
Nana Mouskouri,"그리스,여성,솔로",솔로
김형중,"대한민국,남성,솔로",솔로
장민호랑나비,대한민국/남성/그룹,그룹
So!YoON! (황소윤),"대한민국,여성,솔로",솔로
伊瀨茉莉也,None
유회승 (N.Flying),"대한민국,남성,솔로",솔로
최엘비 (CHOILB),"대한민국,남성,솔로",솔로
ブラックダイヤモンズ,None
WizKid,"나이지리아,남성,솔로",솔로
서 준,"대한민국,솔로",솔로
胡洛馨,None
015B,대한민국/남성/그룹,그룹
Britt Nicole,"미국,여성,솔로",솔로
걸스데이,대한민국/여성/그룹,그룹
강요환,"대한민국,남성,솔로",솔로
남산애,"대한민국,솔로",솔로
B.I,"대한민국,남성,솔로",솔로
코어매거진 (COREMAGAZINE),대한민국/혼성/그룹,그룹
Big Sean,"미국,남성,솔로",솔로
신종훈,"대한민국,남성,솔로",솔로
인피니트H,대한민국/남성/그룹,그룹
다원,"대한민국,남성,솔로",솔로
Mykey,"미국,남성,솔로",솔로
써니사이드 MJ,None
아이언,"대한민국,남성,솔로",솔로
곽진언,"대한민국,남성,솔로",솔로
BOYCOLD,"대한민국,솔로",솔로
김수찬,"대한민국,남성,솔로",솔로
라성일,"대한민국,남성,솔로",솔로
유진주,"대한민국,여성,솔로",솔로
ササノマリイ,None
더필름,"대한민국,남성,솔로",솔로
結月ゆかり,None
Don Mills,"대한민국,남성,솔로",솔로
와사비사운드,대한민국/남성/그룹,그룹
jeebanoff (지바노프),"대한민국,남성,솔로",솔로
Shannon,"미국,여성,솔로",솔로
山口百恵,None
Gym Class Heroes,미국/남성/그룹,그룹
"쀼 (육성재, 조이)",대한민국/혼성/그룹,그룹
mewhan,"일본,여성,솔로",솔로
Aqua Timez,일본/혼성/그룹,그룹
Lloyd,"미국,남성,솔로",솔로
원티드,대한민국/남성/그룹,그룹
소리엘,대한민국/남성/그룹,그룹
ONEWE,None
KOHD,"남성,솔로",솔로
Robin Schulz,"독일,남성,솔로",솔로
Wands,일본/남성/그룹,그룹
한동한,"대한민국,남성,솔로",솔로
저드 (jerd),"대한민국,여성,솔로",솔로
WOOZI (SEVENTEEN),"대한민국,남성,솔로",솔로
Richard Yongjae O'Neill (리처드 용재 오닐),"미국,남성,솔로",솔로
plusNONE,"대한민국,솔로",솔로
A One,영국/남성/그룹,그룹
레이나 Solo,None
Quavo,"미국,남성,솔로",솔로
Zac Efron,"미국,남성,솔로",솔로
T.O.P,"대한민국,남성,솔로",솔로
#Gun,"대한민국,남성,솔로",솔로
Calum Scott,"영국,남성,솔로",솔로
보아 (BoA),"대한민국,여성,솔로",솔로
희영,"대한민국,여성,솔로",솔로
식보이 (Sikboy),"미국,남성,솔로",솔로
핫샷 (HOTSHOT),대한민국/남성/그룹,그룹
山下七海,None
어쿠루브,대한민국/남성/그룹,그룹
추가열,"대한민국,남성,솔로",솔로
고성현,"대한민국,남성,솔로",솔로
김창선,"대한민국,남성,솔로",솔로
DJ Dopsh,None
정미애,"대한민국,여성,솔로",솔로
서정아,"여성,솔로",솔로
DOKO (도코),"대한민국,남성,솔로",솔로
장추자,None
武内駿輔,None
李袁杰,None
비스트,대한민국/남성/그룹,그룹
YUNHWAY,"대한민국,여성,솔로",솔로
Ann Jacobs,솔로,솔로
미스티 블루,대한민국/혼성/그룹,그룹
Sid,일본/남성/그룹,그룹
 by 로코베리,None
조규철,"대한민국,남성,솔로",솔로
하진 (HAJIN),"대한민국,여성,솔로",솔로
수퍼비,"대한민국,남성,솔로",솔로
리와인드,대한민국/남성/그룹,그룹
Naomi Scott,"영국,여성,솔로",솔로
D.Theo,"대한민국,남성,솔로",솔로
성시경,"대한민국,남성,솔로",솔로
種崎敦美,None
화려강산,대한민국/여성/그룹,그룹
영민 (브리튼 치즈),"대한민국,남성,솔로",솔로
이덕용,"대한민국,남성,솔로",솔로
찬열 (CHANYEOL),"대한민국,남성,솔로",솔로
정동하,"대한민국,남성,솔로",솔로
장연주,"대한민국,여성,솔로",솔로
765PRO ALLSTARS,None
비스트,대한민국/남성/그룹,그룹
우주소녀,대한민국/여성/그룹,그룹
Aerosmith,미국/남성/그룹,그룹
Bless4,일본/혼성/그룹,그룹
미스터 붐 박스,"대한민국,남성,솔로",솔로
서지안,"대한민국,남성,솔로",솔로
菅田将暉,None
옥탑방 작업실,대한민국/남성/그룹,그룹
최준,"대한민국,남성,솔로",솔로
Narr.SBS,None
Cobra Starship,미국/혼성/그룹,그룹
김진환,"대한민국,남성,솔로",솔로
どうぶつビスケッツxPPP,None
NASON,"대한민국,남성,솔로",솔로
신일국,"대한민국,남성,솔로",솔로
임수,"대한민국,남성,솔로",솔로
금채원,"대한민국,여성,솔로",솔로
원호 (WONHO),"남성,솔로",솔로
Nutty,"대한민국,솔로",솔로
손빈아,"대한민국,남성,솔로",솔로
한가빈,"대한민국,여성,솔로",솔로
Five For Fighting,"미국,남성,솔로",솔로
Radiohead,영국/남성/그룹,그룹
SEKAI NO OWARI,일본/혼성/그룹,그룹
미란이 외 19명,None
Akeboshi (明星),"일본,남성,솔로",솔로
원슈타인,"대한민국,솔로",솔로
전철민,"대한민국,남성,솔로",솔로
남혁,"대한민국,남성,솔로",솔로
Sting,"영국,남성,솔로",솔로
비비 (BIBI),"대한민국,여성,솔로",솔로
유아 (오마이걸),"대한민국,여성,솔로",솔로
서진영,"대한민국,여성,솔로",솔로
MIIII,None
Camila Cabello,"미국,여성,솔로",솔로
최예근 밴드,대한민국/혼성/그룹,그룹
Zion.T,"대한민국,남성,솔로",솔로
박정민,"대한민국,남성,솔로",솔로
더 씨야,대한민국/여성/그룹,그룹
최연숙,"대한민국,여성,솔로",솔로
민해경,"대한민국,여성,솔로",솔로
김규목,"대한민국,남성,솔로",솔로
Jonas Blue,"영국,남성,솔로",솔로
김진호 (SG워너비),"대한민국,남성,솔로",솔로
어반스페이스,"대한민국,여성,솔로",솔로
엘키 (CLC),"홍콩,여성,솔로",솔로
하춘화,"대한민국,여성,솔로",솔로
함중아와 양키스,대한민국/남성/그룹,그룹
G.R.L.,미국/여성/그룹,그룹
신승태,"대한민국,남성,솔로",솔로
이병철,"대한민국,남성,솔로",솔로
이혜영,"대한민국,여성,솔로",솔로
조영경,"대한민국,여성,솔로",솔로
제국의아이들 (ZE:A),대한민국/남성/그룹,그룹
큐티엘,대한민국/여성/그룹,그룹
이찬원,"대한민국,남성,솔로",솔로
팔로알토 (Paloalto),"대한민국,남성,솔로",솔로
지화숙,"대한민국,여성,솔로",솔로
Silly Boot,솔로,솔로
차여울밴드,대한민국/혼성/그룹,그룹
이정현,"대한민국,여성,솔로",솔로
김신의 (몽니),"대한민국,남성,솔로",솔로
Selena Gomez,"미국,여성,솔로",솔로
TREASURE (트레저),대한민국/남성/그룹,그룹
Nulbarich,일본/그룹,그룹
산들,"대한민국,남성,솔로",솔로
소녀시대 (GIRLS' GENERATION),대한민국/여성/그룹,그룹
Narr.배철수,None
정효빈,"대한민국,여성,솔로",솔로
미스티 블루,대한민국/혼성/그룹,그룹
김민정,"대한민국,솔로",솔로
강민수(AQUINAS),"대한민국,남성,솔로",솔로
Natalie Cole,"미국,여성,솔로",솔로
XYZ,솔로,솔로
김나윤,"대한민국,여성,솔로",솔로
차성연,"대한민국,여성,솔로",솔로
박해성,"대한민국,남성,솔로",솔로
DJ DOC,대한민국/남성/그룹,그룹
sogumm,"대한민국,여성,솔로",솔로
Celine Dion,"캐나다,여성,솔로",솔로
권인하,"대한민국,남성,솔로",솔로
朱兴东,None
Agee Expression,"대한민국,남성,솔로",솔로
김민기,"대한민국,남성,솔로",솔로
박혜수,"대한민국,솔로",솔로
정동원,"대한민국,남성,솔로",솔로
강순동,"대한민국,솔로",솔로
양파,"대한민국,여성,솔로",솔로
北島三郎,None
박용인 (어반자카파),"대한민국,남성,솔로",솔로
박서우,"대한민국,여성,솔로",솔로
华晨宇,None
블랙나인 (BLACK NINE),"대한민국,남성,솔로",솔로
김정수,"대한민국,남성,솔로",솔로
CYaRon!,None
이한울,"대한민국,남성,솔로",솔로
Crystal Bernard,"미국,여성,솔로",솔로
Lil Wayne,"미국,남성,솔로",솔로
제시 (Jessi),"미국,여성,솔로",솔로
WOODZ (조승연),"대한민국,남성,솔로",솔로
Hikaru Utada (우타다 히카루),"일본,여성,솔로",솔로
William Singe,"오스트레일리아,남성,솔로",솔로
Sukima Switch,일본/남성/그룹,그룹
김소연,"대한민국,여성,솔로",솔로
지윤해,"대한민국,남성,솔로",솔로
휴우,솔로,솔로
Cherry B (체리비),"대한민국,여성,솔로",솔로
윤산하 (ASTRO),"대한민국,남성,솔로",솔로
Vinida,None
조정민,"대한민국,여성,솔로",솔로
이이경,"대한민국,남성,솔로",솔로
클로버,대한민국/혼성/그룹,그룹
주희,"대한민국,여성,솔로",솔로
門脇陸男,None
차은우 (ASTRO),"대한민국,남성,솔로",솔로
Brave Sound,None
The Civil Wars,미국/혼성/그룹,그룹
블루 (BLOO),"대한민국,남성,솔로",솔로
김정민,"대한민국,남성,솔로",솔로
Duffy,"영국,여성,솔로",솔로
김유나,"여성,솔로",솔로
BRLLNT,"대한민국,남성,솔로",솔로
서지희,None
윤지성,"대한민국,남성,솔로",솔로
 by Yosi,None
弦子,None
Ken Hirai,"일본,남성,솔로",솔로
태훈,"대한민국,남성,솔로",솔로
나상도,"대한민국,남성,솔로",솔로
TOIL,"대한민국,남성,솔로",솔로
김지수,"대한민국,남성,솔로",솔로
황태자,"대한민국,남성,솔로",솔로
Zion.T,"대한민국,남성,솔로",솔로
이윤지,"대한민국,여성,솔로",솔로
이윤지,"대한민국,여성,솔로",솔로
주이,"대한민국,여성,솔로",솔로
주이,"대한민국,여성,솔로",솔로
CL,"대한민국,여성,솔로",솔로
김나무,"대한민국,남성,솔로",솔로
용감한 홍차,대한민국/남성/그룹,그룹
은규미,"대한민국,여성,솔로",솔로
유성은,"대한민국,여성,솔로",솔로
유성은,"대한민국,여성,솔로",솔로
한혜진,"대한민국,여성,솔로",솔로
Lorde,"뉴질랜드,여성,솔로",솔로
Sora Amamiya,"일본,여성,솔로",솔로
사비나앤드론즈,"대한민국,여성,솔로",솔로
오마이걸 (OH MY GIRL),대한민국/여성/그룹,그룹
茅原実里,None
21 Savage,"도미니카,남성,솔로",솔로
Kozai Kaori,"일본,여성,솔로",솔로
정재윤 (Tula),"대한민국,남성,솔로",솔로
비상구,대한민국/남성/그룹,그룹
LANY,미국/남성/그룹,그룹
위정희,"대한민국,여성,솔로",솔로
손호영,None
Frente!,오스트레일리아/혼성/그룹,그룹
장재인,"대한민국,여성,솔로",솔로
Amine,"미국,남성,솔로",솔로
최현석,"대한민국,남성,솔로",솔로
신동 (SHINDONG),"대한민국,남성,솔로",솔로
洛晴,None
J.Lee,"대한민국,남성,솔로",솔로
성은,"대한민국,여성,솔로",솔로
Clean Bandit,영국/혼성/그룹,그룹
슬옹,None
Black Eyed Peas,미국/혼성/그룹,그룹
三門忠司,None
느낌좋지윤,None
Halesy,None
南宫嘉骏,None
키노 (펜타곤),"대한민국,남성,솔로",솔로
Ziontifik,스페인/남성/그룹,그룹
페이지,"대한민국,여성,솔로",솔로
이한중,"대한민국,남성,솔로",솔로
Nakanoke no Itsutsugo,일본/그룹,그룹
박우철,"대한민국,솔로",솔로
라도,"대한민국,남성,솔로",솔로
윤지영,"대한민국,여성,솔로",솔로
홍진주,"대한민국,여성,솔로",솔로
RAYE,"영국,여성,솔로",솔로
La La Land Cast,"미국,솔로",솔로
Vocal 다비치,None
데니안,"미국,남성,솔로",솔로
天野春子,None
성민지,"대한민국,여성,솔로",솔로
Michael Bolton,"미국,남성,솔로",솔로
브라더수,"대한민국,남성,솔로",솔로
범키,"대한민국,남성,솔로",솔로
복수미,"대한민국,여성,솔로",솔로
Clever,"남성,솔로",솔로
Zeenan,"대한민국,남성,솔로",솔로
시우민 (XIUMIN),"대한민국,남성,솔로",솔로
房东的猫,None
Take#1,"대한민국,솔로",솔로
맴맴,대한민국/남성/그룹,그룹
박규리 (카라),"대한민국,여성,솔로",솔로
김진영,"대한민국,여성,솔로",솔로
박보근,"대한민국,남성,솔로",솔로
Haley Reinhart,"미국,여성,솔로",솔로
F.Cuz,None
GRAY (그레이),"대한민국,남성,솔로",솔로
전우성 Solo,None
吴奇隆,None
周笔畅,None
스테파니 (STEPHANIE),"대한민국,여성,솔로",솔로
장현승,"대한민국,남성,솔로",솔로
조재일,"대한민국,남성,솔로",솔로
오선지,대한민국/혼성/그룹,그룹
Lily Allen,"영국,여성,솔로",솔로
손승연,"대한민국,여성,솔로",솔로
손준혁,"대한민국,남성,솔로",솔로
Elaine Paige,"영국,여성,솔로",솔로
Hoody (후디),"대한민국,여성,솔로",솔로
후니훈,"대한민국,남성,솔로",솔로
かいりきベア / Kairiki Bear,"일본,솔로",솔로
먼데이 키즈 (Monday Kiz),"대한민국,남성,솔로",솔로
정성영,"대한민국,남성,솔로",솔로
지연,"대한민국,여성,솔로",솔로
인피니트,대한민국/남성/그룹,그룹
유성은,"대한민국,여성,솔로",솔로
地縛少年バンド / Jibaku Shonen Band (지바쿠 소년 밴드),"일본,남성,솔로",솔로
以冬,None
西川貴教,None
메이다니 (MAYDONI),"대한민국,여성,솔로",솔로
이동욱,"대한민국,남성,솔로",솔로
천숙경,"대한민국,여성,솔로",솔로
青山テルマ,None
윤딴딴,"대한민국,남성,솔로",솔로
펜타곤,대한민국/남성/그룹,그룹
김연준,"대한민국,남성,솔로",솔로
Lil Jon,"미국,남성,솔로",솔로
브라운 아이드 소울,대한민국/남성/그룹,그룹
Imagine Dragons,미국/남성/그룹,그룹
Rudimental,영국/남성/그룹,그룹
진보,"대한민국,남성,솔로",솔로
애프터스쿨 BLUE,대한민국/여성/그룹,그룹
周兴哲,None
먼치맨(MUNCHMAN),"대한민국,남성,솔로",솔로
봄여름가을겨울,대한민국/남성/그룹,그룹
Yescoba,"대한민국,솔로",솔로
milet,"일본,여성,솔로",솔로
이지영,솔로,솔로
Olly Murs,"영국,남성,솔로",솔로
Nile Rodgers,"미국,남성,솔로",솔로
라즈베리필드,"대한민국,여성,솔로",솔로
Amine,"미국,남성,솔로",솔로
Rachel Platten,"미국,여성,솔로",솔로
WHITE GRAVITY,None
Cosmic Boy,"대한민국,남성,솔로",솔로
아이오아이 (I.O.I),대한민국/여성/그룹,그룹
HRVY,"영국,남성,솔로",솔로
Lazier,"대한민국,솔로",솔로
Iggy Azalea,"오스트레일리아,여성,솔로",솔로
Disclosure,영국/남성/그룹,그룹
HYPNOSISMIC -D.R.B- (Bad Ass Temple),"일본,남성,솔로",솔로
우디즈,None
双笙,None
Buono!,일본/여성/그룹,그룹
나순애,"대한민국,여성,솔로",솔로
이하정,"대한민국,여성,솔로",솔로
송가인,"대한민국,여성,솔로",솔로
이연실,"대한민국,여성,솔로",솔로
沈以诚,None
오사랑,"대한민국,여성,솔로",솔로
조용필,"대한민국,남성,솔로",솔로
이성경,"대한민국,솔로",솔로
SKE48,일본/여성/그룹,그룹
박연(담소네공방),"대한민국,여성,솔로",솔로
Khundi Panda,"대한민국,남성,솔로",솔로
변기수,"대한민국,남성,솔로",솔로
이준혁,"대한민국,솔로",솔로
구피,대한민국/남성/그룹,그룹
아이유,"대한민국,여성,솔로",솔로
H2O,대한민국/남성/그룹,그룹
Drake,"캐나다,남성,솔로",솔로
케이윌,"대한민국,남성,솔로",솔로
현정아,"대한민국,여성,솔로",솔로
심수봉,"대한민국,여성,솔로",솔로
Afterglow,일본/여성/그룹,그룹
대성,"대한민국,남성,솔로",솔로
하성희,"대한민국,여성,솔로",솔로
Foster The People,미국/남성/그룹,그룹
Flow Blow,"대한민국,솔로",솔로
송하예,"대한민국,여성,솔로",솔로
광표,"대한민국,남성,솔로",솔로
나르샤 (Brown Eyed Girls),"대한민국,여성,솔로",솔로
四十物 十四,None
김재덕,"대한민국,남성,솔로",솔로
The Script,아일랜드/남성/그룹,그룹
고은미,"대한민국,여성,솔로",솔로
다린,"대한민국,여성,솔로",솔로
방연지,"대한민국,솔로",솔로
서범석,"대한민국,남성,솔로",솔로
유키스,대한민국/남성/그룹,그룹
BNR,대한민국/남성/그룹,그룹
이환호,"대한민국,남성,솔로",솔로
신효범,"대한민국,여성,솔로",솔로
크레파스,대한민국/여성/그룹,그룹
김그림,"대한민국,여성,솔로",솔로
Dyo,"영국,여성,솔로",솔로
윤호만,"대한민국,남성,솔로",솔로
NS 윤지,"대한민국,여성,솔로",솔로
체리블렛 (Cherry Bullet),대한민국/여성/그룹,그룹
강이채,"대한민국,여성,솔로",솔로
Matoki,"대한민국,솔로",솔로
earattack,"대한민국,솔로",솔로
짤툰,솔로,솔로
쥬비트레인,None
전길원,"대한민국,남성,솔로",솔로
The Peter Malick Group,미국/남성/그룹,그룹
황득경,"대한민국,솔로",솔로
윤혁(디셈버),"대한민국,남성,솔로",솔로
갈프로젝트,"대한민국,남성,솔로",솔로
남백송,"대한민국,남성,솔로",솔로
미스터미스터,대한민국/남성/그룹,그룹
Kei G Travus,None
HYPNOSISMIC -D.R.B- (Fling Posse),일본/남성/그룹,그룹
Narr.이시영,None
BSK A.K.A 김범수,None
주원탁(JUWONTAK),"대한민국,남성,솔로",솔로
노래하는 코트,"대한민국,솔로",솔로
卢焱,None
Machine Gun Kelly,"미국,남성,솔로",솔로
박현암,"대한민국,남성,솔로",솔로
Trey Songz,"미국,남성,솔로",솔로
류기진,"대한민국,남성,솔로",솔로
NCT DREAM,대한민국/남성/그룹,그룹
유준상,"대한민국,남성,솔로",솔로
ナオト・インティライミ,None
Donald Glover,"남성,솔로",솔로
박진도,"대한민국,남성,솔로",솔로
신세령,"대한민국,여성,솔로",솔로
Will.I.Am,"미국,남성,솔로",솔로
라포엠 (LA POEM),대한민국/남성/그룹,그룹
솔지,"대한민국,여성,솔로",솔로
엘 까미니또 (El Caminito),대한민국/여성/그룹,그룹
건아들,대한민국/남성/그룹,그룹
Far East Movement,미국/남성/그룹,그룹
Icona Pop,스웨덴/여성/그룹,그룹
윈디시티,대한민국/남성/그룹,그룹
윤두환,"대한민국,남성,솔로",솔로
Kingdom,대한민국/남성/그룹,그룹
김선아,"대한민국,여성,솔로",솔로
Carpenters,None
李圣杰,None
휘인 (Whee In),"대한민국,여성,솔로",솔로
박선영,"대한민국,솔로",솔로
조광일,"대한민국,남성,솔로",솔로
MC THE MAX,None
G-Eazy,"미국,남성,솔로",솔로
김현철,"대한민국,남성,솔로",솔로
김종민,"대한민국,남성,솔로",솔로
남궁옥분,"대한민국,여성,솔로",솔로
약속,대한민국/여성/그룹,그룹
가영,"대한민국,여성,솔로",솔로
피아노 연주곡 모음,"대한민국,솔로",솔로
James Ingram,"미국,남성,솔로",솔로
XX:me,None
CHAI (이수정),"대한민국,여성,솔로",솔로
도넛맨 (Donutman),"대한민국,남성,솔로",솔로
김은아,솔로,솔로
최낙타,"대한민국,남성,솔로",솔로
허공,"대한민국,남성,솔로",솔로
AAAMYYY,"일본,여성,솔로",솔로
울랄라세션,대한민국/남성/그룹,그룹
小峰峰 (XiaoFengFeng),솔로,솔로
Zoorumpug (주럼퍼그),"대한민국,남성,솔로",솔로
강승식,"대한민국,남성,솔로",솔로
김세황,"대한민국,남성,솔로",솔로
미유,"일본,여성,솔로",솔로
음악그룹 시로,대한민국/혼성/그룹,그룹
Fun.,미국/남성/그룹,그룹
아론 Solo,None
박미옥,"대한민국,여성,솔로",솔로
DJ Pumkin,솔로,솔로
Back Number,일본/남성/그룹,그룹
조규찬,"대한민국,남성,솔로",솔로
임선혜,"대한민국,여성,솔로",솔로
박주연,"대한민국,여성,솔로",솔로
김혜림,"대한민국,여성,솔로",솔로
Snoop Dogg,"미국,남성,솔로",솔로
Kemui,"일본,남성,솔로",솔로
"핑코빛 (지석진, 이광수, 에이핑크)",대한민국/혼성/그룹,그룹
강태관,"대한민국,남성,솔로",솔로
Hyunjun Hur (허현준),"대한민국,남성,솔로",솔로
다운 (Dvwn),"대한민국,남성,솔로",솔로
지선,"대한민국,여성,솔로",솔로
Untell (언텔),"대한민국,남성,솔로",솔로
Kid Cudi,"미국,남성,솔로",솔로
전철민,"대한민국,남성,솔로",솔로
워너원-더힐,None
김도환,"대한민국,남성,솔로",솔로
백승훈,"대한민국,솔로",솔로
朴璐美,None
斉藤壮馬,None
양양 (YANGYANG),"남성,솔로",솔로
김정연,"대한민국,남성,솔로",솔로
신현돈,"대한민국,남성,솔로",솔로
汪苏泷,None
Birdy,"영국,여성,솔로",솔로
315 STARS,None
윤도현,"대한민국,남성,솔로",솔로
하니,"대한민국,여성,솔로",솔로
최영태,"대한민국,남성,솔로",솔로
연민경,"대한민국,솔로",솔로
슈가볼,"대한민국,남성,솔로",솔로
easy life,영국/남성/그룹,그룹
SOLE (쏠),"대한민국,여성,솔로",솔로
MC메타,None
문문 (MoonMoon),"대한민국,남성,솔로",솔로
宮野真守,None
이광룡,"대한민국,남성,솔로",솔로
송영광,"대한민국,남성,솔로",솔로
양하영,"대한민국,여성,솔로",솔로
中原めいこ,"일본,여성,솔로",솔로
Ludacris,"미국,남성,솔로",솔로
쇼콜라,대한민국/여성/그룹,그룹
모이다밴드,대한민국/남성/그룹,그룹
코인,"대한민국,남성,솔로",솔로
ILLIONAIRE RECORDS,대한민국/남성/그룹,그룹
록단장,None
Miso,"대한민국,여성,솔로",솔로
윤소호,"대한민국,남성,솔로",솔로
정일영,"대한민국,남성,솔로",솔로
DJ Frank E,"미국,남성,솔로",솔로
"Run Girls, Run!",일본/여성/그룹,그룹
巡音ルカ,None
다운 (Dvwn),"대한민국,남성,솔로",솔로
Humbert,"대한민국,솔로",솔로
Hashimoto Jin,"일본,남성,솔로",솔로
Jonas Brothers,미국/남성/그룹,그룹
岩崎良美,"일본,여성,솔로",솔로
SZA,"미국,여성,솔로",솔로
TOMMY STRATE (타미 스트레이트),"대한민국,남성,솔로",솔로
나인뮤지스,대한민국/여성/그룹,그룹
쿤타,"대한민국,남성,솔로",솔로
Skrillex,"미국,남성,솔로",솔로
WINNER,대한민국/남성/그룹,그룹
IZ*ONE (아이즈원),대한민국/여성/그룹,그룹
"J-심포니(영탁, 금용)",대한민국/남성/그룹,그룹
배호,"대한민국,남성,솔로",솔로
melody.,"일본,여성,솔로",솔로
장문복,None
김형준,"대한민국,남성,솔로",솔로
Orangestar,None
세븐틴,대한민국/남성/그룹,그룹
木及少年,None
내귀에 도청장치,대한민국/남성/그룹,그룹
大石まどか,None
죠지,"대한민국,남성,솔로",솔로
Duet 이현,None
신재평,"대한민국,남성,솔로",솔로
Twenty★Twenty,None
要不要买菜,None
まふまふ,None
テヨン,None
칠전팔기,대한민국/혼성/그룹,그룹
전소연,"대한민국,여성,솔로",솔로
엔플라잉 (N.Flying),대한민국/남성/그룹,그룹
동원,"대한민국,남성,솔로",솔로
소유미,"대한민국,여성,솔로",솔로
장수원,"대한민국,남성,솔로",솔로
슈퍼스타K4 TOP12,대한민국/혼성/그룹,그룹
EDEN,"아일랜드,남성,솔로",솔로
WABLE (와블),대한민국/여성/그룹,그룹
정승제,"대한민국,남성,솔로",솔로
전지윤 (JENYER),"대한민국,여성,솔로",솔로
빅마마,대한민국/여성/그룹,그룹
Stray Kids (스트레이 키즈),대한민국/남성/그룹,그룹
Kalafina,일본/여성/그룹,그룹
My Chemical Romance,미국/남성/그룹,그룹
웬디 (WENDY),"대한민국,여성,솔로",솔로
김다나,"대한민국,여성,솔로",솔로
김다나,"대한민국,여성,솔로",솔로
바다 (BADA),"대한민국,여성,솔로",솔로
Rent Cast,None
엄지애,"대한민국,여성,솔로",솔로
Min G,"대한민국,여성,솔로",솔로
헤르쯔 아날로그 (Herz Analog),"대한민국,남성,솔로",솔로
Dcup,"오스트레일리아,남성,솔로",솔로
데.비 (데일리 비타민),대한민국/남성/그룹,그룹
Chickenfoot,미국/남성/그룹,그룹
오진석,"대한민국,남성,솔로",솔로
만쥬한봉지,대한민국/혼성/그룹,그룹
PULLIK (박준호),"대한민국,솔로",솔로
임주리,"대한민국,여성,솔로",솔로
Duet.정은지,None
이상구,"대한민국,솔로",솔로
김광율,"대한민국,남성,솔로",솔로
김소리,"대한민국,여성,솔로",솔로
컴백마돈나밴드,대한민국/여성/그룹,그룹
페노메코 (PENOMECO),"대한민국,남성,솔로",솔로
서주경,"대한민국,여성,솔로",솔로
라니아,대한민국/여성/그룹,그룹
최욱,"대한민국,남성,솔로",솔로
Lana Del Rey,"미국,여성,솔로",솔로
Enrique Iglesias,"스페인,남성,솔로",솔로
채정안,"대한민국,여성,솔로",솔로
철싸 (노홍철 & 싸이),대한민국/남성/그룹,그룹
서인국,"대한민국,남성,솔로",솔로
XXXTENTACION,"미국,남성,솔로",솔로
Young Money,미국/남성/그룹,그룹
Duet 이호섭,None
Halsey,"미국,여성,솔로",솔로
빅플로,대한민국/남성/그룹,그룹
이나우,"대한민국,남성,솔로",솔로
Honeyworks,일본/그룹,그룹
성탁,"대한민국,남성,솔로",솔로
버벌진트,"대한민국,남성,솔로",솔로
 Narr.한효주,None
小魂,None
亀と山P,None
김태우,"남성,솔로",솔로
로꼬,"대한민국,남성,솔로",솔로
BOBBY,"대한민국,남성,솔로",솔로
40,"대한민국,남성,솔로",솔로
김애란,"대한민국,여성,솔로",솔로
이준기,"대한민국,남성,솔로",솔로
Janet Jackson,"미국,여성,솔로",솔로
브라운아이드걸스,대한민국/여성/그룹,그룹
윤시윤,"대한민국,남성,솔로",솔로
유주 (여자친구),"대한민국,여성,솔로",솔로
Leon Bridges,"미국,남성,솔로",솔로
R. Kelly,"미국,남성,솔로",솔로
올라이즈 밴드,"대한민국,남성,솔로",솔로
세븐틴,대한민국/남성/그룹,그룹
정미조,"대한민국,여성,솔로",솔로
조경수,"대한민국,남성,솔로",솔로
캐모스타 (Camo Starr),"대한민국,솔로",솔로
배해선,"대한민국,여성,솔로",솔로
木島隆一,None
빈지노 외 7명,None
Way Ched (웨이체드),"대한민국,솔로",솔로
Miwa,"일본,여성,솔로",솔로
오케이션 (Okasian),"대한민국,남성,솔로",솔로
김재하,"대한민국,남성,솔로",솔로
강동호,"대한민국,남성,솔로",솔로
赵方婧,None
안다미로,솔로,솔로
Gen Hoshino (호시노 겐/星野 源),"일본,남성,솔로",솔로
3호선 버터플라이,대한민국/혼성/그룹,그룹
M.O.K (이영목),"대한민국,남성,솔로",솔로
Kana-Boon,일본/남성/그룹,그룹
Plumb,"미국,여성,솔로",솔로
Majid Jordan,캐나다/남성/그룹,그룹
올티 (Olltii),"대한민국,남성,솔로",솔로
JUNIK,"대한민국,남성,솔로",솔로
Nami Miyahara,None
이미선,"대한민국,여성,솔로",솔로
오하영,"대한민국,솔로",솔로
롱디 (LONG:D),대한민국/남성/그룹,그룹
와이낫?,대한민국/남성/그룹,그룹
℃-ute,None
Cher Lloyd,"영국,여성,솔로",솔로
애프터문,대한민국/남성/그룹,그룹
박미경,"대한민국,여성,솔로",솔로
주석,"대한민국,남성,솔로",솔로
유권 (블락비),"대한민국,남성,솔로",솔로
CHAI (이수정),"대한민국,여성,솔로",솔로
Supreme Team,대한민국/남성/그룹,그룹
이마음,"대한민국,여성,솔로",솔로
정선혜,"대한민국,솔로",솔로
홈보이 (Homeboy),"대한민국,남성,솔로",솔로
Le Click,"여성,솔로",솔로
우주미키,대한민국/여성/그룹,그룹
지훈,"대한민국,남성,솔로",솔로
Ayase,None
소울 크라이,"대한민국,남성,솔로",솔로
우현 Solo,None
수호 (SUHO),"대한민국,남성,솔로",솔로
버벌진트,"대한민국,남성,솔로",솔로
호치키스 (김호진),"대한민국,남성,솔로",솔로
한수지,"대한민국,여성,솔로",솔로
미도와 파라솔,대한민국/혼성/그룹,그룹
乌兰托娅,None
나몰라패밀리JW,"대한민국,남성,솔로",솔로
정주형,"여성,솔로",솔로
라니아,대한민국/여성/그룹,그룹
Nathan Sykes,"영국,남성,솔로",솔로
채원,"대한민국,솔로",솔로
WINNER,대한민국/남성/그룹,그룹
장우혁,"대한민국,남성,솔로",솔로
BIGBANG,대한민국/남성/그룹,그룹
Solo E-Sens,None
Bad Meets Evil,미국/남성/그룹,그룹
결 (KYUL),"대한민국,남성,솔로",솔로
정일우,"대한민국,남성,솔로",솔로
오왠 (O.WHEN),"대한민국,남성,솔로",솔로
조승현,"대한민국,솔로",솔로
WUTAN,"대한민국,남성,솔로",솔로
李亚明,None
정인,"대한민국,여성,솔로",솔로
김동한,"대한민국,남성,솔로",솔로
陈粒,None
핫샷 (HOTSHOT),대한민국/남성/그룹,그룹
태사비애,대한민국/여성/그룹,그룹
신현희와김루트,대한민국/혼성/그룹,그룹
자밀킴,"대한민국,남성,솔로",솔로
무감각,"대한민국,남성,솔로",솔로
송유진,"대한민국,솔로",솔로
아이비,"대한민국,여성,솔로",솔로
LiSA,"일본,여성,솔로",솔로
참깨와솜사탕,None
Sound Horizon,"일본,남성,솔로",솔로
Queen,영국/남성/그룹,그룹
Slom,"대한민국,남성,솔로",솔로
1娃·四爷,None
テゴマス,None
천재노창,None
Hello! (박준영),"대한민국,남성,솔로",솔로
강지영,솔로,솔로
キム・ヨンジャ,None
이대휘 (AB6IX),"대한민국,남성,솔로",솔로
大能人,None
세종아,"대한민국,여성,솔로",솔로
Gumi,"일본,솔로",솔로
김준식 (Kim Jun Sik),"대한민국,남성,솔로",솔로
연지후,"대한민국,여성,솔로",솔로
린,"대한민국,여성,솔로",솔로
Tinie Tempah,"영국,남성,솔로",솔로
인피니트F,대한민국/남성/그룹,그룹
Dok2,"대한민국,남성,솔로",솔로
Filter,미국/남성/그룹,그룹
Jeremy Zucker,"미국,남성,솔로",솔로
박영진,"대한민국,남성,솔로",솔로
정기고,"대한민국,남성,솔로",솔로
유하영,"대한민국,여성,솔로",솔로
아웃사이더,"대한민국,남성,솔로",솔로
온앤오프 (ONF),대한민국/남성/그룹,그룹
데이브레이크 (DAYBREAK),대한민국/남성/그룹,그룹
 Beenzino,None
BeBe Mignon,대한민국/여성/그룹,그룹
Vesta Williams,"미국,여성,솔로",솔로
Busy Signal,"자마이카,남성,솔로",솔로
Busy Signal,"자마이카,남성,솔로",솔로
윤한,"대한민국,남성,솔로",솔로
김박첼라,"대한민국,남성,솔로",솔로
김박첼라,"대한민국,남성,솔로",솔로
김현중,"대한민국,남성,솔로",솔로
김추자,"대한민국,여성,솔로",솔로
MOBB (MINO & BOBBY),대한민국/남성/그룹,그룹
KENZIE,"대한민국,여성,솔로",솔로
연준석,"대한민국,남성,솔로",솔로
연준석,"대한민국,남성,솔로",솔로
바닷길 (길 & 바다),대한민국/혼성/그룹,그룹
바닷길 (길 & 바다),대한민국/혼성/그룹,그룹
황민우,"대한민국,여성,솔로",솔로
Stevie Wonder,"미국,남성,솔로",솔로
김태연,"대한민국,여성,솔로",솔로
키겐,"대한민국,남성,솔로",솔로
키겐,"대한민국,남성,솔로",솔로
문수화,"대한민국,여성,솔로",솔로
문수화,"대한민국,여성,솔로",솔로
8Eight,None
김우형,"대한민국,남성,솔로",솔로
G.E.M.邓紫棋,None
1ho,"남성,솔로",솔로
한상원,"대한민국,남성,솔로",솔로
한상원,"대한민국,남성,솔로",솔로
DEAN,"대한민국,남성,솔로",솔로
DEAN,"대한민국,남성,솔로",솔로
기리보이,"대한민국,남성,솔로",솔로
남일이,"대한민국,남성,솔로",솔로
남일이,"대한민국,남성,솔로",솔로
남일이,"대한민국,남성,솔로",솔로
Koresawa,"일본,여성,솔로",솔로
Dr. Dre,"미국,남성,솔로",솔로
Dr. Dre,"미국,남성,솔로",솔로
Dr. Dre,"미국,남성,솔로",솔로
Portugal. The Man,미국/남성/그룹,그룹
유슬기,"대한민국,남성,솔로",솔로
박소연,"대한민국,여성,솔로",솔로
박소연,"대한민국,여성,솔로",솔로
매드클라운,"미국,남성,솔로",솔로
philtre,"대한민국,남성,솔로",솔로
Toi Et Moi,대한민국/혼성/그룹,그룹
Toi Et Moi,대한민국/혼성/그룹,그룹
오연준,"대한민국,남성,솔로",솔로
피타입 (P-TYPE),"대한민국,남성,솔로",솔로
D-Heaven,None
이원석,"대한민국,남성,솔로",솔로
Gloria Estefan,"쿠바,여성,솔로",솔로
BOYCOLD,"대한민국,솔로",솔로
Hash Swan,"대한민국,남성,솔로",솔로
데이비드 오,"미국,남성,솔로",솔로
Duet.김건모,None
로열 파이럿츠,대한민국/남성/그룹,그룹
S.I.S,대한민국/여성/그룹,그룹
小澤亜李,None
 Run!,None
미현,"대한민국,여성,솔로",솔로
이지수,"대한민국,솔로",솔로
Aselin Debison,"캐나다,여성,솔로",솔로
WH3N (웬),"대한민국,남성,솔로",솔로
이승열,"대한민국,남성,솔로",솔로
Kidd King,None
飯田利信,None
马良,None
이지민,"대한민국,솔로",솔로
이혜리,"대한민국,솔로",솔로
相羽あいな,None
Wanz,"미국,남성,솔로",솔로
지코 (ZICO),"대한민국,남성,솔로",솔로
Daya,"미국,여성,솔로",솔로
정현,"대한민국,여성,솔로",솔로
유심초,대한민국/남성/그룹,그룹
강력강,"대한민국,남성,솔로",솔로
써니 (SUNNY),"미국,여성,솔로",솔로
Duet.드림걸스,None
Flo Rida,"미국,남성,솔로",솔로
Pharrell Williams,"미국,남성,솔로",솔로
신나고,대한민국/남성/그룹,그룹
김인호,"대한민국,남성,솔로",솔로
XXXTENTACION,"미국,남성,솔로",솔로
H-유진,"대한민국,남성,솔로",솔로
JBJ,대한민국/남성/그룹,그룹
Mandy Moore,"미국,여성,솔로",솔로
Watari Rouka Hashiri Tai 7,일본/여성/그룹,그룹
나진기,"대한민국,남성,솔로",솔로
Ja Mezz,"대한민국,남성,솔로",솔로
조선영,"대한민국,여성,솔로",솔로
원슈타인,"대한민국,솔로",솔로
뚱's,None
데블스,대한민국/남성/그룹,그룹
Rachael Yamagata,"미국,여성,솔로",솔로
피카츄 밴드,"대한민국,솔로",솔로
Theresa Rex,"덴마크,여성,솔로",솔로
Going Under Ground,일본/남성/그룹,그룹
유지니,"대한민국,여성,솔로",솔로
지운,"대한민국,남성,솔로",솔로
윤달구,"대한민국,남성,솔로",솔로
Eminem,"미국,남성,솔로",솔로
DJ soulscape,"대한민국,남성,솔로",솔로
벤,"대한민국,여성,솔로",솔로
나성호 (노을),"대한민국,남성,솔로",솔로
175.211.*.*,"대한민국,솔로",솔로
嶋大輔,None
레이지본 (Lazybone),대한민국/남성/그룹,그룹
사랑과 평화,대한민국/남성/그룹,그룹
선유선,"대한민국,여성,솔로",솔로
Rich Brian,"인도네시아,남성,솔로",솔로
캔들 라이트,"대한민국,솔로",솔로
인호진,"대한민국,남성,솔로",솔로
Rap.MC신건,None
이진옥,"대한민국,남성,솔로",솔로
rooftop patio (루프탑파티오),대한민국/남성/그룹,그룹
浦島太郎,None
meenoi (미노이),"대한민국,여성,솔로",솔로
meenoi (미노이),"대한민국,여성,솔로",솔로
조형우,"대한민국,남성,솔로",솔로
안수민,None
안수민,"대한민국,남성,솔로",솔로
안수민,"대한민국,남성,솔로",솔로
LOCAL CONNECT,일본/남성/그룹,그룹
Granrodeo,"일본,남성,솔로",솔로
Akino,"일본,여성,솔로",솔로
Silent Siren,일본/여성/그룹,그룹
Xydo (시도),"남성,솔로",솔로
Xydo (시도),"남성,솔로",솔로
이정아,"대한민국,여성,솔로",솔로
이정아,"대한민국,여성,솔로",솔로
김신애,"대한민국,솔로",솔로
이천원,대한민국/남성/그룹,그룹
김하늘,"대한민국,남성,솔로",솔로
박광수,"대한민국,솔로",솔로
박광수,"대한민국,솔로",솔로
남인수,"대한민국,남성,솔로",솔로
남인수,"대한민국,남성,솔로",솔로
남인수,"대한민국,남성,솔로",솔로
구인회,"대한민국,남성,솔로",솔로
MCND,대한민국/남성/그룹,그룹
任然 (Ren Ran),"여성,솔로",솔로
진교,"대한민국,남성,솔로",솔로
진교,"대한민국,남성,솔로",솔로
노사연,"대한민국,여성,솔로",솔로
노사연,"대한민국,여성,솔로",솔로
김원길,None
훈스 (HOONS),남성/그룹,그룹
송소희,"대한민국,여성,솔로",솔로
Linked Horizon,"일본,남성,솔로",솔로
워너원-남바완,None
신동곤,None
Man Of K,None
송은아,None
문수진 (Moon Sujin),"대한민국,여성,솔로",솔로
Johnny Stimson,"미국,남성,솔로",솔로
김미교,"대한민국,여성,솔로",솔로
영기,"대한민국,남성,솔로",솔로
김동현 (AB6IX),"대한민국,남성,솔로",솔로
김동현 (AB6IX),"대한민국,남성,솔로",솔로
다이나믹 블랙,None
Xin Seha,None
Vasco Rossi,"이탈리아,남성,솔로",솔로
Crush,"대한민국,남성,솔로",솔로
한아름,"대한민국,여성,솔로",솔로
펭수,솔로,솔로
선미,"대한민국,여성,솔로",솔로
김남길,"대한민국,남성,솔로",솔로
더 베인,"대한민국,남성,솔로",솔로
矢口真里とストローハット,None
张冬玲,None
BTOB 4U,None
전민주,None
徐秉龙,None
전미경,"대한민국,여성,솔로",솔로
사야 (Sayah),"대한민국,여성,솔로",솔로
TT Grace,스웨덴/남성/그룹,그룹
TT Grace,스웨덴/남성/그룹,그룹
이현우,"대한민국,솔로",솔로
Sum 41,캐나다/남성/그룹,그룹
황선복,"대한민국,남성,솔로",솔로
Conway Twitty,"미국,남성,솔로",솔로
JMSN,"미국,남성,솔로",솔로
Bad Meets Evil,미국/남성/그룹,그룹
정홍일,"대한민국,남성,솔로",솔로
이봉원,"대한민국,남성,솔로",솔로
Michelle Shaprow,"미국,여성,솔로",솔로
이준호,"대한민국,남성,솔로",솔로
Damndef,"대한민국,남성,솔로",솔로
KozyPop,"대한민국,남성,솔로",솔로
현영,"대한민국,여성,솔로",솔로
강의식,"대한민국,남성,솔로",솔로
Misora Hibari,"일본,여성,솔로",솔로
지민,"대한민국,남성,솔로",솔로
Paul McCartney,"영국,남성,솔로",솔로
전태익,"대한민국,남성,솔로",솔로
유두래곤,"대한민국,남성,솔로",솔로
백승헌,"대한민국,남성,솔로",솔로
이재훈 (쿨),"대한민국,남성,솔로",솔로
홍서범,"대한민국,남성,솔로",솔로
Lifehouse,미국/남성/그룹,그룹
코요태,대한민국/혼성/그룹,그룹
한승기,"대한민국,남성,솔로",솔로
여인정,"대한민국,여성,솔로",솔로
Kuraki Mai,"일본,여성,솔로",솔로
上田麗奈,None
Chorus.영탁,None
금보결,"대한민국,여성,솔로",솔로
허니 패밀리,대한민국/남성/그룹,그룹
唐古,None
Social House,남성/그룹,그룹
렉시,"대한민국,여성,솔로",솔로
Au/Ra,"여성,솔로",솔로
사륜구동,대한민국/남성/그룹,그룹
Herbie Hancock,"미국,남성,솔로",솔로
怪物くん,None
하하,"대한민국,남성,솔로",솔로
장혜진,"대한민국,여성,솔로",솔로
강철,"대한민국,남성,솔로",솔로
이은아,"대한민국,솔로",솔로
Ylvis,노르웨이/남성/그룹,그룹
Swedish House Mafia,스웨덴/남성/그룹,그룹
Malik Yusef Jones,솔로,솔로
허경환,"대한민국,남성,솔로",솔로
네이비쿼카 (NavyQuokka),"대한민국,여성,솔로",솔로
Gus Dapperton,"영국,남성,솔로",솔로
영비누 (youngveenew),"대한민국,남성,솔로",솔로
3OH!3,미국/남성/그룹,그룹
Northfacegawd,"대한민국,남성,솔로",솔로
aespa,대한민국/여성/그룹,그룹
Tauren Wells,"미국,남성,솔로",솔로
용국&시현,대한민국/남성/그룹,그룹
임다혜,"대한민국,솔로",솔로
솔비,"대한민국,여성,솔로",솔로
성용하,"대한민국,남성,솔로",솔로
남주,"대한민국,솔로",솔로
최경록,"대한민국,남성,솔로",솔로
손동운,"대한민국,남성,솔로",솔로
김은희,"대한민국,여성,솔로",솔로
"Fear, and Loathing in Las Vegas",일본/남성/그룹,그룹
"Earth, Wind & Fire",미국/혼성/그룹,그룹
잔디,"대한민국,여성,솔로",솔로
정의송,"대한민국,남성,솔로",솔로
매드몬스터 (MAD MONSTER),대한민국/남성/그룹,그룹
웃소 (Wootso),대한민국/혼성/그룹,그룹
최자,"대한민국,남성,솔로",솔로
최영진,"대한민국,솔로",솔로
김민석 (멜로망스),"대한민국,남성,솔로",솔로
한지상,"대한민국,남성,솔로",솔로
공중전화,대한민국/남성/그룹,그룹
방예담,"대한민국,남성,솔로",솔로
Rad Museum,"대한민국,남성,솔로",솔로
최지나,"대한민국,여성,솔로",솔로
주미성,"대한민국,솔로",솔로
박민혜 (빅마마),"대한민국,여성,솔로",솔로
Childish Gambino,"미국,남성,솔로",솔로
Dbo (디보),"대한민국,남성,솔로",솔로
H2ADIN,None
VERIVERY,대한민국/남성/그룹,그룹
이특 (LEETEUK),"대한민국,남성,솔로",솔로
다나 (DANA),"대한민국,여성,솔로",솔로
청안,"대한민국,여성,솔로",솔로
CIX (씨아이엑스),대한민국/남성/그룹,그룹
Huckleberry P,None
TOO (티오오),대한민국/남성/그룹,그룹
R. City,미국/남성/그룹,그룹
샛별,"대한민국,여성,솔로",솔로
피에스타,대한민국/여성/그룹,그룹
홍유빈,"대한민국,여성,솔로",솔로
Every Little Thing,일본/혼성/그룹,그룹
지피베이직,대한민국/여성/그룹,그룹
Illson (더블케이),"대한민국,남성,솔로",솔로
정수빈,"대한민국,남성,솔로",솔로
진동민,"대한민국,남성,솔로",솔로
구구단 해빈,None
오병길,"대한민국,남성,솔로",솔로
meenoi (미노이),"대한민국,여성,솔로",솔로
신승일,"대한민국,남성,솔로",솔로
Kanye West,"미국,남성,솔로",솔로
이로이,"대한민국,남성,솔로",솔로
모은,"대한민국,여성,솔로",솔로
Chance The Rapper,"미국,남성,솔로",솔로
Ryan Lewis,"미국,남성,솔로",솔로
MAN1AC,"미국,남성,솔로",솔로
Make Some Noise,솔로,솔로
황영준 시몬 신부,"대한민국,솔로",솔로
박세영,"대한민국,남성,솔로",솔로
L-Like (엘라이크),"대한민국,여성,솔로",솔로
JUNIEL(서아),"대한민국,여성,솔로",솔로
정윤승,"대한민국,남성,솔로",솔로
B.I,"대한민국,남성,솔로",솔로
오늘의 분위기,대한민국/남성/그룹,그룹
WOODZ (조승연),"대한민국,남성,솔로",솔로
베이식 (Basick),"남성,솔로",솔로
Take That,영국/남성/그룹,그룹
한희정,"대한민국,여성,솔로",솔로
비아이지 (B.I.G),대한민국/남성/그룹,그룹
최신영,"대한민국,남성,솔로",솔로
권미희,"대한민국,여성,솔로",솔로
Jason Derulo,"미국,남성,솔로",솔로
소리얼,대한민국/남성/그룹,그룹
게이트 플라워즈,대한민국/남성/그룹,그룹
Raiden,"대한민국,남성,솔로",솔로
허타,None
2winS,대한민국/남성/그룹,그룹
Felly,"프랑스,남성,솔로",솔로
Walk The Moon,미국/남성/그룹,그룹
All Christian,"대한민국,솔로",솔로
그래쓰 (GRASS),"대한민국,여성,솔로",솔로
子芮,None
Emila,"노르웨이,여성,솔로",솔로
ZELO (젤로),"대한민국,남성,솔로",솔로
阿呷拉古,None
조성자,"대한민국,여성,솔로",솔로
진,"대한민국,남성,솔로",솔로
식케이 (Sik-K),"대한민국,남성,솔로",솔로
블락비 (Block B),대한민국/남성/그룹,그룹
최서희,"대한민국,여성,솔로",솔로
久保田未夢,"일본,여성,솔로",솔로
D. Heaven,"대한민국,여성,솔로",솔로
민영천,"대한민국,남성,솔로",솔로
민진주,"대한민국,여성,솔로",솔로
No Doubt,미국/혼성/그룹,그룹
Rich Brian,"인도네시아,남성,솔로",솔로
알리 (ALi),"대한민국,여성,솔로",솔로
고병희,"대한민국,여성,솔로",솔로
Takahashi Rie,"일본,여성,솔로",솔로
America,미국/남성/그룹,그룹
Duet.헤이즈,None
국프의핫이슈,None
A Boogie Wit Da Hoodie,"미국,남성,솔로",솔로
한대수,"대한민국,남성,솔로",솔로
소나무 (SONAMOO),대한민국/여성/그룹,그룹
稲葉菜月,None
sasakure.UK,None
C-LUV,None
조수경,"대한민국,솔로",솔로
SHINee (샤이니),대한민국/남성/그룹,그룹
타이거JK,"대한민국,남성,솔로",솔로
任素汐,None
김효은,"대한민국,남성,솔로",솔로
우진영,"대한민국,남성,솔로",솔로
천지,"대한민국,남성,솔로",솔로
한선욱,"대한민국,남성,솔로",솔로
로맨틱펀치 (Romantic Punch),대한민국/남성/그룹,그룹
夏川椎菜,None
최소애,"대한민국,여성,솔로",솔로
김아영,"대한민국,솔로",솔로
Domina G,"대한민국,솔로",솔로
포지션,"대한민국,남성,솔로",솔로
이승연,"대한민국,여성,솔로",솔로
박원,"대한민국,남성,솔로",솔로
찬희 (SF9),"대한민국,남성,솔로",솔로
임도혁,"대한민국,남성,솔로",솔로
keshi,"미국,남성,솔로",솔로
소냐,"대한민국,여성,솔로",솔로
Yung Joc,"미국,남성,솔로",솔로
Fisherman,솔로,솔로
HOONY Solo,None
Deco*27,"일본,남성,솔로",솔로
정삼용,"대한민국,솔로",솔로
植村花菜,None
하연수,"대한민국,여성,솔로",솔로
Skip Marley,"자마이카,남성,솔로",솔로
Covered in Ashes,"네덜란드,남성,솔로",솔로
Florida Georgia Line,미국/남성/그룹,그룹
Koizumi Kyoko,"일본,여성,솔로",솔로
이지형,"대한민국,남성,솔로",솔로
C-Luv,None
강건너 비행소녀,대한민국/남성/그룹,그룹
베스티,대한민국/여성/그룹,그룹
권웅주,"대한민국,남성,솔로",솔로
近藤隆vs六道骸,None
제이던,"대한민국,솔로",솔로
팀,"미국,남성,솔로",솔로
Brand Newjiq (브랜뉴직),"대한민국,남성,솔로",솔로
피어스,대한민국/여성/그룹,그룹
김승도,"대한민국,남성,솔로",솔로
Jazzyfact,대한민국/남성/그룹,그룹
조하윤,"대한민국,여성,솔로",솔로
Starland Vocal Band,미국/남성/그룹,그룹
신해철,"대한민국,남성,솔로",솔로
잭키정,"대한민국,남성,솔로",솔로
Dawin,"미국,남성,솔로",솔로
백남숙,"여성,솔로",솔로
차가운 체리,대한민국/남성/그룹,그룹
UNEDUCATED KID,"대한민국,남성,솔로",솔로
2soo,"대한민국,남성,솔로",솔로
김현중,"대한민국,남성,솔로",솔로
Keith Ape,"대한민국,남성,솔로",솔로
동경소녀,"대한민국,여성,솔로",솔로
林宥嘉,None
Ellegarden,일본/남성/그룹,그룹
신지훈,"대한민국,여성,솔로",솔로
혜랑,"대한민국,여성,솔로",솔로
IZ*ONE (아이즈원),대한민국/여성/그룹,그룹
김민채,"대한민국,여성,솔로",솔로
미라클라스,대한민국/남성/그룹,그룹
신세경,"대한민국,여성,솔로",솔로
김나은,"대한민국,여성,솔로",솔로
オーイシマサヨシ,None
Evanescence,미국/혼성/그룹,그룹
中川奈美,None
Jennifer Lopez,"미국,여성,솔로",솔로
동휘,"대한민국,남성,솔로",솔로
현우,"대한민국,남성,솔로",솔로
뱅크,대한민국/남성/그룹,그룹
핫펠트 (HA:TFELT),"대한민국,여성,솔로",솔로
宮本侑芽,None
Presidents Of The United States Of America,미국/남성/그룹,그룹
베이지,"대한민국,여성,솔로",솔로
그루비룸 (GroovyRoom),대한민국/남성/그룹,그룹
Sarah Vaughan,"미국,여성,솔로",솔로
VMC,대한민국/남성/그룹,그룹
Kavana,"남성,솔로",솔로
Eagles,미국/남성/그룹,그룹
Kid Ink,"미국,남성,솔로",솔로
백현진,"대한민국,남성,솔로",솔로
언프리티 랩스타 3,대한민국/여성/그룹,그룹
강민혁 (CNBLUE),"대한민국,남성,솔로",솔로
신웅,"대한민국,남성,솔로",솔로
Rohann (이로한),"대한민국,남성,솔로",솔로
브레이브걸스,대한민국/여성/그룹,그룹
홍경민,"대한민국,남성,솔로",솔로
레인보우,대한민국/여성/그룹,그룹
Tablo,"대한민국,남성,솔로",솔로
이대휘AB6IX,None
毛不易,None
Kodaline,아일랜드/남성/그룹,그룹
정한 (SEVENTEEN),"대한민국,남성,솔로",솔로
투머치(2MUCH),대한민국/남성/그룹,그룹
창빈 (3RACHA),"대한민국,남성,솔로",솔로
李俊佑,None
Eric Benet,"미국,남성,솔로",솔로
김미성,"대한민국,여성,솔로",솔로
소울트레인,대한민국/혼성/그룹,그룹
Michael Buble,"캐나다,남성,솔로",솔로
지현우,대한민국/남성/그룹,그룹
OKAMOTO'S,None
송영주,"대한민국,여성,솔로",솔로
리뷰어,"대한민국,남성,솔로",솔로
Wake Up,None
Skinny Brown,"대한민국,남성,솔로",솔로
Daughtry,미국/남성/그룹,그룹
吉田拓郎,None
岸田教団,None
Cherryblossom,일본/혼성/그룹,그룹
가람과 뫼,대한민국/남성/그룹,그룹
가람과 뫼,대한민국/남성/그룹,그룹
 巡音ルカ,None
박태희,"대한민국,남성,솔로",솔로
트웰브 (twlv),"대한민국,남성,솔로",솔로
Virginia To Vegas,"캐나다,남성,솔로",솔로
찬진,"대한민국,남성,솔로",솔로
김서빈,None
Jack Stauber's Micropop,솔로,솔로
김종서,"대한민국,남성,솔로",솔로
유가화,"대한민국,여성,솔로",솔로
金玟岐,"중국,여성,솔로",솔로
플레이사운드,대한민국/그룹,그룹
Lil tachi,"대한민국,남성,솔로",솔로
구지성,"대한민국,여성,솔로",솔로
Jake Bugg,"영국,남성,솔로",솔로
정태춘,"대한민국,남성,솔로",솔로
혁오 (HYUKOH),대한민국/남성/그룹,그룹
고강민,None
Nayer,"미국,여성,솔로",솔로
도현우,"대한민국,남성,솔로",솔로
WINNER,대한민국/남성/그룹,그룹
김유민,솔로,솔로
인순이,"대한민국,여성,솔로",솔로
Christina Aguilera,"미국,여성,솔로",솔로
严艺丹,None
Stephanie Mills,"미국,여성,솔로",솔로
형원 (몬스타엑스),"대한민국,남성,솔로",솔로
장사익,"대한민국,남성,솔로",솔로
Anthem,대한민국/남성/그룹,그룹
이경율,"대한민국,남성,솔로",솔로
이브,대한민국/남성/그룹,그룹
Man With A Mission,일본/남성/그룹,그룹
제이큐티,대한민국/여성/그룹,그룹
라포엠 (LA POEM),대한민국/남성/그룹,그룹
황정민,"대한민국,남성,솔로",솔로
Sara Bareilles,"미국,여성,솔로",솔로
Christopher,"덴마크,남성,솔로",솔로
CLC,대한민국/여성/그룹,그룹
이소민,"대한민국,여성,솔로",솔로
모네,대한민국/남성/그룹,그룹
노정의,None
Benzamin,"대한민국,솔로",솔로
叶洛洛,None
Terashima Junta,"일본,남성,솔로",솔로
민성욱,"대한민국,솔로",솔로
Luis Fonsi,"푸에르토리코 연방,남성,솔로",솔로
Juice WRLD,"미국,남성,솔로",솔로
Jinooya,"대한민국,솔로",솔로
TEEN TEEN,대한민국/남성/그룹,그룹
장범준,"대한민국,남성,솔로",솔로
스윙스,"대한민국,남성,솔로",솔로
박준형,"미국,남성,솔로",솔로
한동근,"대한민국,남성,솔로",솔로
Francesco Yates,"캐나다,남성,솔로",솔로
현진우,"대한민국,남성,솔로",솔로
Ceejay,None
By Coa White,None
서원아,"대한민국,남성,솔로",솔로
Myth,"남성,솔로",솔로
Big Brain (빅브레인),대한민국/남성/그룹,그룹
할리퀸,대한민국/남성/그룹,그룹
Simon.D,None
박진광,"대한민국,남성,솔로",솔로
OuiOui (위위),대한민국/여성/그룹,그룹
彭十六,None
Eva Simons,"네덜란드,여성,솔로",솔로
류종록,"남성,솔로",솔로
둘 다섯,대한민국/남성/그룹,그룹
이대휘 (AB6IX),"대한민국,남성,솔로",솔로
전주영,None
박보검,"대한민국,남성,솔로",솔로
Kinki Kids,일본/남성/그룹,그룹
若以止白,None
박현빈,"대한민국,남성,솔로",솔로
Osshun Gum,"대한민국,남성,솔로",솔로
찬열 (CHANYEOL),"대한민국,남성,솔로",솔로
강필석,"대한민국,남성,솔로",솔로
Riverside,"뉴질랜드,솔로",솔로
Hye Na Park,"대한민국,여성,솔로",솔로
BK Love,"대한민국,남성,솔로",솔로
Chaboom,"대한민국,남성,솔로",솔로
최효인,"대한민국,여성,솔로",솔로
TRADE L,"대한민국,남성,솔로",솔로
GooseBumps (구스범스),"대한민국,남성,솔로",솔로
Expose,미국/여성/그룹,그룹
Girl Next Door,일본/혼성/그룹,그룹
영웅재중,None
갈소원,"대한민국,솔로",솔로
임주연,"대한민국,여성,솔로",솔로
So!YoON! (황소윤),"대한민국,여성,솔로",솔로
버블 시스터즈,대한민국/여성/그룹,그룹
Ab 에비뉴,대한민국/여성/그룹,그룹
블랙리스트,대한민국/여성/그룹,그룹
Chelsea Cutler,"미국,여성,솔로",솔로
서은광 (비투비),"대한민국,남성,솔로",솔로
오수빈,"대한민국,솔로",솔로
 by MoonMean,None
신혜성,"대한민국,남성,솔로",솔로
임동현,솔로,솔로
안영민,솔로,솔로
あいみょん,None
Nicki Minaj,"미국,여성,솔로",솔로
Vasco Rossi,"이탈리아,남성,솔로",솔로
Angela,"여성,솔로",솔로
우효광,"중국,남성,솔로",솔로
김수희,"대한민국,여성,솔로",솔로
권혁수,"대한민국,남성,솔로",솔로
Miguel,"미국,남성,솔로",솔로
유리 (YURI),"대한민국,여성,솔로",솔로
八代拓,None
meenoi (미노이),"대한민국,여성,솔로",솔로
Waxahatchee,"미국,여성,솔로",솔로
김종환,"대한민국,솔로",솔로
스피드,대한민국/남성/그룹,그룹
와인루프 (Wine Loop),대한민국/혼성/그룹,그룹
ずっと真夜中でいいのに。,None
Clay Aiken,"미국,남성,솔로",솔로
徐梦圆,None
차민석,"대한민국,남성,솔로",솔로
2BIC(투빅),대한민국/남성/그룹,그룹
슈퍼주니어-D,None
윤사라,"대한민국,솔로",솔로
킹스턴 루디스카,대한민국/혼성/그룹,그룹
Chad Kroeger,"캐나다,남성,솔로",솔로
최정윤,"대한민국,여성,솔로",솔로
#안녕,"대한민국,남성,솔로",솔로
VNT,대한민국/여성/그룹,그룹
J.Min,"대한민국,여성,솔로",솔로
Dominic Fike,"미국,남성,솔로",솔로
AS 1,홍콩/여성/그룹,그룹
Paul Blanco,"대한민국,남성,솔로",솔로
김태주,"대한민국,솔로",솔로
Kiana Lede,"미국,여성,솔로",솔로
St. Vincent,"미국,여성,솔로",솔로
rionos,"일본,여성,솔로",솔로
FLOW X GRANRODEO,None
그루비룸 (GroovyRoom),대한민국/남성/그룹,그룹
존박,"미국,남성,솔로",솔로
LIPxLIP,솔로,솔로
그루비룸 (GroovyRoom),대한민국/남성/그룹,그룹
최선자,"대한민국,여성,솔로",솔로
이영화,"대한민국,여성,솔로",솔로
みのもんた,None
형돈이와 대준이,대한민국/남성/그룹,그룹
월하소년 (月下少年),"대한민국,남성,솔로",솔로
n-buna,None
임재범,"대한민국,남성,솔로",솔로
小林太郎,None
Andy Grammer,"미국,남성,솔로",솔로
김선미,"대한민국,여성,솔로",솔로
김선미,"대한민국,여성,솔로",솔로
G-DRAGON,"대한민국,남성,솔로",솔로
유민,"대한민국,남성,솔로",솔로
홍종현,"대한민국,남성,솔로",솔로
안녕하신가영,"대한민국,여성,솔로",솔로
애프터스쿨,대한민국/여성/그룹,그룹
김준호,솔로,솔로
손수경,"대한민국,여성,솔로",솔로
미기,"대한민국,여성,솔로",솔로
박운이,"대한민국,남성,솔로",솔로
장윤정,"대한민국,여성,솔로",솔로
Brenda Lee,"미국,여성,솔로",솔로
닥터코어 911,대한민국/남성/그룹,그룹
박주희,"대한민국,여성,솔로",솔로
ROOKiEZ is PUNK`D,None
김재환,"대한민국,남성,솔로",솔로
나영주,"대한민국,여성,솔로",솔로
もじゃ,None
황보,"대한민국,여성,솔로",솔로
윤수자,"대한민국,여성,솔로",솔로
서병순,"대한민국,남성,솔로",솔로
라이너스의 담요,"대한민국,여성,솔로",솔로
송나래,"대한민국,여성,솔로",솔로
Like Mike,"벨기에,남성,솔로",솔로
도원경,"대한민국,여성,솔로",솔로
레드애플,대한민국/남성/그룹,그룹
이태환프리덤,대한민국/혼성/그룹,그룹
포르테 디 콰트로,대한민국/남성/그룹,그룹
ELO,"대한민국,남성,솔로",솔로
강호동,"대한민국,남성,솔로",솔로
Matsuda Seiko,"일본,여성,솔로",솔로
정한나,"대한민국,여성,솔로",솔로
씨야,대한민국/여성/그룹,그룹
Chouchou,일본/남성/그룹,그룹
김영흠,"대한민국,남성,솔로",솔로
정다경,"대한민국,여성,솔로",솔로
이태권,"대한민국,남성,솔로",솔로
노세요,"대한민국,남성,솔로",솔로
선아,"대한민국,여성,솔로",솔로
오민식,"대한민국,남성,솔로",솔로
양희은,"대한민국,여성,솔로",솔로
정준일,"대한민국,남성,솔로",솔로
천명훈,"대한민국,남성,솔로",솔로
김현철,"대한민국,남성,솔로",솔로
JIDA (지다),"영국,남성,솔로",솔로
박종철,"대한민국,남성,솔로",솔로
도티와 친구들,대한민국/그룹,그룹
Seige,"미국,솔로",솔로
윤도현,"대한민국,남성,솔로",솔로
진선미,"대한민국,여성,솔로",솔로
브라운티거 (Brown Tigger),"대한민국,남성,솔로",솔로
원 모어 찬스 (one more chance),대한민국/남성/그룹,그룹
Celine Dion,"캐나다,여성,솔로",솔로
유빈,"대한민국,여성,솔로",솔로
아이비아이 (I.B.I),대한민국/여성/그룹,그룹
Garfunkel,"대한민국,솔로",솔로
John Legend,"미국,남성,솔로",솔로
핫해하태 하태수,대한민국/남성/그룹,그룹
헤이즐,"대한민국,여성,솔로",솔로
파리돼지앵 (정형돈 & 정재형),대한민국/남성/그룹,그룹
Mariah Carey,"미국,여성,솔로",솔로
娜美,None
Kato Miliyah,"일본,여성,솔로",솔로
종현 (JONGHYUN),"대한민국,남성,솔로",솔로
Amber Liu (엠버),"미국,여성,솔로",솔로
태운,None
효진,"대한민국,남성,솔로",솔로
Santino Fontana,"미국,남성,솔로",솔로
오지은,"대한민국,여성,솔로",솔로
하이니 (HiNi),"대한민국,여성,솔로",솔로
Shinya,"일본,남성,솔로",솔로
岡崎体育,None
동방신기 (TVXQ!),대한민국/남성/그룹,그룹
최진희,"대한민국,여성,솔로",솔로
스피카,대한민국/여성/그룹,그룹
정준영,"대한민국,남성,솔로",솔로
San E,"대한민국,남성,솔로",솔로
이덕화,"대한민국,남성,솔로",솔로
Cö shu Nie,None
준형 (2BIC),"대한민국,남성,솔로",솔로
EXO,대한민국/남성/그룹,그룹
Stefflon Don,"영국,여성,솔로",솔로
自然の敵P,None
노태현,"대한민국,남성,솔로",솔로
Dimitri Vegas & Like Mike,벨기에/남성/그룹,그룹
길미,"대한민국,여성,솔로",솔로
김혜영,"남성,솔로",솔로
安倍里葎子・大沢樹生,None
艾辰,None
한희준,솔로,솔로
김희선,"대한민국,여성,솔로",솔로
박정현,"미국,여성,솔로",솔로
クリス・ハート,None
행숙이,None
우디,None
우디 (Woody),"대한민국,남성,솔로",솔로
우디 (Woody),"대한민국,남성,솔로",솔로
Hot Chelle Rae,미국/남성/그룹,그룹
Nakamura Mitsuko,"일본,여성,솔로",솔로
김상희,"대한민국,여성,솔로",솔로
Pdogg,"대한민국,남성,솔로",솔로
Pdogg,"대한민국,남성,솔로",솔로
Jin (Shizen No Teki P),"일본,남성,솔로",솔로
Jin (Shizen No Teki P),"일본,남성,솔로",솔로
김준영,"대한민국,남성,솔로",솔로
환희,"대한민국,남성,솔로",솔로
チョロ松,None
은가은,"대한민국,여성,솔로",솔로
은가은,"대한민국,여성,솔로",솔로
임시호,"대한민국,남성,솔로",솔로
임시호,"대한민국,남성,솔로",솔로
Roy Wang,"중국,남성,솔로",솔로
Digital Farm Animals,"영국,남성,솔로",솔로
Inara George,"미국,여성,솔로",솔로
민현 (뉴이스트),"대한민국,남성,솔로",솔로
민현 (뉴이스트),"대한민국,남성,솔로",솔로
길구봉구,대한민국/남성/그룹,그룹
길구봉구,대한민국/남성/그룹,그룹
 Cataracs,None
비투비 포유,대한민국/남성/그룹,그룹
이장우,"대한민국,남성,솔로",솔로
이정옥,"대한민국,여성,솔로",솔로
이정옥,"대한민국,여성,솔로",솔로
Ellie Goulding,"영국,여성,솔로",솔로
Ellie Goulding,"영국,여성,솔로",솔로
전춘애,None
홍지윤,"대한민국,여성,솔로",솔로
Otis Redding,"미국,남성,솔로",솔로
신미래,"대한민국,여성,솔로",솔로
신미래,"대한민국,여성,솔로",솔로
Fredi Casso,"대한민국,남성,솔로",솔로
Fredi Casso,"대한민국,남성,솔로",솔로
Fredi Casso,"대한민국,남성,솔로",솔로
최상엽,"대한민국,남성,솔로",솔로
브랜뉴뮤직,대한민국/혼성/그룹,그룹
영화처럼,대한민국/남성/그룹,그룹
영화처럼,대한민국/남성/그룹,그룹
김희철,솔로,솔로
Kirinji,일본/남성/그룹,그룹
김병희,"대한민국,솔로",솔로
신성록,"대한민국,남성,솔로",솔로
黄阅,None
코드 쿤스트 (CODE KUNST),"대한민국,남성,솔로",솔로
코드 쿤스트 (CODE KUNST),"대한민국,남성,솔로",솔로
하림,"대한민국,남성,솔로",솔로
디셈버,None
유해준,"대한민국,남성,솔로",솔로
T.M.Revolution,"일본,남성,솔로",솔로
유라 (youra),"대한민국,여성,솔로",솔로
양준일,"남성,솔로",솔로
키노 (펜타곤),"대한민국,남성,솔로",솔로
키노 (펜타곤),"대한민국,남성,솔로",솔로
키노 (펜타곤),"대한민국,남성,솔로",솔로
김대훈,"대한민국,솔로",솔로
블루파프리카,대한민국/남성/그룹,그룹
Norah Jones,"미국,여성,솔로",솔로
주헌 (몬스타엑스),"대한민국,남성,솔로",솔로
주헌 (몬스타엑스),"대한민국,남성,솔로",솔로
Kenny Loggins,None
구준회,None
써니사이드,대한민국/남성/그룹,그룹
NCT DREAM,대한민국/남성/그룹,그룹
내리,"대한민국,여성,솔로",솔로
F.P.M,None
김명성,"대한민국,남성,솔로",솔로
김명성,"대한민국,남성,솔로",솔로
김명성,"대한민국,남성,솔로",솔로
A.C.E (에이스),대한민국/남성/그룹,그룹
M.Y.M.P,필리핀/혼성/그룹,그룹
이동준,"대한민국,남성,솔로",솔로
보헤미안,대한민국/남성/그룹,그룹
보헤미안,대한민국/남성/그룹,그룹
송호범,"대한민국,남성,솔로",솔로
송호범,"대한민국,남성,솔로",솔로
Boys Like Girls,미국/남성/그룹,그룹
Calvin Harris,솔로,솔로
붐바스틱,대한민국/그룹,그룹
SIXC (6 crazy),대한민국/남성/그룹,그룹
윤정환 (BDC),"대한민국,남성,솔로",솔로
윤정환 (BDC),"대한민국,남성,솔로",솔로
윤정환 (BDC),"대한민국,남성,솔로",솔로
골든차일드,대한민국/남성/그룹,그룹
박학기,"대한민국,남성,솔로",솔로
서령,"대한민국,여성,솔로",솔로
Keyakizaka46,일본/여성/그룹,그룹
Peabo Bryson,"미국,남성,솔로",솔로
Peabo Bryson,"미국,남성,솔로",솔로
Pandora,이탈리아/혼성/그룹,그룹
Pandora,이탈리아/혼성/그룹,그룹
AURORA,"노르웨이,여성,솔로",솔로
이협,"대한민국,남성,솔로",솔로
박진석,"대한민국,남성,솔로",솔로
Wiz Khalifa,"미국,남성,솔로",솔로
Wiz Khalifa,"미국,남성,솔로",솔로
차가을,"대한민국,여성,솔로",솔로
차가을,"대한민국,여성,솔로",솔로
최민경,"대한민국,솔로",솔로
윤미래,"미국,여성,솔로",솔로
Weeekly (위클리),대한민국/여성/그룹,그룹
アンジュルム,None
김종갑,None
ヒプノシスマイク-D.R.B-,None
씨엘 Solo,None
차영민,"대한민국,남성,솔로",솔로
제이켠 (J'Kyun),"대한민국,남성,솔로",솔로
버벌진트,"대한민국,남성,솔로",솔로
한영주,"대한민국,여성,솔로",솔로
한영주,"대한민국,여성,솔로",솔로
양용모,"대한민국,남성,솔로",솔로
양용모,"대한민국,남성,솔로",솔로
유라 (youra),"대한민국,여성,솔로",솔로
Dan + Shay,미국/남성/그룹,그룹
2FACE,대한민국/남성/그룹,그룹
여자친구 (GFRIEND),대한민국/여성/그룹,그룹
낙준,None
구지윤,None
구지윤,"대한민국,여성,솔로",솔로
구지윤,"대한민국,여성,솔로",솔로
2PM,대한민국/남성/그룹,그룹
C JAMM,"대한민국,남성,솔로",솔로
Girls Dead Monster,None
Ryan Gosling,"캐나다,남성,솔로",솔로
Ryan Gosling,"캐나다,남성,솔로",솔로
IOAH,None
IOAH (아이오아),"대한민국,남성,솔로",솔로
IOAH (아이오아),"대한민국,남성,솔로",솔로
IOAH (아이오아),"대한민국,남성,솔로",솔로
해시태그,대한민국/여성/그룹,그룹
김만수,"대한민국,남성,솔로",솔로
하동진,"대한민국,남성,솔로",솔로
카이 (KAI),"대한민국,남성,솔로",솔로
카이 (KAI),"대한민국,남성,솔로",솔로
레오(LEO),"대한민국,남성,솔로",솔로
레오(LEO),"대한민국,남성,솔로",솔로
레오(LEO),"대한민국,남성,솔로",솔로
Bizzy,"이탈리아,남성,솔로",솔로
livetune adding Takuro Sugawara,None
오담률 (김농밀),"대한민국,남성,솔로",솔로
남녀공학,대한민국/혼성/그룹,그룹
남녀공학,대한민국/혼성/그룹,그룹
이기욱,"대한민국,남성,솔로",솔로
이기욱,"대한민국,남성,솔로",솔로
Big Sean,"미국,남성,솔로",솔로
Oneway,대한민국/남성/그룹,그룹
Diana Krall,"캐나다,여성,솔로",솔로
V.O.S,대한민국/남성/그룹,그룹
V.O.S,대한민국/남성/그룹,그룹
 by Coa White,None
6 crazy,None
박지은,None
구자한,None
에이앤젤,대한민국/혼성/그룹,그룹
XXXTENTACION,"미국,남성,솔로",솔로
그네,"대한민국,남성,솔로",솔로
田中あいみ,None
김세현,None
김세현,"남성,솔로",솔로
김세현,"남성,솔로",솔로
일렉트로보이즈,대한민국/남성/그룹,그룹
류은희,"대한민국,여성,솔로",솔로
정형근,"대한민국,남성,솔로",솔로
키썸 (Kisum),"대한민국,여성,솔로",솔로
키썸 (Kisum),"대한민국,여성,솔로",솔로
Rita Ora,"영국,여성,솔로",솔로
노르웨이 숲,"대한민국,남성,솔로",솔로
노르웨이 숲,"대한민국,남성,솔로",솔로
Matsu Takako,"일본,여성,솔로",솔로
션리,"캐나다,남성,솔로",솔로
小沈阳,None
鏡音レン,None
aiko,None
황정미,None
정하나,None
주미연,"대한민국,여성,솔로",솔로
"비글즈 (철구, 창현, 남순, 노래하는 코트, 킴성태)",대한민국/남성/그룹,그룹
Chris Norman,"영국,남성,솔로",솔로
JYP Nation,대한민국/혼성/그룹,그룹
JYP Nation,대한민국/혼성/그룹,그룹
Sean Paul,"자마이카,남성,솔로",솔로
Sean Paul,"자마이카,남성,솔로",솔로
덕환,"대한민국,남성,솔로",솔로
Mike Whitla,None
LEGIT GOONS (리짓군즈),대한민국/남성/그룹,그룹
Tim McGraw,"미국,남성,솔로",솔로
Tim McGraw,"미국,남성,솔로",솔로
쏜애플,None
Harry Styles,None
Young Thug,"미국,남성,솔로",솔로
한서윤,"대한민국,여성,솔로",솔로
동해 (DONGHAE),"대한민국,남성,솔로",솔로
Destiny's Child,None
우원재,"대한민국,남성,솔로",솔로
우원재,"대한민국,남성,솔로",솔로
오순이,"대한민국,여성,솔로",솔로
오순이,"대한민국,여성,솔로",솔로
모세,"대한민국,남성,솔로",솔로
CHEEZE (치즈),"대한민국,여성,솔로",솔로
지중해,"대한민국,남성,솔로",솔로
Runy,솔로,솔로
Runy,솔로,솔로
Sofia Reyes,"멕시코,여성,솔로",솔로
Sofia Reyes,"멕시코,여성,솔로",솔로
PRODUCE 48,대한민국/여성/그룹,그룹
王丽坤,None
IMLAY,"대한민국,남성,솔로",솔로
건지 (가비엔제이),"대한민국,여성,솔로",솔로
건지 (가비엔제이),"대한민국,여성,솔로",솔로
Gabby Barrett,"미국,여성,솔로",솔로
Stray Kids (스트레이 키즈),대한민국/남성/그룹,그룹
Stray Kids (스트레이 키즈),대한민국/남성/그룹,그룹
Stray Kids (스트레이 키즈),대한민국/남성/그룹,그룹
The Weeknd,"캐나다,남성,솔로",솔로
장동건,"대한민국,남성,솔로",솔로
ベイビーレイズ,None
Lonely Hearts Club,대한민국/남성/그룹,그룹
Lonely Hearts Club,대한민국/남성/그룹,그룹
Yui (유이),"대한민국,여성,솔로",솔로
blackbear,"미국,남성,솔로",솔로
blackbear,"미국,남성,솔로",솔로
blackbear,"미국,남성,솔로",솔로
소래,None
태양,"대한민국,남성,솔로",솔로
Travie McCoy,"미국,남성,솔로",솔로
杨洋,None
YURI!!! On Ice,None
YURI!!! on ICE,"일본,솔로",솔로
류재현,"대한민국,남성,솔로",솔로
류재현,"대한민국,남성,솔로",솔로
우연이,"대한민국,여성,솔로",솔로
김동희,솔로,솔로
虎二,None
디어클라우드,대한민국/혼성/그룹,그룹
디어클라우드,대한민국/혼성/그룹,그룹
양희은,"대한민국,여성,솔로",솔로
양희은,"대한민국,여성,솔로",솔로
양희은,"대한민국,여성,솔로",솔로
European Jazz Trio,네덜란드/남성/그룹,그룹
SS501,대한민국/남성/그룹,그룹
Clair Marlo,솔로,솔로
투탁 핀셔,"대한민국,남성,솔로",솔로
투탁 핀셔,"대한민국,남성,솔로",솔로
투탁 핀셔,"대한민국,남성,솔로",솔로
투탁 핀셔,"대한민국,남성,솔로",솔로
김현진,"남성,솔로",솔로
조형원,"대한민국,솔로",솔로
조형원,"대한민국,솔로",솔로
허범정,"대한민국,남성,솔로",솔로
허범정,"대한민국,남성,솔로",솔로
허범정,"대한민국,남성,솔로",솔로
허범정,"대한민국,남성,솔로",솔로
워너원-트리플포지션,None
이윤종,"대한민국,남성,솔로",솔로
2soo,"대한민국,남성,솔로",솔로
그루비룸 (GroovyRoom),대한민국/남성/그룹,그룹
그루비룸 (GroovyRoom),대한민국/남성/그룹,그룹
Katy Perry,"미국,여성,솔로",솔로
Katy Perry,"미국,여성,솔로",솔로
Years & Years,"영국,남성,솔로",솔로
이상순,"대한민국,남성,솔로",솔로
강병철과 삼태기,대한민국/남성/그룹,그룹
By 요요미,None
KOKIA,None
Matsuyama Chiharu,"일본,남성,솔로",솔로
젬스톤,"대한민국,남성,솔로",솔로
Abingdon Boys School,일본/남성/그룹,그룹
최서현,"대한민국,남성,솔로",솔로
유진,"대한민국,여성,솔로",솔로
뮤지컬앙상블13인,None
성국이와 상도,대한민국/남성/그룹,그룹
칠리 (chilly),"대한민국,남성,솔로",솔로
김현민,"대한민국,남성,솔로",솔로
+菅田将暉,None
王建房,None
메이슨더소울,None
Diana Ross,"미국,여성,솔로",솔로
송희란,"대한민국,여성,솔로",솔로
남정희,"대한민국,여성,솔로",솔로
Big Star,미국/남성/그룹,그룹
오현우,"대한민국,남성,솔로",솔로
써니힐,대한민국/여성/그룹,그룹
이트라이브 (E-TRIBE),대한민국/남성/그룹,그룹
하상욱,"대한민국,남성,솔로",솔로
이루리,"대한민국,여성,솔로",솔로
신광일,"대한민국,남성,솔로",솔로
올댓,대한민국/남성/그룹,그룹
윌콕스,"대한민국,남성,솔로",솔로
고은아,"대한민국,여성,솔로",솔로
고은아,"대한민국,여성,솔로",솔로
谷本貴義,None
LiSA,"일본,여성,솔로",솔로
홍주영,"대한민국,솔로",솔로
나영이,"대한민국,여성,솔로",솔로
나영이,"대한민국,여성,솔로",솔로
송중기,"대한민국,남성,솔로",솔로
송중기,"대한민국,남성,솔로",솔로
张碧晨,None
Miwa Akihiro,"일본,남성,솔로",솔로
A$AP Rocky,"미국,남성,솔로",솔로
iKON,대한민국/남성/그룹,그룹
iKON,대한민국/남성/그룹,그룹
109,"대한민국,남성,솔로",솔로
109,"대한민국,남성,솔로",솔로
방탄소년단,대한민국/남성/그룹,그룹
FANXY CHILD,대한민국/남성/그룹,그룹
Years & Years,"영국,남성,솔로",솔로
김혜진,"대한민국,여성,솔로",솔로
김혜진,"대한민국,여성,솔로",솔로
주병선,"대한민국,남성,솔로",솔로
매직플로우,"대한민국,남성,솔로",솔로
매직플로우,"대한민국,남성,솔로",솔로
에피톤 프로젝트,"대한민국,남성,솔로",솔로
Lim Kim,"대한민국,여성,솔로",솔로
장대현,"대한민국,남성,솔로",솔로
민경훈,"대한민국,남성,솔로",솔로
민경훈,"대한민국,남성,솔로",솔로
민경훈,"대한민국,남성,솔로",솔로
지영수,"대한민국,여성,솔로",솔로
ENHYPEN,대한민국/남성/그룹,그룹
랄라스윗 (lalasweet),여성/그룹,그룹
Madison Beer,"미국,여성,솔로",솔로
梅朵,None
김성현,None
김성현,"대한민국,남성,솔로",솔로
김성현,"대한민국,남성,솔로",솔로
남훈,"대한민국,남성,솔로",솔로
김우석,"대한민국,남성,솔로",솔로
텐시러브 (TENSI-LOVE),대한민국/혼성/그룹,그룹
Edith Piaf,"프랑스,여성,솔로",솔로
Edith Piaf,"프랑스,여성,솔로",솔로
식케이 (Sik-K),"대한민국,남성,솔로",솔로
식케이 (Sik-K),"대한민국,남성,솔로",솔로
Ariana Grande,"미국,여성,솔로",솔로
정두언,"대한민국,남성,솔로",솔로
桑田佳祐,None
전제덕,"대한민국,남성,솔로",솔로
전제덕,"대한민국,남성,솔로",솔로
GMT,None
Osshun gum,None
조성욱,"대한민국,남성,솔로",솔로
김양,"대한민국,여성,솔로",솔로
NewS,일본/남성/그룹,그룹
해금,"대한민국,여성,솔로",솔로
안성진,"대한민국,남성,솔로",솔로
Chemistry,일본/남성/그룹,그룹
김현수,"대한민국,남성,솔로",솔로
최선원,"대한민국,남성,솔로",솔로
홍지민,"대한민국,여성,솔로",솔로
국.슈 (국프의 핫이슈),대한민국/여성/그룹,그룹
제아파이브,대한민국/남성/그룹,그룹
서린동 아이들,대한민국/혼성/그룹,그룹
류계영,"대한민국,여성,솔로",솔로
Scandal,일본/여성/그룹,그룹
윤항기,"대한민국,남성,솔로",솔로
Skylar Grey,"미국,여성,솔로",솔로
Skylar Grey,"미국,여성,솔로",솔로
송주나,None
지율,None
노홍철,"대한민국,남성,솔로",솔로
성유리,"대한민국,여성,솔로",솔로
럼블피쉬,"대한민국,여성,솔로",솔로
럼블피쉬,"대한민국,여성,솔로",솔로
보아 (BoA),"대한민국,여성,솔로",솔로
Sergio Mendes,"브라질,남성,솔로",솔로
Sergio Mendes,"브라질,남성,솔로",솔로
헤리티지(Heritage),대한민국/혼성/그룹,그룹
숀 (SHAUN),"대한민국,남성,솔로",솔로
Lil Dicky,"미국,남성,솔로",솔로
이날치,대한민국/혼성/그룹,그룹
Cover Drive,바베이도스/혼성/그룹,그룹
Cover Drive,바베이도스/혼성/그룹,그룹
정진운,"대한민국,남성,솔로",솔로
정진운,"대한민국,남성,솔로",솔로
myunDo,"대한민국,남성,솔로",솔로
赤西仁,None
김세림,"대한민국,여성,솔로",솔로
Avatar Darko,None
Bronze (브론즈),"대한민국,남성,솔로",솔로
멜로우 키친,"대한민국,남성,솔로",솔로
ちゃんみな (CHANMINA),"일본,여성,솔로",솔로
Fukuyama Masaharu,"일본,남성,솔로",솔로
Niccolo Paganini,"이탈리아,남성,솔로",솔로
Aoi Shouta,"일본,남성,솔로",솔로
이연호,"대한민국,여성,솔로",솔로
Tungevaag,"노르웨이,남성,솔로",솔로
디케이소울,"남성,솔로",솔로
DeVita,"대한민국,여성,솔로",솔로
DGNA (대국남아),대한민국/남성/그룹,그룹
배기성,"대한민국,남성,솔로",솔로
담소네공방,대한민국/여성/그룹,그룹
김창렬,"대한민국,남성,솔로",솔로
BENEE,"뉴질랜드,여성,솔로",솔로
白小白,None
JK 김동욱,"대한민국,남성,솔로",솔로
3DIDAS BAND,대한민국/남성/그룹,그룹
Lil Pump,"미국,남성,솔로",솔로
하찌와 TJ,대한민국/남성/그룹,그룹
제이큐(JQ),"대한민국,남성,솔로",솔로
새벽공방,대한민국/여성/그룹,그룹
Dave Koz,"미국,남성,솔로",솔로
박영탁,None
간과 쓸개,대한민국/남성/그룹,그룹
斉藤和義,None
SPYAIR,일본/남성/그룹,그룹
하은,솔로,솔로
유승우,"대한민국,남성,솔로",솔로
Pia Mia,"미국,여성,솔로",솔로
Young Luffy,"대한민국,솔로",솔로
Young Luffy,"대한민국,솔로",솔로
김호중,"대한민국,남성,솔로",솔로
Don Toliver,"미국,남성,솔로",솔로
Far East Movement,미국/남성/그룹,그룹
Marshmello,"미국,남성,솔로",솔로
"댄싱게놈 (유재석, JYP)",대한민국/남성/그룹,그룹
임현식 (비투비),"대한민국,남성,솔로",솔로
성민 (SUNGMIN),"대한민국,남성,솔로",솔로
JJCC (제이제이씨씨),대한민국/남성/그룹,그룹
김영철,"대한민국,남성,솔로",솔로
언니쓰,대한민국/여성/그룹,그룹
노은정,"대한민국,솔로",솔로
마은진 (플레이백),"대한민국,여성,솔로",솔로
"멘도롱보이스(고강민,주미성,정주형)",대한민국/혼성/그룹,그룹
SG 워너비,대한민국/남성/그룹,그룹
선화,"대한민국,솔로",솔로
박광선,"대한민국,남성,솔로",솔로
강경윤,"대한민국,남성,솔로",솔로
금서연,"대한민국,여성,솔로",솔로
Hailee Steinfeld,"미국,여성,솔로",솔로
SAM&SP3CK (쌤앤스팩),대한민국/남성/그룹,그룹
슈퍼스타K 3,대한민국/혼성/그룹,그룹
이범학,"대한민국,남성,솔로",솔로
호치키스 (김호진),"대한민국,남성,솔로",솔로
Julio Iglesias,"스페인,남성,솔로",솔로
ClariS,일본/그룹,그룹
이세영,"대한민국,여성,솔로",솔로
김경희,"대한민국,남성,솔로",솔로
Friends,솔로,솔로
김륜희,"대한민국,여성,솔로",솔로
블루 (BLOO),"대한민국,남성,솔로",솔로
정상윤,"대한민국,남성,솔로",솔로
락다이아몬드,"대한민국,혼성,솔로",솔로
"Fine, (피네)",대한민국/혼성/그룹,그룹
신용재 Solo,None
 Jaden Smith,None
원필 (DAY6),"대한민국,남성,솔로",솔로
탁이준이,대한민국/남성/그룹,그룹
CRAVITY,대한민국/남성/그룹,그룹
Soulja Boy,"미국,남성,솔로",솔로
Naturally 7,미국/남성/그룹,그룹
허윤아,"대한민국,여성,솔로",솔로
Illson (더블케이),"대한민국,남성,솔로",솔로
지명도,"대한민국,남성,솔로",솔로
Apink (에이핑크),대한민국/여성/그룹,그룹
간미연,"대한민국,여성,솔로",솔로
헨리 (HENRY),"캐나다,남성,솔로",솔로
김홍중,"대한민국,남성,솔로",솔로
Rohann (이로한),"대한민국,남성,솔로",솔로
은주,"대한민국,여성,솔로",솔로
Kota the Friend,"미국,남성,솔로",솔로
XIA (준수),"대한민국,남성,솔로",솔로
두훈,None
"네스티네스티 (케빈, 경리, 소진)",대한민국/혼성/그룹,그룹
김용국,"중국,남성,솔로",솔로
Lydia Paek,"대한민국,여성,솔로",솔로
SMTOWN,대한민국/혼성/그룹,그룹
Tula,"대한민국,솔로",솔로
奥華子,None
Matchbox 20,None
刀郎,None
꼬막소년,"대한민국,남성,솔로",솔로
박지윤,"대한민국,여성,솔로",솔로
김사랑,"대한민국,남성,솔로",솔로
탑독,대한민국/남성/그룹,그룹
from 9mm Parabellu,None
넬 (NELL),대한민국/남성/그룹,그룹
슈퍼스타 K2 Top 11,대한민국/혼성/그룹,그룹
상신,"대한민국,솔로",솔로
96猫,"일본,솔로",솔로
구윤회,"대한민국,남성,솔로",솔로
DEAN,"대한민국,남성,솔로",솔로
Aloe Blacc,"미국,남성,솔로",솔로
조은새,"대한민국,여성,솔로",솔로
김선빈,"대한민국,솔로",솔로
언니네 이발관,대한민국/남성/그룹,그룹
원미연,"대한민국,여성,솔로",솔로
전진희,"대한민국,여성,솔로",솔로
양다일,"대한민국,남성,솔로",솔로
Nogizaka46,일본/여성/그룹,그룹
Ikimonogakari,일본/혼성/그룹,그룹
적재,"대한민국,남성,솔로",솔로
준호준,"대한민국,솔로",솔로
남일해,"대한민국,남성,솔로",솔로
남일해,"대한민국,남성,솔로",솔로
남일해,"대한민국,남성,솔로",솔로
소수빈,"대한민국,남성,솔로",솔로
제이통 (J-Tong),"대한민국,남성,솔로",솔로
스피넬,대한민국/여성/그룹,그룹
Lil Wayne,"미국,남성,솔로",솔로
니엘,"대한민국,남성,솔로",솔로
니엘,"대한민국,남성,솔로",솔로
니엘,"대한민국,남성,솔로",솔로
니엘,"대한민국,남성,솔로",솔로
필독 (feeldog),"대한민국,남성,솔로",솔로
라임어택 (RHYME-A-),"대한민국,남성,솔로",솔로
PEEJAY,"대한민국,남성,솔로",솔로
SHAED,미국/혼성/그룹,그룹
SHAED,미국/혼성/그룹,그룹
Michael Holm,"독일,남성,솔로",솔로
Michael Holm,"독일,남성,솔로",솔로
pH-1,"대한민국,남성,솔로",솔로
런치백,대한민국/남성/그룹,그룹
화요비,None
박효신,"대한민국,남성,솔로",솔로
박효신,"대한민국,남성,솔로",솔로
Travis Scott,"미국,남성,솔로",솔로
Travis Scott,"미국,남성,솔로",솔로
조유리 (아이즈원),"대한민국,여성,솔로",솔로
Duet.민지,None
Little Simz,"영국,여성,솔로",솔로
ハセガワダイスケ,None
김진욱,None
김진욱,"남성,솔로",솔로
김진욱,"남성,솔로",솔로
Amy Grant,"미국,여성,솔로",솔로
Disciples,대한민국/혼성/그룹,그룹
Cashmere Cat,"노르웨이,남성,솔로",솔로
김윤혜,"대한민국,여성,솔로",솔로
스카프 (SC4F),"대한민국,남성,솔로",솔로
스카프 (SC4F),"대한민국,남성,솔로",솔로
스내키 챈,"남성,솔로",솔로
스내키 챈,"남성,솔로",솔로
레몬나인틴,None
공성빈,"대한민국,남성,솔로",솔로
吴映洁,None
심은섭,None
용감한형제,None
용감한 형제,"대한민국,남성,솔로",솔로
용감한 형제,"대한민국,남성,솔로",솔로
조복래,"대한민국,남성,솔로",솔로
김심야,"남성,솔로",솔로
허성현 (Huh!),"대한민국,남성,솔로",솔로
웨일,"대한민국,여성,솔로",솔로
ILLIONAIRE RECORDS,대한민국/남성/그룹,그룹
테이커스,대한민국/남성/그룹,그룹
요조,"대한민국,여성,솔로",솔로
Post Malone,"미국,남성,솔로",솔로
마미손,"대한민국,남성,솔로",솔로
김목경,"대한민국,남성,솔로",솔로
Owl City,미국/남성/그룹,그룹
贰婶,None
허내인 (Herr Nayne),"대한민국,남성,솔로",솔로
유일한,"대한민국,남성,솔로",솔로
김보경 (NEON),"대한민국,여성,솔로",솔로
유성준,"대한민국,남성,솔로",솔로
규훈,None
"2F (신용재, 김원주)",대한민국/남성/그룹,그룹
김지현,"대한민국,여성,솔로",솔로
Bridgit Mendler,"미국,여성,솔로",솔로
정단,"대한민국,솔로",솔로
HoneyWorks meets CHiCO ,None
Elvis Presley,"미국,남성,솔로",솔로
하이런,"대한민국,남성,솔로",솔로
Kidstone,솔로,솔로
鞠婧祎,None
김미소,솔로,솔로
해바라기,대한민국/남성/그룹,그룹
황우림,None
Miley Cyrus,"미국,여성,솔로",솔로
Cha Cha Malone,"미국,남성,솔로",솔로
이진성 (먼데이 키즈),"남성,솔로",솔로
Hatsune Miku,"일본,여성,솔로",솔로
조정치,"대한민국,남성,솔로",솔로
薫と友樹、たまにムック。,None
한혜경,"대한민국,여성,솔로",솔로
BLACK DEJAVU,None
경서예지,대한민국/여성/그룹,그룹
Nate Dogg,"미국,남성,솔로",솔로
류준열,"대한민국,남성,솔로",솔로
UNEDUCATED KID,"대한민국,남성,솔로",솔로
니모,"대한민국,여성,솔로",솔로
홍자,"대한민국,여성,솔로",솔로
Dean Lewis,"오스트레일리아,남성,솔로",솔로
Shontelle,"바베이도스,여성,솔로",솔로
장민호,"대한민국,남성,솔로",솔로
제나 (Xena),"대한민국,여성,솔로",솔로
Narr.설현,None
문혜성,"대한민국,여성,솔로",솔로
임철,"대한민국,남성,솔로",솔로
신비아파트,"대한민국,솔로",솔로
이민경,솔로,솔로
김상진,"대한민국,남성,솔로",솔로
Jhnovr,"대한민국,남성,솔로",솔로
Jhnovr,"대한민국,남성,솔로",솔로
이브,대한민국/남성/그룹,그룹
이브,대한민국/남성/그룹,그룹
이브,대한민국/남성/그룹,그룹
직재스퍼,None
Jaira Burns,"미국,여성,솔로",솔로
김민종,"대한민국,남성,솔로",솔로
김민종,"대한민국,남성,솔로",솔로
나다 (NADA),"대한민국,여성,솔로",솔로
Ethan Gruska,"미국,남성,솔로",솔로
Ethan Gruska,"미국,남성,솔로",솔로
SunBee (선비),"대한민국,여성,솔로",솔로
윤태경,"대한민국,남성,솔로",솔로
타이거JK,"대한민국,남성,솔로",솔로
이아시스,대한민국/여성/그룹,그룹
도영 (DOYOUNG),"대한민국,남성,솔로",솔로
도영 (DOYOUNG),"대한민국,남성,솔로",솔로
이호섭,None
Bryn,None
유키카,"일본,여성,솔로",솔로
로꼬,"대한민국,남성,솔로",솔로
NMB48,None
Chara,"일본,여성,솔로",솔로
Chara,"일본,여성,솔로",솔로
Chara,"일본,여성,솔로",솔로
Chara,"일본,여성,솔로",솔로
Syd,"미국,여성,솔로",솔로
조현재,솔로,솔로
엄정화,"대한민국,여성,솔로",솔로
조은길,"대한민국,남성,솔로",솔로
조은길,"대한민국,남성,솔로",솔로
조은길,"대한민국,남성,솔로",솔로
조은길,"대한민국,남성,솔로",솔로
윤채경 (에이프릴),"대한민국,여성,솔로",솔로
비니 (오마이걸),"대한민국,여성,솔로",솔로
김필,"대한민국,남성,솔로",솔로
Brad Kane,"미국,솔로",솔로
Brad Kane,"미국,솔로",솔로
기프트 (GIFT),대한민국/남성/그룹,그룹
알고보니 혼수상태,대한민국/남성/그룹,그룹
Chance The Rapper,"미국,남성,솔로",솔로
강수빈,"대한민국,여성,솔로",솔로
Vocal.10cm,None
TraxX (트랙스),대한민국/남성/그룹,그룹
두리 (DooRi),"대한민국,여성,솔로",솔로
Sung by 태일,None
박경숙,"대한민국,여성,솔로",솔로
보니,"대한민국,여성,솔로",솔로
신종국,"대한민국,남성,솔로",솔로
조승아,"대한민국,여성,솔로",솔로
하이라이트 (Highlight),대한민국/남성/그룹,그룹
슈퍼주니어-M,None
T.I.,"미국,남성,솔로",솔로
Jhene Aiko,"미국,여성,솔로",솔로
Nutty,"대한민국,솔로",솔로
차민기,"대한민국,남성,솔로",솔로
전추영,"대한민국,여성,솔로",솔로
陈泫孝,None
염수연,"대한민국,여성,솔로",솔로
정선국,"대한민국,남성,솔로",솔로
안동춘,"대한민국,남성,솔로",솔로
Skull,"남성,솔로",솔로
고상지,"대한민국,여성,솔로",솔로
Sweet Sorrow,None
정일훈,"대한민국,남성,솔로",솔로
Panic! At The Disco,"미국,남성,솔로",솔로
Sigala,"영국,남성,솔로",솔로
하수빈,"대한민국,여성,솔로",솔로
김의영,"대한민국,여성,솔로",솔로
정기고,"대한민국,남성,솔로",솔로
Viann,"대한민국,남성,솔로",솔로
汪峰,None
전태원,"대한민국,솔로",솔로
오마이걸 반하나,대한민국/여성/그룹,그룹
정아로,"대한민국,여성,솔로",솔로
Seth Rogen,"캐나다,남성,솔로",솔로
Seth Rogen,"캐나다,남성,솔로",솔로
문소희,"대한민국,여성,솔로",솔로
문소희,"대한민국,여성,솔로",솔로
하은요셉,대한민국/남성/그룹,그룹
Aklo,"일본,남성,솔로",솔로
 Girls!,None
Jhnovr,"대한민국,남성,솔로",솔로
Jhnovr,"대한민국,남성,솔로",솔로
조재원,"대한민국,남성,솔로",솔로
조재원,"대한민국,남성,솔로",솔로
조재원,"대한민국,남성,솔로",솔로
소야앤썬,대한민국/혼성/그룹,그룹
장성아,"대한민국,남성,솔로",솔로
신수아,"대한민국,여성,솔로",솔로
정찬우,"대한민국,남성,솔로",솔로
김덕희,"대한민국,솔로",솔로
김덕희,"대한민국,솔로",솔로
Gym Class Heroes,미국/남성/그룹,그룹
키드킹 (Kidd King),"대한민국,남성,솔로",솔로
민성아,"대한민국,남성,솔로",솔로
AJ Mitchell,"미국,남성,솔로",솔로
Dok2,"대한민국,남성,솔로",솔로
DCappella,솔로,솔로
DCappella,솔로,솔로
위아이 (WEi),대한민국/남성/그룹,그룹
SILENTO,"미국,남성,솔로",솔로
SILENTO,"미국,남성,솔로",솔로
오브로젝트,대한민국/남성/그룹,그룹
주미라,"대한민국,여성,솔로",솔로
이창용,"대한민국,남성,솔로",솔로
영탁,"대한민국,남성,솔로",솔로
영탁,"대한민국,남성,솔로",솔로
김연자,"대한민국,여성,솔로",솔로
김연자,"대한민국,여성,솔로",솔로
뽀로로,"대한민국,솔로",솔로
Earl Sweatshirt,"미국,남성,솔로",솔로
The Lonely Island,미국/남성/그룹,그룹
Craig David,"영국,남성,솔로",솔로
れるりり,None
Be The Voice,일본/혼성/그룹,그룹
B.o.B.,None
BOBBY,"대한민국,남성,솔로",솔로
황원태,"대한민국,남성,솔로",솔로
도현,"대한민국,남성,솔로",솔로
최예선,"대한민국,여성,솔로",솔로
Bump Of Chicken,일본/남성/그룹,그룹
Solo 휘인,None
헨리 (HENRY),"캐나다,남성,솔로",솔로
Blue.D,"대한민국,여성,솔로",솔로
Cast of Frozen 2,그룹,그룹
Woodie Gochild,"대한민국,남성,솔로",솔로
박서준,"대한민국,남성,솔로",솔로
Honda Minako,"일본,여성,솔로",솔로
OLDCODEX,None
선미,"대한민국,여성,솔로",솔로
장덕철,대한민국/남성/그룹,그룹
윙크,대한민국/여성/그룹,그룹
스탠딩 에그,대한민국/남성/그룹,그룹
Jawsh 685,"뉴질랜드,남성,솔로",솔로
"미스유랑단(김태연,양지은,윤태화,윤희,전유진)",대한민국/여성/그룹,그룹
프라이머리,"대한민국,남성,솔로",솔로
주예인,"대한민국,여성,솔로",솔로
HoneyWorks meets TrySail,None
三波春夫,None
서우정,"대한민국,남성,솔로",솔로
Swae Lee,"미국,남성,솔로",솔로
나쑈,"대한민국,남성,솔로",솔로
전소미,"대한민국,여성,솔로",솔로
Mary Lambert,"미국,여성,솔로",솔로
DK,"대한민국,남성,솔로",솔로
히키 (Hickey),솔로,솔로
Labrinth,"영국,남성,솔로",솔로
이소은,"대한민국,여성,솔로",솔로
남성일,"대한민국,남성,솔로",솔로
왕리훙,"타이완,남성,솔로",솔로
조덕배,"대한민국,남성,솔로",솔로
Joji,"미국,남성,솔로",솔로
유병열,"대한민국,남성,솔로",솔로
김동연,"대한민국,솔로",솔로
임선영,"대한민국,솔로",솔로
세훈&찬열,대한민국/남성/그룹,그룹
미료,"대한민국,여성,솔로",솔로
효민,"대한민국,여성,솔로",솔로
파랑새,대한민국/그룹,그룹
환불원정대,대한민국/여성/그룹,그룹
달의하루,대한민국/혼성/그룹,그룹
강민희,"대한민국,여성,솔로",솔로
Alan Walker,"노르웨이,남성,솔로",솔로
S.B.N,"남성,솔로",솔로
YOON Solo,None
소녀시대-태티서 (Girls' Generation-TTS),대한민국/여성/그룹,그룹
Elley Duhe,"미국,여성,솔로",솔로
권민제,"대한민국,남성,솔로",솔로
기희현,"대한민국,여성,솔로",솔로
김진웅,"대한민국,남성,솔로",솔로
Stray Kids (스트레이 키즈),대한민국/남성/그룹,그룹
이수현,"대한민국,여성,솔로",솔로
Che'Nelle,"오스트레일리아,여성,솔로",솔로
SUGA,"대한민국,남성,솔로",솔로
정유진,"대한민국,여성,솔로",솔로
유승호,"대한민국,남성,솔로",솔로
데일리비타민,None
이상곤,"대한민국,남성,솔로",솔로
Boyz II Men,미국/남성/그룹,그룹
신인선 (미스터싱싱),"대한민국,남성,솔로",솔로
J Dilla,"미국,남성,솔로",솔로
바비 킴,"미국,남성,솔로",솔로
Tiffany Young,"미국,여성,솔로",솔로
DeVita,"대한민국,여성,솔로",솔로
세러데이 (SATURDAY),대한민국/여성/그룹,그룹
서현진,"대한민국,여성,솔로",솔로
ピノキオピー,None
드렁큰 타이거,"대한민국,남성,솔로",솔로
花井美春,None
김도현,"대한민국,남성,솔로",솔로
JAY-Z,"미국,남성,솔로",솔로
트라이비(TRI.BE),대한민국/여성/그룹,그룹
KZ,"대한민국,솔로",솔로
The MD,대한민국/남성/그룹,그룹
Patrick Stump,"미국,남성,솔로",솔로
Cult Triple,대한민국/남성/그룹,그룹
Aqours,None
Dan_E,"남성,솔로",솔로
스윗소로우 (SWEET SORROW),대한민국/남성/그룹,그룹
Reol,"일본,여성,솔로",솔로
MC 날유,None
彭媛,None
티엔에프,대한민국/남성/그룹,그룹
박지헌,"대한민국,남성,솔로",솔로
이보람,"대한민국,여성,솔로",솔로
김소정,"대한민국,솔로",솔로
가을로 가는 기차,대한민국/여성/그룹,그룹
Hayake,None
문보라,"대한민국,여성,솔로",솔로
아둥가,"대한민국,남성,솔로",솔로
친칠라,"대한민국,솔로",솔로
D.O.A.,대한민국/남성/그룹,그룹
Hyde,"일본,남성,솔로",솔로
ソナーポケット,None
HYPNOSISMIC -D.R.B- (MAD TRIGGER CREW),일본/남성/그룹,그룹
유유 (YouU),대한민국/여성/그룹,그룹
palette studio,혼성/그룹,그룹
유진,"대한민국,여성,솔로",솔로
비에이 (Be.A),대한민국/남성/그룹,그룹
Long Shot Party,일본/남성/그룹,그룹
Sasha Sloan,"미국,여성,솔로",솔로
増位山太志郎,None
비욘드,대한민국/남성/그룹,그룹
구하라 (카라),"대한민국,여성,솔로",솔로
서동환,"대한민국,솔로",솔로
Jay Park,None
고영배,"대한민국,남성,솔로",솔로
Ty Dolla $ign,"미국,남성,솔로",솔로
Nick Jonas,"미국,남성,솔로",솔로
마부스 (Maboos),"대한민국,남성,솔로",솔로
张紫豪,None
진시몬,"대한민국,남성,솔로",솔로
Austin Mahone,"미국,남성,솔로",솔로
Jus2 (저스투),대한민국/남성/그룹,그룹
B.I,"대한민국,남성,솔로",솔로
장윤정,"대한민국,여성,솔로",솔로
더블에이,대한민국/남성/그룹,그룹
초아,"대한민국,여성,솔로",솔로
Charlie Wilson,"미국,남성,솔로",솔로
이수현,"대한민국,여성,솔로",솔로
정용화 (CNBLUE),"대한민국,남성,솔로",솔로
페퍼톤스 (Peppertones),대한민국/남성/그룹,그룹
이미키,"대한민국,여성,솔로",솔로
하이디(소나무),"대한민국,여성,솔로",솔로
ITZY (있지),대한민국/여성/그룹,그룹
エイトレンジャー,None
Caesar & Loui,스웨덴/그룹,그룹
Tove Lo,"스웨덴,여성,솔로",솔로
김청하,"대한민국,솔로",솔로
Inoue Kikuko,"일본,여성,솔로",솔로
우은미 (Woo Eun Mi),"여성,솔로",솔로
天月-あまつき-,None
Sotte Bosse,일본/혼성/그룹,그룹
PL (피엘),"대한민국,남성,솔로",솔로
김창희,"대한민국,남성,솔로",솔로
Kanye West,"미국,남성,솔로",솔로
七森中☆ごらく部 (나나모리 중학교☆오락부),일본/여성/그룹,그룹
Kelly Yu,"중국,여성,솔로",솔로
아일랜드 시티,대한민국/혼성/그룹,그룹
노지훈,"대한민국,남성,솔로",솔로
감스트,"대한민국,남성,솔로",솔로
박우진 (AB6IX),"대한민국,남성,솔로",솔로
原大輔,None
이기훈,솔로,솔로
지투 (G2),"대한민국,남성,솔로",솔로
김보아,"대한민국,여성,솔로",솔로
가오가이 (kaogaii),"대한민국,남성,솔로",솔로
달 좋은 밤,대한민국/혼성/그룹,그룹
보리수,"대한민국,여성,솔로",솔로
박정아,"대한민국,여성,솔로",솔로
Diplo,"미국,남성,솔로",솔로
DPR IAN,"대한민국,남성,솔로",솔로
다이나믹 듀오,대한민국/남성/그룹,그룹
클래지콰이,대한민국/혼성/그룹,그룹
화나 (Fana),"대한민국,남성,솔로",솔로
이채현,"대한민국,여성,솔로",솔로
차예련,"대한민국,여성,솔로",솔로
더 맨 블랙 (THE MAN BLK),대한민국/남성/그룹,그룹
BMTJ,"대한민국,솔로",솔로
Greg Han,"타이완,남성,솔로",솔로
강태환,"대한민국,남성,솔로",솔로
水森かおり,None
Maximilian Hecker,"독일,남성,솔로",솔로
샘김 (Sam Kim),"미국,남성,솔로",솔로
신보라,"대한민국,여성,솔로",솔로
立花理香,None
Aaliyah,"미국,여성,솔로",솔로
독도걸스,대한민국/여성/그룹,그룹
레트로펑키,대한민국/그룹,그룹
Miura Daichi,"일본,남성,솔로",솔로
한해,"대한민국,남성,솔로",솔로
남규리,"대한민국,여성,솔로",솔로
적우,"대한민국,여성,솔로",솔로
비즈니즈,"대한민국,남성,솔로",솔로
김명상,"대한민국,남성,솔로",솔로
SOLE (쏠),"대한민국,여성,솔로",솔로
Migos,미국/남성/그룹,그룹
유지아,"대한민국,여성,솔로",솔로
이용준,"대한민국,솔로",솔로
이세원,"대한민국,남성,솔로",솔로
학선,"대한민국,남성,솔로",솔로
Funkanala,영국/그룹,그룹
徳永英明,None
Conor Maynard,"영국,남성,솔로",솔로
조곤,"남성,솔로",솔로
SuperM,대한민국/남성/그룹,그룹
Kimbra,"뉴질랜드,여성,솔로",솔로
Jessie J,"영국,여성,솔로",솔로
한성호,"대한민국,남성,솔로",솔로
大泫,None
미스 미스터,대한민국/여성/그룹,그룹
송래퍼,None
Itano Tomomi,"일본,여성,솔로",솔로
Bizzy,"이탈리아,남성,솔로",솔로
Dionne Warwick,"미국,여성,솔로",솔로
孙语赛,None
윤일상,"대한민국,남성,솔로",솔로
Panda Gomm,"대한민국,남성,솔로",솔로
최현준 (V.O.S),"대한민국,남성,솔로",솔로
쿠기 (Coogie),"대한민국,남성,솔로",솔로
스텔라장 (Stella Jang),"대한민국,여성,솔로",솔로
박경훈,"대한민국,솔로",솔로
Adele,"영국,여성,솔로",솔로
J. Balvin,"콜롬비아,남성,솔로",솔로
낯선아이,"대한민국,여성,솔로",솔로
최성훈,"대한민국,남성,솔로",솔로
퍼플레인,대한민국/남성/그룹,그룹
나원주,"대한민국,남성,솔로",솔로
사이드비 (Side-B),대한민국/남성/그룹,그룹
Pharoahe Monch,"미국,남성,솔로",솔로
赵雷,None
설라경,"대한민국,여성,솔로",솔로
이혜선,"대한민국,여성,솔로",솔로
NATURE (네이처),대한민국/여성/그룹,그룹
Niall Horan,"아일랜드,남성,솔로",솔로
하성운,"대한민국,남성,솔로",솔로
UV,대한민국/남성/그룹,그룹
蒋家驹,None
백찬,"대한민국,남성,솔로",솔로
Little Mix,영국/여성/그룹,그룹
DIA (다이아),대한민국/여성/그룹,그룹
해빈 (구구단),"대한민국,여성,솔로",솔로
藤川千愛,None
B.I,"대한민국,남성,솔로",솔로
Winona Oak,"스웨덴,여성,솔로",솔로
中島愛,None
키디비 (KittiB),"대한민국,여성,솔로",솔로
Mokyo,"대한민국,남성,솔로",솔로
The Jackson 5,미국/남성/그룹,그룹
スズム,None
大橋彩香,None
황승민,"대한민국,여성,솔로",솔로
처진 달팽이 (유재석 & 이적),대한민국/남성/그룹,그룹
손호준,"대한민국,남성,솔로",솔로
로이킴,"대한민국,남성,솔로",솔로
임병수,"볼리비아,남성,솔로",솔로
dsel (디젤),"대한민국,남성,솔로",솔로
Beyonce,"미국,여성,솔로",솔로
RAISE A SUILEN,솔로,솔로
주비트레인,"대한민국,남성,솔로",솔로
Oda Kazumasa,"일본,남성,솔로",솔로
블랙홀,대한민국/남성/그룹,그룹
시원 (SIWON),"대한민국,남성,솔로",솔로
승민,"대한민국,남성,솔로",솔로
MINO (송민호),"대한민국,남성,솔로",솔로
윤보미,"대한민국,여성,솔로",솔로
防弾少年団,None
イヤミ,None
Bueno Clinic,폴란드/남성/그룹,그룹
김석진,"대한민국,솔로",솔로
황태산,"대한민국,남성,솔로",솔로
더나은,"대한민국,여성,솔로",솔로
남영주,"대한민국,여성,솔로",솔로
김동률,"대한민국,남성,솔로",솔로
김동률,"대한민국,남성,솔로",솔로
트니트니,None
E.VIA,None
姜鹏,None
STAYC(스테이씨),대한민국/여성/그룹,그룹
Foxes,"영국,여성,솔로",솔로
김희재,"대한민국,남성,솔로",솔로
새벽한시,대한민국/여성/그룹,그룹
새벽한시,대한민국/여성/그룹,그룹
앤디,"대한민국,남성,솔로",솔로
앤디,"대한민국,남성,솔로",솔로
앤디,"대한민국,남성,솔로",솔로
장태희,"대한민국,여성,솔로",솔로
최정환,"대한민국,남성,솔로",솔로
컬투,대한민국/남성/그룹,그룹
동방신기 (TVXQ!),대한민국/남성/그룹,그룹
동방신기 (TVXQ!),대한민국/남성/그룹,그룹
금사랑,None
권소현,None
나비드 (NAVID),"대한민국,여성,솔로",솔로
임수정,"대한민국,여성,솔로",솔로
방용국,"대한민국,남성,솔로",솔로
1415,대한민국/남성/그룹,그룹
1415,대한민국/남성/그룹,그룹
들국화,대한민국/남성/그룹,그룹
들국화,대한민국/남성/그룹,그룹
라이관린,"타이완,남성,솔로",솔로
김선희,"대한민국,여성,솔로",솔로
김태균 (TAKEONE),"대한민국,남성,솔로",솔로
구구단 (gugudan),대한민국/여성/그룹,그룹
박보영,"대한민국,여성,솔로",솔로
박보영,"대한민국,여성,솔로",솔로
박보영,"대한민국,여성,솔로",솔로
박보영,"대한민국,여성,솔로",솔로
이준호,"대한민국,남성,솔로",솔로
Rae Sremmurd,미국/남성/그룹,그룹
オーロラ,None
CHiCO with HoneyWorks,일본/그룹,그룹
CHiCO with HoneyWorks,일본/그룹,그룹
Honeyworks,일본/그룹,그룹
Honeyworks,일본/그룹,그룹
타이미,"대한민국,여성,솔로",솔로
장하온,"대한민국,여성,솔로",솔로
금호동,"대한민국,남성,솔로",솔로
하우두유둘 (유재석 & 유희열),대한민국/남성/그룹,그룹
하우두유둘 (유재석 & 유희열),대한민국/남성/그룹,그룹
박은옥,"대한민국,여성,솔로",솔로
JoJo,"미국,여성,솔로",솔로
JoJo,"미국,여성,솔로",솔로
사나,"일본,여성,솔로",솔로
Woollim,None
"퀸즈 (김소희, 김혜림, 크리샤 츄)",대한민국/여성/그룹,그룹
토니 안,"대한민국,남성,솔로",솔로
윤혜란,"대한민국,여성,솔로",솔로
윤혜란,"대한민국,여성,솔로",솔로
Tish Hyman,"영국,남성,솔로",솔로
Tish Hyman,"영국,남성,솔로",솔로
TOIL,"대한민국,남성,솔로",솔로
정일송,"대한민국,남성,솔로",솔로
どついたれ本舗,None
이성종 (인피니트),"대한민국,남성,솔로",솔로
명콜드라이브,대한민국/혼성/그룹,그룹
명콜드라이브,대한민국/혼성/그룹,그룹
김재실,"대한민국,남성,솔로",솔로
오디(ODEE),"대한민국,남성,솔로",솔로
패티김,"대한민국,여성,솔로",솔로
Solomon Burke,"미국,남성,솔로",솔로
부활,대한민국/남성/그룹,그룹
JJCC (제이제이씨씨),대한민국/남성/그룹,그룹
JJCC (제이제이씨씨),대한민국/남성/그룹,그룹
The Killers,미국/남성/그룹,그룹
The Killers,미국/남성/그룹,그룹
VIINI (권현빈),"대한민국,남성,솔로",솔로
MAGIC!,캐나다/그룹,그룹
변요한,"대한민국,남성,솔로",솔로
레이디스 코드,대한민국/여성/그룹,그룹
레이디스 코드,대한민국/여성/그룹,그룹
Will.I.Am,"미국,남성,솔로",솔로
Will.I.Am,"미국,남성,솔로",솔로
박재범,"미국,남성,솔로",솔로
조민규 (포레스텔라),"대한민국,남성,솔로",솔로
이국현,"대한민국,남성,솔로",솔로
장범준,"대한민국,남성,솔로",솔로
장범준,"대한민국,남성,솔로",솔로
신예영,"대한민국,여성,솔로",솔로
신예영,"대한민국,여성,솔로",솔로
국이,"대한민국,남성,솔로",솔로
한여울,"대한민국,여성,솔로",솔로
Noah Cyrus,"미국,여성,솔로",솔로
坂本真綾,None
이민우,None
M (이민우),"대한민국,남성,솔로",솔로
M (이민우),"대한민국,남성,솔로",솔로
Mikaila,"미국,여성,솔로",솔로
Jack Stauber's Micropop,솔로,솔로
강민성,"대한민국,남성,솔로",솔로
신용재 (2F),"대한민국,남성,솔로",솔로
소민,"대한민국,여성,솔로",솔로
몬스타엑스,대한민국/남성/그룹,그룹
Ghost Note,"미국,솔로",솔로
김상욱,"남성,솔로",솔로
마이크로닷 (Microdot),"대한민국,남성,솔로",솔로
안성훈,"대한민국,남성,솔로",솔로
포스트맨 (Postmen),대한민국/남성/그룹,그룹
송혜교,"대한민국,여성,솔로",솔로
첸 (CHEN),"대한민국,남성,솔로",솔로
양지은,"대한민국,여성,솔로",솔로
최순호,"대한민국,남성,솔로",솔로
A応P,None
K.Heart,"대한민국,여성,솔로",솔로
Bruno Mars,"미국,남성,솔로",솔로
LINKIN PARK,미국/남성/그룹,그룹
정연순,"대한민국,여성,솔로",솔로
くらげP,None
남자친구,"대한민국,솔로",솔로
브로콜리너마저,대한민국/혼성/그룹,그룹
펀치 (Punch),"대한민국,여성,솔로",솔로
Digital Farm Animals,"영국,남성,솔로",솔로
Omarion,"미국,남성,솔로",솔로
노기태,"대한민국,남성,솔로",솔로
島﨑信長,None
NCT 127,대한민국/남성/그룹,그룹
자전거 탄 풍경,대한민국/남성/그룹,그룹
옌자민,"대한민국,남성,솔로",솔로
キム・ヒョンジュン,None
Avril Lavigne,"캐나다,여성,솔로",솔로
영현,"대한민국,여성,솔로",솔로
치치,대한민국/여성/그룹,그룹
지창욱,"대한민국,남성,솔로",솔로
한수성,"대한민국,남성,솔로",솔로
박구윤,"대한민국,남성,솔로",솔로
Carla Bruni,"프랑스,여성,솔로",솔로
고아람,"대한민국,솔로",솔로
R Sound Design,None
소찬휘,"대한민국,여성,솔로",솔로
Mae Muller,"영국,여성,솔로",솔로
Styx,미국/남성/그룹,그룹
네미시스,대한민국/남성/그룹,그룹
네미시스,대한민국/남성/그룹,그룹
오지은과 늑대들,대한민국/혼성/그룹,그룹
오지은과 늑대들,대한민국/혼성/그룹,그룹
P1Harmony,대한민국/남성/그룹,그룹
Nishino Kana,"일본,여성,솔로",솔로
금단비,"대한민국,여성,솔로",솔로
Emma Stone,"미국,여성,솔로",솔로
Emma Stone,"미국,여성,솔로",솔로
Emma Stone,"미국,여성,솔로",솔로
Emma Stone,"미국,여성,솔로",솔로
Enrique Iglesias,"스페인,남성,솔로",솔로
최진호 (BlueWhale),"대한민국,남성,솔로",솔로
장수,"대한민국,남성,솔로",솔로
JAMIE (제이미),"대한민국,여성,솔로",솔로
JAMIE (제이미),"대한민국,여성,솔로",솔로
손태진,"대한민국,남성,솔로",솔로
손태진,"대한민국,남성,솔로",솔로
손태진,"대한민국,남성,솔로",솔로
XIAH Junsu,None
어쿠스틱 콜라보,대한민국/혼성/그룹,그룹
Straight No Chaser,미국/남성/그룹,그룹
한그루,"대한민국,여성,솔로",솔로
한그루,"대한민국,여성,솔로",솔로
김고은,"대한민국,여성,솔로",솔로
미지,대한민국/여성/그룹,그룹
미지,대한민국/여성/그룹,그룹
The Lumineers,미국/혼성/그룹,그룹
강민주,"대한민국,여성,솔로",솔로
이시은,"대한민국,여성,솔로",솔로
정준일,"대한민국,남성,솔로",솔로
meenoi (미노이),"대한민국,여성,솔로",솔로
오원빈,"대한민국,남성,솔로",솔로
양요섭,"대한민국,남성,솔로",솔로
노브레인,대한민국/남성/그룹,그룹
진성,"대한민국,남성,솔로",솔로
빌리어코스티,"대한민국,남성,솔로",솔로
최현상,"대한민국,남성,솔로",솔로
Bon Jovi,미국/남성/그룹,그룹
N.W.A.,미국/남성/그룹,그룹
Ishikawa Sayuri,"일본,여성,솔로",솔로
만성,"대한민국,남성,솔로",솔로
Oscar Peterson,"캐나다,남성,솔로",솔로
김나희,"대한민국,여성,솔로",솔로
Troye Sivan,"오스트레일리아,남성,솔로",솔로
요섭,None
TEAM B,대한민국/남성/그룹,그룹
千 昌夫,None
초신성,대한민국/남성/그룹,그룹
广东雨神,None
박세빈,솔로,솔로
김상중,"대한민국,남성,솔로",솔로
남궁송옥,"대한민국,여성,솔로",솔로
Perfume,일본/여성/그룹,그룹
제이큐(JQ),"대한민국,남성,솔로",솔로
윤비 (YunB),"대한민국,남성,솔로",솔로
Arctic Monkeys,영국/남성/그룹,그룹
김영근,"대한민국,남성,솔로",솔로
Tones And I,"오스트레일리아,여성,솔로",솔로
코드 쿤스트 (CODE KUNST),"대한민국,남성,솔로",솔로
 by ZICO,None
나미애,"대한민국,여성,솔로",솔로
데프콘,"대한민국,남성,솔로",솔로
문영선,"대한민국,남성,솔로",솔로
AB6IX (에이비식스),대한민국/남성/그룹,그룹
PK 헤만,"대한민국,남성,솔로",솔로
어니스트 (Honest),대한민국/남성/그룹,그룹
한지은,"대한민국,여성,솔로",솔로
정재형,"남성,솔로",솔로
이용백,"대한민국,남성,솔로",솔로
조대호,"대한민국,남성,솔로",솔로
조우찬,"대한민국,남성,솔로",솔로
뎁트,"대한민국,남성,솔로",솔로
MFBTY,대한민국/혼성/그룹,그룹
에이프릴 (APRIL),대한민국/여성/그룹,그룹
한영애,"대한민국,여성,솔로",솔로
Poppin'Party,일본/여성/그룹,그룹
이로울,"대한민국,솔로",솔로
남성민,"대한민국,남성,솔로",솔로
JJ Project,대한민국/남성/그룹,그룹
고어텍스,None
재중,None
메킷레인(MKIT RAIN),대한민국/남성/그룹,그룹
제이워크,대한민국/남성/그룹,그룹
PERC%NT,"대한민국,남성,솔로",솔로
로켓펀치(Rocket Punch),대한민국/여성/그룹,그룹
Mac Miller,"미국,남성,솔로",솔로
Toki Asako,"일본,여성,솔로",솔로
6 to 8,대한민국/남성/그룹,그룹
The Rose(더 로즈),대한민국/남성/그룹,그룹
김중연,"대한민국,남성,솔로",솔로
Twista,"미국,남성,솔로",솔로
조관우,"대한민국,남성,솔로",솔로
레이나 (Raina),"대한민국,여성,솔로",솔로
강호갑,"대한민국,남성,솔로",솔로
Minit,"대한민국,남성,솔로",솔로
김정호,"대한민국,남성,솔로",솔로
그라고보이,대한민국/남성/그룹,그룹
신원 (펜타곤),"대한민국,남성,솔로",솔로
조은혜,"대한민국,여성,솔로",솔로
DAOKO X 岡村靖幸,None
Taylor Swift,"미국,여성,솔로",솔로
한요한,"대한민국,남성,솔로",솔로
리아킴,"대한민국,여성,솔로",솔로
Keepop,대한민국/남성/그룹,그룹
황윤성,"대한민국,남성,솔로",솔로
LC9,대한민국/남성/그룹,그룹
서지오,"대한민국,여성,솔로",솔로
디유닛,대한민국/여성/그룹,그룹
아론 (뉴이스트),"미국,남성,솔로",솔로
GIST (윤현선),"대한민국,남성,솔로",솔로
문별 Solo,None
V.One,"대한민국,남성,솔로",솔로
알렉스,"캐나다,남성,솔로",솔로
Soul Harmony,대한민국/혼성/그룹,그룹
DPR LIVE,"대한민국,남성,솔로",솔로
주주 클럽,대한민국/혼성/그룹,그룹
왕비,"홍콩,여성,솔로",솔로
양하치,"대한민국,남성,솔로",솔로
최매력,"대한민국,여성,솔로",솔로
승희 (오마이걸),"대한민국,여성,솔로",솔로
King Gnu,일본/남성/그룹,그룹
SummerWish,대한민국/여성/그룹,그룹
크리스티나러브리,None
금종배,"대한민국,남성,솔로",솔로
Beatbox DG,None
Meghan Trainor,"미국,여성,솔로",솔로
민연재,"대한민국,남성,솔로",솔로
沈谧仁,None
Kiiara,"미국,여성,솔로",솔로
강은애,"남성,솔로",솔로
비비 (BIBI),"대한민국,여성,솔로",솔로
명희,"대한민국,여성,솔로",솔로
타코앤제이형,대한민국/남성/그룹,그룹
김큰산,"대한민국,남성,솔로",솔로
진실,솔로,솔로
이태호,"대한민국,남성,솔로",솔로
플라스틱,대한민국/혼성/그룹,그룹
전인권밴드,대한민국/혼성/그룹,그룹
신지,"대한민국,여성,솔로",솔로
Roberta Flack,"미국,여성,솔로",솔로
Mariah Carey,"미국,여성,솔로",솔로
강준하,"대한민국,남성,솔로",솔로
아이유,"대한민국,여성,솔로",솔로
엑시 (우주소녀),"대한민국,여성,솔로",솔로
백지웅,"대한민국,남성,솔로",솔로
현동현,"대한민국,남성,솔로",솔로
성진우,"대한민국,남성,솔로",솔로
A.C.E (에이스),대한민국/남성/그룹,그룹
빛나래,"대한민국,솔로",솔로
다섯장,대한민국/남성/그룹,그룹
Chance The Rapper,"미국,남성,솔로",솔로
BDC,대한민국/남성/그룹,그룹
김수련,솔로,솔로
강허달림,"대한민국,여성,솔로",솔로
비비안 (BBAHN),"대한민국,여성,솔로",솔로
小咪,None
저스디스 (JUSTHIS),"대한민국,남성,솔로",솔로
w-inds.,일본/남성/그룹,그룹
한경일,"대한민국,남성,솔로",솔로
임시완,"대한민국,남성,솔로",솔로
AOA,대한민국/여성/그룹,그룹
이장원,"대한민국,남성,솔로",솔로
M시그널,대한민국/남성/그룹,그룹
한영애,"대한민국,여성,솔로",솔로
방현용,None
채희,"대한민국,여성,솔로",솔로
박윤경,"대한민국,여성,솔로",솔로
신성우,"대한민국,남성,솔로",솔로
Napper,None
Charli XCX,"영국,여성,솔로",솔로
니화 (NiiHWA),"대한민국,남성,솔로",솔로
성아,"대한민국,여성,솔로",솔로
Babyface,"미국,남성,솔로",솔로
이태종,"대한민국,남성,솔로",솔로
石川界人,None
고경표,"대한민국,남성,솔로",솔로
거북이,대한민국/혼성/그룹,그룹
더필름,"대한민국,남성,솔로",솔로
Bipolar Sunshine,"영국,남성,솔로",솔로
Kehlani,"미국,여성,솔로",솔로
휘인 (Whee In),"대한민국,여성,솔로",솔로
하이브리파인,"대한민국,남성,솔로",솔로
히피는 집시였다,대한민국/남성/그룹,그룹
커피소년,"대한민국,남성,솔로",솔로
Keira Knightley,"영국,여성,솔로",솔로
杨蔓,None
aespa,대한민국/여성/그룹,그룹
Vocal 임재현,None
김꽃,"대한민국,여성,솔로",솔로
DeVita,"대한민국,여성,솔로",솔로
윤정수,"대한민국,남성,솔로",솔로
YG New Girl Group,None
우애경,"대한민국,여성,솔로",솔로
Louis Armstrong,"미국,남성,솔로",솔로
知英,None
버벌진트,"대한민국,남성,솔로",솔로
짙은,"대한민국,남성,솔로",솔로
Hyunjun Hur (허현준),"대한민국,남성,솔로",솔로
SUGA,"대한민국,남성,솔로",솔로
戸松遥,None
Annika Wells,"대한민국,솔로",솔로
석훈성,"대한민국,남성,솔로",솔로
강승희,"대한민국,여성,솔로",솔로
써니사이드 챙,"대한민국,남성,솔로",솔로
소유 (SOYOU),"대한민국,여성,솔로",솔로
김성규,"대한민국,남성,솔로",솔로
조정희 (Jung-hee Cho),"대한민국,여성,솔로",솔로
슬레이트,대한민국/남성/그룹,그룹
Billy Eichner,"미국,남성,솔로",솔로
베이빌론 (Babylon),"대한민국,남성,솔로",솔로
Yuzu,일본/남성/그룹,그룹
온유 (ONEW),"대한민국,남성,솔로",솔로
이장희,"대한민국,남성,솔로",솔로
"상주나 (정준하, 윤상)",대한민국/남성/그룹,그룹
JAZZMAL,"대한민국,솔로",솔로
Suzuki Masayuki,"일본,남성,솔로",솔로
ハロー、ハッピーワールド！,None
나몰라패밀리 (Namolla Family),대한민국/남성/그룹,그룹
콜라보이스,대한민국/남성/그룹,그룹
박한별,"대한민국,여성,솔로",솔로
갱키즈,대한민국/여성/그룹,그룹
박진영,"대한민국,남성,솔로",솔로
정진우,"대한민국,남성,솔로",솔로
Kelly Rowland,"미국,여성,솔로",솔로
BewhY (비와이),"대한민국,남성,솔로",솔로
Automatic,미국/여성/그룹,그룹
홍주찬,"대한민국,남성,솔로",솔로
준수 (A-TUNES),솔로,솔로
東京事変,None
Mary J. Blige,"미국,여성,솔로",솔로
Sage The Gemini,"미국,남성,솔로",솔로
AJR,미국/남성/그룹,그룹
Natalia Lafourcade,"멕시코,여성,솔로",솔로
나윤선,"대한민국,여성,솔로",솔로
다빈크,"대한민국,남성,솔로",솔로
La Roux,"영국,여성,솔로",솔로
Hanamori Yumiri,"일본,여성,솔로",솔로
순순희,대한민국/남성/그룹,그룹
포맨,대한민국/남성/그룹,그룹
설하윤,"대한민국,여성,솔로",솔로
Horie Yui,"일본,여성,솔로",솔로
은지원,"대한민국,남성,솔로",솔로
新里宏太,None
Wootso,None
현우빈,"대한민국,남성,솔로",솔로
김성기 (바다새),"대한민국,남성,솔로",솔로
김종국,"대한민국,남성,솔로",솔로
라이머,"대한민국,남성,솔로",솔로
NS 윤지,"대한민국,여성,솔로",솔로
박수진,"대한민국,여성,솔로",솔로
Dan Hill,None
의식곡,None
세상 모든 대디에게 경래,대한민국/남성/그룹,그룹
디에이드 (The Ade),그룹,그룹
대현,"대한민국,남성,솔로",솔로
杨瑞代,None
변재원,"대한민국,남성,솔로",솔로
지나,"캐나다,여성,솔로",솔로
만화영화주제가,None
Donny Hathaway,"미국,남성,솔로",솔로
업타운,대한민국/남성/그룹,그룹
차지연,"대한민국,여성,솔로",솔로
해찬 (HAECHAN),"대한민국,남성,솔로",솔로
이채윤,"대한민국,여성,솔로",솔로
골든차일드,대한민국/남성/그룹,그룹
Osshun Gum,"대한민국,남성,솔로",솔로
Aimi,"일본,여성,솔로",솔로
Jeff Bernat,"미국,남성,솔로",솔로
Various Artists 2010,솔로,솔로
Various Artists 2010,솔로,솔로
Uriah Heep,영국/남성/그룹,그룹
강현웅,"대한민국,솔로",솔로
이지혜,"대한민국,여성,솔로",솔로
유태광,"대한민국,남성,솔로",솔로
刘心,None
원우진,"대한민국,남성,솔로",솔로
에이치코드 (H:CODE),"대한민국,남성,솔로",솔로
윤화재인,"대한민국,여성,솔로",솔로
MC 진리,"대한민국,남성,솔로",솔로
정혜인,"대한민국,여성,솔로",솔로
개코,"대한민국,남성,솔로",솔로
정엽,"대한민국,남성,솔로",솔로
최성용,None
장원기,"대한민국,남성,솔로",솔로
"정선희,김효진","대한민국,여성,솔로",솔로
피그말리온,대한민국/혼성/그룹,그룹
이달의 소녀 yyxy,대한민국/여성/그룹,그룹
Brian McKnight,"미국,남성,솔로",솔로
TAM TAM (탐탐),"대한민국,남성,솔로",솔로
Jess Glynne,"영국,여성,솔로",솔로
박유천,"대한민국,남성,솔로",솔로
一松,None
이주옥,None
Luck Life,일본/남성/그룹,그룹
김연우,"대한민국,남성,솔로",솔로
岑宁儿,None
VICTON (빅톤),대한민국/남성/그룹,그룹
김소유,"대한민국,여성,솔로",솔로
Pink Floyd,영국/남성/그룹,그룹
YOASOBI,일본/그룹,그룹
Loren Allred,"미국,여성,솔로",솔로
One Life Crew,일본/혼성/그룹,그룹
benny blanco,"미국,남성,솔로",솔로
남상욱,"대한민국,남성,솔로",솔로
브랜뉴보이즈,None
宍戸留美,None
TETE,"대한민국,남성,솔로",솔로
전소현,"대한민국,여성,솔로",솔로
Khalid,"미국,남성,솔로",솔로
DooBoo,"대한민국,여성,솔로",솔로
비오브유 (B.O.Y),대한민국/남성/그룹,그룹
안은경,"대한민국,여성,솔로",솔로
마시따 밴드,"대한민국,남성,솔로",솔로
Vocal 반광옥,None
무한도전,대한민국/남성/그룹,그룹
드라마틱 블루,대한민국/남성/그룹,그룹
Desiigner,"미국,남성,솔로",솔로
Saint Aqours Snow,None
최강창민 (MAX CHANGMIN),"대한민국,남성,솔로",솔로
任妙音,None
얀키 (YANKIE),"대한민국,남성,솔로",솔로
By2,None
용준형,"대한민국,남성,솔로",솔로
MELOH,"대한민국,남성,솔로",솔로
차준호,"대한민국,남성,솔로",솔로
MC Meta,"대한민국,남성,솔로",솔로
三宅麻理恵,None
박윤화,"대한민국,남성,솔로",솔로
Plain Note,대한민국/남성/그룹,그룹
르르르,None
BK!,"대한민국,솔로",솔로
U-Tum,None
오혜금,"대한민국,여성,솔로",솔로
윤두준,"대한민국,남성,솔로",솔로
Rurutia,"일본,여성,솔로",솔로
yabul,"대한민국,솔로",솔로
영실업,"대한민국,솔로",솔로
Paramore,미국/그룹,그룹
王冕,None
Mili,솔로,솔로
RM,"대한민국,남성,솔로",솔로
이무진,"대한민국,남성,솔로",솔로
BUMZU,"대한민국,남성,솔로",솔로
eaJ,솔로,솔로
터치,대한민국/남성/그룹,그룹
MOOK,"남성,솔로",솔로
임보람,"대한민국,솔로",솔로
김성균,"대한민국,남성,솔로",솔로
銀サク,None
Heatwave,영국/남성/그룹,그룹
정영은,"대한민국,여성,솔로",솔로
PS영준,"대한민국,남성,솔로",솔로
이희선여사,"대한민국,여성,솔로",솔로
안규성,"대한민국,남성,솔로",솔로
Kamikita Ken,"일본,남성,솔로",솔로
하주연,"대한민국,여성,솔로",솔로
이수나,"대한민국,여성,솔로",솔로
블랙펄,대한민국/여성/그룹,그룹
최성민,"대한민국,솔로",솔로
양지은,"대한민국,여성,솔로",솔로
김서영,"대한민국,솔로",솔로
타린,"대한민국,여성,솔로",솔로
원슈타인,"대한민국,솔로",솔로
김용임,"대한민국,여성,솔로",솔로
Cheap Trick,미국/남성/그룹,그룹
갓츄 (GOT U),대한민국/남성/그룹,그룹
최소연,"대한민국,여성,솔로",솔로
Byung Un,None
Sophia Somajo,"스웨덴,여성,솔로",솔로
모노그램,대한민국/혼성/그룹,그룹
달총 (Cheeze),"대한민국,여성,솔로",솔로
텐야드,대한민국/남성/그룹,그룹
나영,"중국,여성,솔로",솔로
Ysabelle Cuevas,"필리핀,여성,솔로",솔로
이현도,"대한민국,남성,솔로",솔로
방주연,"대한민국,여성,솔로",솔로
투모로우바이투게더,대한민국/남성/그룹,그룹
Crush,"대한민국,남성,솔로",솔로
김형부,"대한민국,남성,솔로",솔로
소연 ((여자)아이들),"대한민국,여성,솔로",솔로
문희옥,"대한민국,여성,솔로",솔로
지진석,"대한민국,남성,솔로",솔로
임희종,"대한민국,남성,솔로",솔로
Pentatonix,미국/혼성/그룹,그룹
THERAY,"대한민국,남성,솔로",솔로
상민,"대한민국,남성,솔로",솔로
지원사격,대한민국/남성/그룹,그룹
그루비룸 (GroovyRoom),대한민국/남성/그룹,그룹
RADWIMPS (래드윔프스),일본/남성/그룹,그룹
긱스 (Geeks),대한민국/남성/그룹,그룹
Lea Salonga,"필리핀,여성,솔로",솔로
ハチ,None
Chillin Homie,"대한민국,남성,솔로",솔로
Billy Preston,"미국,남성,솔로",솔로
SHINee (샤이니),대한민국/남성/그룹,그룹
김재중,"대한민국,남성,솔로",솔로
Dear Moon (문지원),"대한민국,솔로",솔로
AKB48,일본/여성/그룹,그룹
OK PUNK!,대한민국/혼성/그룹,그룹
Macklemore,"미국,남성,솔로",솔로
김재희,"대한민국,남성,솔로",솔로
Shy Martin,"스웨덴,여성,솔로",솔로
소이,"대한민국,솔로",솔로
예성 (YESUNG),"대한민국,남성,솔로",솔로
메건리,"미국,여성,솔로",솔로
SOMDEF (썸데프),"대한민국,남성,솔로",솔로
리누 (Lee-Nu),"대한민국,남성,솔로",솔로
Tamura Yukari,"일본,여성,솔로",솔로
Liam Payne,"영국,남성,솔로",솔로
新沼謙治,None
Godan,솔로,솔로
카더가든,"대한민국,남성,솔로",솔로
웨이천,"중국,남성,솔로",솔로
곽창선,"대한민국,남성,솔로",솔로
윤도현,"대한민국,남성,솔로",솔로
신치림,대한민국/남성/그룹,그룹
Kis-My-Ft2,None
Avicii,"스웨덴,남성,솔로",솔로
AZIATIX,미국/남성/그룹,그룹
네바다#51,None
백아연,"대한민국,여성,솔로",솔로
함소원,"대한민국,여성,솔로",솔로
가인,"대한민국,여성,솔로",솔로
장재봉,"대한민국,남성,솔로",솔로
권정자,None
 by 기리보이,None
전민선,"대한민국,솔로",솔로
이주민 (Yizumin),대한민국/남성/그룹,그룹
花は咲くプロジェクト,None
강승윤,"대한민국,남성,솔로",솔로
이성준,"대한민국,남성,솔로",솔로
김바다,"대한민국,남성,솔로",솔로
Christina Aguilera,"미국,여성,솔로",솔로
쟈코비플래닛 (Jacoby Planet),대한민국/남성/그룹,그룹
믹스나인 (MIXNINE),대한민국/그룹,그룹
유정란 (유세윤 & 이정),대한민국/남성/그룹,그룹
Morfonica,일본/여성/그룹,그룹
슈퍼주니어-K.R.Y,None
센치한 하하 (하하 & 10cm),대한민국/남성/그룹,그룹
씽,대한민국/남성/그룹,그룹
배금성,"대한민국,남성,솔로",솔로
신현빈,"대한민국,남성,솔로",솔로
김태현 (lalala studio),"남성,솔로",솔로
梁咏琪,None
Green Day,미국/남성/그룹,그룹
이진우 ($IGA A),"대한민국,남성,솔로",솔로
진호 (펜타곤),"대한민국,남성,솔로",솔로
김민석 (멜로망스),"대한민국,남성,솔로",솔로
비밥,대한민국/여성/그룹,그룹
Eric Turner,"영국,남성,솔로",솔로
E2RE,대한민국/여성/그룹,그룹
유리아 (YULIA),"대한민국,여성,솔로",솔로
스웨덴세탁소,대한민국/여성/그룹,그룹
이가야,"대한민국,여성,솔로",솔로
브라운 아이드 소울,대한민국/남성/그룹,그룹
James Arthur,"영국,남성,솔로",솔로
임세준,"대한민국,남성,솔로",솔로
백아연,"대한민국,여성,솔로",솔로
Kaytranada,"캐나다,남성,솔로",솔로
바로,"대한민국,남성,솔로",솔로
신유,"대한민국,남성,솔로",솔로
마야,"대한민국,여성,솔로",솔로
ノースリーブス,None
三代目 J Soul Brothers from EXILE TRIBE,일본/남성/그룹,그룹
2PM 준수,None
花姐,None
Jack Johnson,"미국,남성,솔로",솔로
유진 박,"미국,남성,솔로",솔로
Bee Gees,영국/남성/그룹,그룹
황대훈,"대한민국,남성,솔로",솔로
Orleans,미국/남성/그룹,그룹
시나위,대한민국/남성/그룹,그룹
성훈,"대한민국,남성,솔로",솔로
Jake Owen,"미국,남성,솔로",솔로
西田佐知子,None
김보형,"대한민국,여성,솔로",솔로
iDeal,"대한민국,솔로",솔로
조권,"대한민국,남성,솔로",솔로
Duet.키썸,None
형섭X의웅,대한민국/남성/그룹,그룹
Kaito,"일본,남성,솔로",솔로
정성하,"대한민국,남성,솔로",솔로
스무살,"대한민국,남성,솔로",솔로
刘惜君,None
HYPNOSISMIC -D.R.B- (Buster Bros!!!),일본/남성/그룹,그룹
이가수,"대한민국,여성,솔로",솔로
전시현,"대한민국,남성,솔로",솔로
서태지,"대한민국,남성,솔로",솔로
姜玉阳,None
지누션,대한민국/남성/그룹,그룹
谭维维,None
김광규,"대한민국,남성,솔로",솔로
Hunter Hayes,"미국,남성,솔로",솔로
knock,"대한민국,남성,솔로",솔로
투개월,대한민국/혼성/그룹,그룹
DEAN,"대한민국,남성,솔로",솔로
10CM,"대한민국,남성,솔로",솔로
Emilee,"여성,솔로",솔로
高进,None
wowaka,"일본,남성,솔로",솔로
Gunna,"미국,남성,솔로",솔로
Daft Punk,프랑스/남성/그룹,그룹
김재원,"대한민국,남성,솔로",솔로
심은경,"대한민국,솔로",솔로
이성욱,"대한민국,남성,솔로",솔로
Andra Day,"미국,여성,솔로",솔로
진돗개,None
Young K,"대한민국,남성,솔로",솔로
김원준,"대한민국,남성,솔로",솔로
The Stroboscorp,None
남자의자격밴드,None
The 1975,영국/남성/그룹,그룹
옥수사진관,대한민국/남성/그룹,그룹
Gonzo,"포르투갈,솔로",솔로
黒沢ともよ,None
Olivia Rodrigo,"미국,여성,솔로",솔로
강자민,"대한민국,여성,솔로",솔로
Do As Infinity,일본/혼성/그룹,그룹
Pitbull,"쿠바,남성,솔로",솔로
sg WANNA BE+,None
체리블렛 (Cherry Bullet),대한민국/여성/그룹,그룹
Endoh Masaaki,"일본,남성,솔로",솔로
The One (더원),"대한민국,남성,솔로",솔로
Maroon 5,미국/남성/그룹,그룹
지환,"대한민국,남성,솔로",솔로
차메인 (ChaMane),"대한민국,남성,솔로",솔로
Glen Hansard,"아일랜드,남성,솔로",솔로
许华升,None
김동일,"대한민국,솔로",솔로
델리스파이스,대한민국/남성/그룹,그룹
하림,"대한민국,남성,솔로",솔로
R.ef,대한민국/남성/그룹,그룹
배연서,None
승국이,"대한민국,남성,솔로",솔로
왕소연,"대한민국,여성,솔로",솔로
嵐 (ARASHI),일본/남성/그룹,그룹
이용신,"대한민국,여성,솔로",솔로
민효린,"대한민국,여성,솔로",솔로
혁오 (HYUKOH),대한민국/남성/그룹,그룹
B.o.B,"미국,남성,솔로",솔로
선율,"대한민국,남성,솔로",솔로
마인드유,대한민국/남성/그룹,그룹
Julia Michaels,"미국,여성,솔로",솔로
Kahara Tomomi,"일본,여성,솔로",솔로
이효리,"대한민국,여성,솔로",솔로
크루셜스타 (Crucial Star),"대한민국,남성,솔로",솔로
백두산,대한민국/남성/그룹,그룹
Daniel Caesar,"캐나다,남성,솔로",솔로
덕환,"대한민국,남성,솔로",솔로
손유동,"대한민국,남성,솔로",솔로
최한샘,"대한민국,솔로",솔로
박준호,"미국,남성,솔로",솔로
Vocal 전상근,None
김규리,"대한민국,여성,솔로",솔로
Paul Anka,"캐나다,남성,솔로",솔로
ファイルーズあい,None
Hide,"일본,남성,솔로",솔로
줌바스,None
한결,"대한민국,솔로",솔로
김윤경,"대한민국,여성,솔로",솔로
MXM,대한민국/남성/그룹,그룹
송란,"대한민국,여성,솔로",솔로
B1A4,대한민국/남성/그룹,그룹
바버렛츠 (The Barberettes),대한민국/여성/그룹,그룹
김혜연,"대한민국,여성,솔로",솔로
천상지희 더 그레이스 (The Grace),대한민국/여성/그룹,그룹
Zion.T,"대한민국,남성,솔로",솔로
D.O.A.,대한민국/남성/그룹,그룹
안녕의 온도,대한민국/혼성/그룹,그룹
공장소녀,"대한민국,여성,솔로",솔로
Mad Soul Child,대한민국/혼성/그룹,그룹
구구단 세미나,대한민국/여성/그룹,그룹
The Scenes,"남성,솔로",솔로
달마시안 (DMTN),대한민국/남성/그룹,그룹
Steve Aoki,"미국,남성,솔로",솔로
Lara Fabian,"벨기에,여성,솔로",솔로
富田美憂,None
NICO Touches The Walls,일본/남성/그룹,그룹
Toyama Nao,"일본,여성,솔로",솔로
ron,"대한민국,남성,솔로",솔로
庞龙,None
새소년,대한민국/혼성/그룹,그룹
유신 (Yuxin),"대한민국,남성,솔로",솔로
Kitamura Eri,"일본,여성,솔로",솔로
장민호,"대한민국,남성,솔로",솔로
가디스,대한민국/여성/그룹,그룹
유인나,"대한민국,여성,솔로",솔로
Doriko,"일본,남성,솔로",솔로
KCM,"대한민국,남성,솔로",솔로
哦漏,None
이용복,"대한민국,남성,솔로",솔로
鬼頭明里 / Akari Kito (키토 아카리),"일본,여성,솔로",솔로
사이로(415),대한민국/남성/그룹,그룹
지소울 (GSoul),"대한민국,남성,솔로",솔로
류원정,"대한민국,여성,솔로",솔로
테이크어반,대한민국/남성/그룹,그룹
제니 (JENNIE),"대한민국,여성,솔로",솔로
김범수,"대한민국,남성,솔로",솔로
TrySail,일본/여성/그룹,그룹
다솜 (씨스타),"대한민국,여성,솔로",솔로
우희,"대한민국,여성,솔로",솔로
레드락,"대한민국,남성,솔로",솔로
지나,"캐나다,여성,솔로",솔로
서출구,"대한민국,남성,솔로",솔로
Twenty One Pilots,미국/남성/그룹,그룹
PnB Rock,"미국,남성,솔로",솔로
장나라,"대한민국,여성,솔로",솔로
후이 (펜타곤),"대한민국,남성,솔로",솔로
김우성,"남성,솔로",솔로
Layone,솔로,솔로
奇然,None
주헌 (몬스타엑스),"대한민국,남성,솔로",솔로
Marian Hill,미국/혼성/그룹,그룹
임향기,None
Carly Rae Jepsen,"캐나다,여성,솔로",솔로
M.I.B,대한민국/남성/그룹,그룹
M.I.B,대한민국/남성/그룹,그룹
M.I.B,대한민국/남성/그룹,그룹
Zedd,"독일,남성,솔로",솔로
박현종,"대한민국,남성,솔로",솔로
솔루션스 (THE SOLUTIONS),대한민국/남성/그룹,그룹
조장혁,"대한민국,남성,솔로",솔로
庄心妍,None
김신아,"대한민국,여성,솔로",솔로
Liam Payne,"영국,남성,솔로",솔로
김민호,"대한민국,남성,솔로",솔로
Duet.규현,None
장동현,"대한민국,솔로",솔로
허안나,"대한민국,여성,솔로",솔로
이광수,"대한민국,남성,솔로",솔로
Jay Sean,"영국,남성,솔로",솔로
陈一发儿,None
小倉唯,None
T 윤미래,None
강지,"대한민국,여성,솔로",솔로
엘리스 (ELRIS),대한민국/여성/그룹,그룹
신지수,"대한민국,여성,솔로",솔로
유자,"대한민국,여성,솔로",솔로
쯔위,"중국,여성,솔로",솔로
Lenny code fiction,일본/남성/그룹,그룹
三山ひろし,None
강산에,"남성,솔로",솔로
이수경,"대한민국,남성,솔로",솔로
틴탑,대한민국/남성/그룹,그룹
U-Cube,대한민국/혼성/그룹,그룹
C.I.V.A,대한민국/여성/그룹,그룹
부가킹즈,대한민국/남성/그룹,그룹
한보람 (엘샤인),"대한민국,여성,솔로",솔로
하현우 (국카스텐),"대한민국,남성,솔로",솔로
러브포션,"대한민국,솔로",솔로
Gucci Mane,"미국,남성,솔로",솔로
Tyga,"미국,남성,솔로",솔로
제이투엠,대한민국/남성/그룹,그룹
오반 (OVAN),"대한민국,남성,솔로",솔로
YoonDo,None
승연,"대한민국,여성,솔로",솔로
Jake Miller,"미국,남성,솔로",솔로
Ke$ha,None
임형주,"대한민국,남성,솔로",솔로
민희라,"대한민국,여성,솔로",솔로
Nakagawa Shoko,"일본,여성,솔로",솔로
소란 (SORAN),대한민국/남성/그룹,그룹
오승근,"대한민국,남성,솔로",솔로
이동은 (라이어밴드),"대한민국,남성,솔로",솔로
A.C.T.,솔로,솔로
메이비 (Maybee),"대한민국,여성,솔로",솔로
유지나,"대한민국,여성,솔로",솔로
우예린,"대한민국,여성,솔로",솔로
채지연,"대한민국,여성,솔로",솔로
Simple Plan,캐나다/남성/그룹,그룹
지조,"대한민국,남성,솔로",솔로
트웰브 (twlv),"대한민국,남성,솔로",솔로
Crispi Crunch (크리스피 크런치),대한민국/남성/그룹,그룹
Boys Noize,"독일,남성,솔로",솔로
옥상달빛,대한민국/여성/그룹,그룹
Untell (언텔),"대한민국,남성,솔로",솔로
임형빈,"대한민국,남성,솔로",솔로
어니언스,대한민국/남성/그룹,그룹
태진아,"대한민국,남성,솔로",솔로
By 박근태,None
포레스텔라(Forestella),대한민국/남성/그룹,그룹
신유정,"대한민국,여성,솔로",솔로
아이린 (IRENE),"대한민국,여성,솔로",솔로
바람꽃,대한민국/남성/그룹,그룹
김혜림,"대한민국,여성,솔로",솔로
MC몽,"대한민국,남성,솔로",솔로
추자현,"대한민국,여성,솔로",솔로
Han Na Chang,"대한민국,여성,솔로",솔로
이찬솔,"대한민국,남성,솔로",솔로
Chillin Homie,"대한민국,남성,솔로",솔로
안진경,"대한민국,여성,솔로",솔로
버즈,대한민국/남성/그룹,그룹
반하나,"대한민국,여성,솔로",솔로
김설훈,None
Niall Horan,"아일랜드,남성,솔로",솔로
 by GroovyRoom,None
DJ Wreckx (디제이렉스),"대한민국,남성,솔로",솔로
디액션 (D.Action),"대한민국,남성,솔로",솔로
李荣浩,None
김영아,"대한민국,여성,솔로",솔로
Sondia,"대한민국,솔로",솔로
카피추,"대한민국,남성,솔로",솔로
Kelsea Ballerini,"미국,여성,솔로",솔로
G-DRAGON,"대한민국,남성,솔로",솔로
Demi Lovato,"미국,여성,솔로",솔로
소정 (레이디스 코드),"대한민국,여성,솔로",솔로
Panic! At The Disco,"미국,남성,솔로",솔로
이효순,"대한민국,여성,솔로",솔로
大黒摩季,None
나찰,"대한민국,남성,솔로",솔로
제인제이,"대한민국,여성,솔로",솔로
ESBEE,"대한민국,남성,솔로",솔로
허영생,"대한민국,남성,솔로",솔로
前島亜美,None
임혜영,"대한민국,여성,솔로",솔로
Song by IU,None
비,"대한민국,남성,솔로",솔로
SING女团,None
おそ松,None
미스터 팡,"대한민국,남성,솔로",솔로
Giorgio Moroder,"이탈리아,남성,솔로",솔로
제이세라,"대한민국,여성,솔로",솔로
유나킴,"대한민국,여성,솔로",솔로
Sabine Meyer,"독일,여성,솔로",솔로
Son Simba (손 심바),"대한민국,남성,솔로",솔로
少女時代,None
Kimura Kaela,"일본,여성,솔로",솔로
지심,"대한민국,남성,솔로",솔로
오수민,"대한민국,여성,솔로",솔로
MASTA WU,"대한민국,남성,솔로",솔로
슬리피,"대한민국,남성,솔로",솔로
김종완 of NELL,"대한민국,남성,솔로",솔로
윤현상,"대한민국,남성,솔로",솔로
아리송,"대한민국,남성,솔로",솔로
네스티요나,대한민국/혼성/그룹,그룹
Remi Wolf,"미국,여성,솔로",솔로
현성,"대한민국,남성,솔로",솔로
현성,"대한민국,남성,솔로",솔로
현성,"대한민국,남성,솔로",솔로
Narr.고은아,None
조연우,"대한민국,여성,솔로",솔로
m-flo,일본/혼성/그룹,그룹
태인 (TAIN),"대한민국,남성,솔로",솔로
태인 (TAIN),"대한민국,남성,솔로",솔로
Rihanna,"바베이도스,여성,솔로",솔로
Rihanna,"바베이도스,여성,솔로",솔로
BLACKPINK,대한민국/여성/그룹,그룹
BLACKPINK,대한민국/여성/그룹,그룹
BLACKPINK,대한민국/여성/그룹,그룹
ST☆RISH,None
권문자,"대한민국,여성,솔로",솔로
신상호,"대한민국,남성,솔로",솔로
박태민,"대한민국,남성,솔로",솔로
코드 쿤스트 (CODE KUNST),"대한민국,남성,솔로",솔로
코드 쿤스트 (CODE KUNST),"대한민국,남성,솔로",솔로
이고은,"대한민국,여성,솔로",솔로
이고은,"대한민국,여성,솔로",솔로
Yuth,"대한민국,솔로",솔로
김무성,"대한민국,솔로",솔로
Aimer,"일본,여성,솔로",솔로
Tinashe,"미국,여성,솔로",솔로
프로미스나인,대한민국/여성/그룹,그룹
프로미스나인,대한민국/여성/그룹,그룹
Narr.DOKO,None
Free TEMPO,None
WONHO (원호),"대한민국,남성,솔로",솔로
Lady Gaga,"미국,여성,솔로",솔로
张靓颖,None
Michael Carreon,"미국,남성,솔로",솔로
Michael Carreon,"미국,남성,솔로",솔로
Jordin Sparks,"미국,여성,솔로",솔로
Jordin Sparks,"미국,여성,솔로",솔로
Broods,뉴질랜드/혼성/그룹,그룹
황가람,"대한민국,남성,솔로",솔로
Justin Bieber,"캐나다,남성,솔로",솔로
무웅,"대한민국,남성,솔로",솔로
"오대천왕 (정형돈, 밴드 혁오)",대한민국/남성/그룹,그룹
"오대천왕 (정형돈, 밴드 혁오)",대한민국/남성/그룹,그룹
EXO-K,대한민국/남성/그룹,그룹
EXO-K,대한민국/남성/그룹,그룹
쥬비,"대한민국,여성,솔로",솔로
동경소녀,"대한민국,여성,솔로",솔로
美波,None
신혜성,"대한민국,남성,솔로",솔로
신혜성,"대한민국,남성,솔로",솔로
ATEEZ (에이티즈),대한민국/남성/그룹,그룹
ATEEZ (에이티즈),대한민국/남성/그룹,그룹
양화진밴드,대한민국/남성/그룹,그룹
채환,"대한민국,남성,솔로",솔로
송골매,대한민국/남성/그룹,그룹
Asian Kung-Fu Generation,일본/남성/그룹,그룹
사이먼 도미닉,"대한민국,남성,솔로",솔로
사이먼 도미닉,"대한민국,남성,솔로",솔로
今井麻美,None
조원우 (Jowonu),"대한민국,남성,솔로",솔로
モーニング娘。,None
설가은,"대한민국,여성,솔로",솔로
Monty Alexander,"미국,남성,솔로",솔로
Monty Alexander,"미국,남성,솔로",솔로
핸섬피플,대한민국/남성/그룹,그룹
크리샤 츄 (Kriesha Chu),"대한민국,여성,솔로",솔로
이찬원,"대한민국,남성,솔로",솔로
Coa White,"대한민국,솔로",솔로
24KGoldn,"미국,남성,솔로",솔로
리미트리스 (LIMITLESS),대한민국/남성/그룹,그룹
Jennifer Hudson,"미국,여성,솔로",솔로
조윤선,"대한민국,여성,솔로",솔로
손빈아,"대한민국,남성,솔로",솔로
