,아티스트,유형
0,K.Heart,솔로
1,DPR IAN,솔로
2,박종철,솔로
3,현숙,솔로
5,구혜선,솔로
6,우주소녀 쪼꼬미,그룹
7,ハセガワダイスケ,None_error
8,Maroon 5,None_error
9,Adele,솔로
11,노지훈,솔로
12,SDN48,그룹
13,금사랑,솔로
14,크래커 (CRACKER),솔로
15,기리보이,솔로
16,Jack Wagner,솔로
17,Michelle Shaprow,솔로
18,더 베인,솔로
19,시현,솔로
20,올티 (Olltii),솔로
22,Hash Swan,솔로
23,Charice,솔로
24,방연지,솔로
25,샘김 (Sam Kim),솔로
26,달 좋은 밤,그룹
27,Christopher,솔로
28,베이비소울 (러블리즈),솔로
29,오순이,솔로
30,로맨틱펀치 (Romantic Punch),그룹
31,容祖儿,None_error
32,青山テルマ,None_error
33,강다니엘,솔로
34,DGNA (대국남아),그룹
35,임병수,솔로
36,다운 (Dvwn),솔로
37,Ed Sheeran,솔로
38,롱디 (LONG:D),그룹
39,금수봉,솔로
40,어반자카파,그룹
41,안녕의 온도,그룹
42,서인영,솔로
43,류지광,솔로
44,효정 (오마이걸),솔로
45,사월과 오월,그룹
46,하현상,솔로
47,조혜련,솔로
48,Aqua Timez,그룹
49, 我要为你唱首歌,None_error
50,Domoto Tsuyoshi,솔로
51,자이로 (zai.ro),솔로
52,NCT DREAM,그룹
53,NCT 127,그룹
54,YB,그룹
55,제시 (Jessi),솔로
56,Robin Schulz,솔로
57,买辣椒也用券,None_error
58,김효수,솔로
59,김하온 (HAON),솔로
60,렉스디 (REX.D),솔로
61,다나 (DANA),솔로
62,주헌 (몬스타엑스),솔로
63,徐佳莹,None_error
64,비비 (BIBI),솔로
65,워너원-남바완,None_error
66,소나무 (SONAMOO),그룹
67,가리온,그룹
68,Barbara Bonney,솔로
69,레이나 (Raina),솔로
70,小沈阳,None_error
71,Abingdon Boys School,그룹
74,이연실,솔로
75,오종경,솔로
76,The Stroboscorp,None_error
77,캔,그룹
78,순이네 음악창고,솔로
79,나몰라패밀리JW,솔로
80,池田輝郎,None_error
81,김수연 (Jam Factory),솔로
82,董又霖,None_error
83,陈一发儿,None_error
84,임병윤,솔로
85,緑黄色社会,None_error
86,Billionaire,그룹
87,강현준,솔로
88,SMAP,그룹
89,정진운,솔로
90,지애린,솔로
91,Bad Meets Evil,그룹
92,Beverley Craven,솔로
93,구구단 오구오구,그룹
94,花姐,None_error
95,Sam Ock,솔로
96,처진 달팽이 (유재석 & 이적),그룹
97,Da Pump,그룹
98,진태령,솔로
99, 미스터 김! OST),None_error
100,택연,솔로
101,LiSA,솔로
102,신승훈,솔로
103,전진희,솔로
104,김은영,솔로
105,Charlie Wilson,솔로
106,DAOKO X 岡村靖幸,None_error
107,Monkey Majik,그룹
108,왕소연,솔로
109,미스틱 화이트,그룹
110,BTOB,None_error
111, 힐미 OST),None_error
112,PEEJAY,솔로
113,The Sketchbook,None_error
114,정삼열,솔로
115, I Love You?,None_error
116, 한눈팔지 마!,None_error
117,채연,솔로
118,남자의자격밴드,None_error
119,LANY,None_error
120,정소녀,솔로
122,주원대,솔로
124,HUS (허밍어반스테레오),솔로
125,3호선 버터플라이,그룹
126,백현 (BAEKHYUN),솔로
127,미교,솔로
128,이윤경,솔로
129,Birdy,솔로
130,송지은,솔로
131,P.O (피오),솔로
133,DPR CREAM,솔로
134,김영아,솔로
135,권문자,솔로
136,Damien Rice,솔로
137,Panic! At The Disco,솔로
138,더보이즈 (THE BOYZ),그룹
139,정태훈,솔로
140,라니아,그룹
141,김세환,솔로
142,최성훈,솔로
143,Andy Grammer,솔로
144,Miguel,솔로
145,Triad Primus,None_error
146,ASH ISLAND,솔로
147,Fergie,솔로
148,UNI.T,그룹
149,김현성,솔로
150,김범룡,솔로
151,스윙스,솔로
152,梦然,None_error
153,서교동의 밤,그룹
154,김태희,솔로
155,유라 (youra),솔로
156,이달의 소녀,그룹
157,嶋大輔,None_error
158,안성훈,솔로
159, 모든 순간,None_error
160,Clean Bandit,그룹
161,김은비 (EB),솔로
162,강민주,솔로
163,SuperM,그룹
164,오지은과 늑대들,그룹
165,더블에이,그룹
166,데드버튼즈,None_error
167,공기남녀,그룹
168,딘딘,솔로
169,모노그램,그룹
170,케이티김,None_error
171,버스커 버스커,그룹
172,Brand Newjiq (브랜뉴직),솔로
173,다즈비,솔로
174,CNBLUE (씨엔블루),그룹
175,윤도현,솔로
176,Olivia Rodrigo,솔로
177,천단비,솔로
178,CHAGE & ASKA,그룹
179,레이디제인 & 코인,None_error
180,女王蜂,None_error
181,에어플레인,솔로
182,門脇陸男,None_error
183,이예준,솔로
184,Cody Simpson,솔로
185,퓨어킴,솔로
186,은하 (여자친구),솔로
187,임지영,솔로
188,체리 필터,그룹
189,김희철,솔로
190,서정아,솔로
191,플로우식 (Flowsik),솔로
192,피타입 (P-TYPE),솔로
193,루싸이트 토끼,그룹
194,니브 (NIve),솔로
195,KCM,솔로
196,장숙정,솔로
197,Ellegarden,그룹
198,박재정,솔로
199,SAAY,솔로
200,이로이 (TEAM152),그룹
201,Lil Wayne,솔로
202,권웅주,솔로
203,Simon & Garfunkel,그룹
204,연정,솔로
205,张芸京,None_error
206,뮤지,솔로
207,Nakashima Mika,솔로
208,EK,솔로
209,식케이 (Sik-K),솔로
210,김설훈,None_error
211,Rats & Star,그룹
212,増田俊樹,None_error
213,Naomi Scott,솔로
214,김혜진,솔로
215,나미애,솔로
216,임시호,솔로
217,조승아,솔로
218,Jarryd James,솔로
219,엄지애,솔로
220,欅坂46,None_error
221,신혜성,솔로
222,欧阳尚尚,None_error
223,유키스,그룹
224,우은미 (Woo Eun Mi),솔로
226,온유 (ONEW),솔로
227,J.Lee,솔로
229,나순애,솔로
230,언니들,그룹
231,X1 (엑스원),그룹
232,채환,솔로
233,Young Money,그룹
234,Emotional Oranges,그룹
235,765 MILLION ALLSTARS,None_error
236,미스터 파파,그룹
237,시나위,그룹
238,최락,솔로
239,KENZIE,솔로
240,Neon Trees,그룹
241, 니 생각,None_error
242,林俊杰,None_error
243,戸松遥,None_error
244,이성우,솔로
245,보라미유,솔로
247,최재훈,솔로
248,Imai Asami,솔로
249,이루마,솔로
250,조곤,솔로
251,정선혜 외 3명,None_error
252, 내맘,None_error
253,에릭남 (Eric Nam),솔로
254,ユンナ,None_error
255,세븐틴,그룹
256,주희 (Joohee),솔로
257,Lewis Capaldi,솔로
258,솔루션스 (THE SOLUTIONS),그룹
259,Meek Mill,솔로
260,윤건,솔로
261,Jim Brickman,솔로
262,나팔박,솔로
263,라디 (Ra. D),솔로
264,주비트레인,솔로
265,윤달구,솔로
266,Ishikawa Sayuri,솔로
267,육성재 (비투비),솔로
268,김민정,솔로
269,양희은,솔로
270,스무살,솔로
271,수퍼비,솔로
272,Kristin Chenoweth,솔로
273,ASTRO (아스트로),그룹
274,송해,솔로
275, I'm bored,None_error
276,Shawn Mendes,솔로
277,SEKAI NO OWARI,그룹
278,Endo Masaaki,솔로
279,DREAMS COME TRUE,그룹
280,Christina Aguilera,솔로
281,이재훈 (쿨),솔로
282, always you,None_error
283,V6,그룹
284,플라워,그룹
285,홍원빈,솔로
286,ハロー、ハッピーワールド！,None_error
287,Cherryblossom,그룹
288,정준하,솔로
289,혁오 (HYUKOH),그룹
290,애프터스쿨 BLUE,그룹
291,Coldplay,그룹
292,문연주,솔로
293,조아영(153/Joombas),솔로
294,박상민,솔로
295,안녕바다,그룹
296,Touyama Nao,솔로
297,WHITE GRAVITY,None_error
298,유빈,솔로
299,나태주,솔로
301,남성일,솔로
302,Craig David,솔로
303,수지 (SUZY),솔로
304,The 1975,그룹
305,김재중,솔로
306,빈첸,솔로
307,오은정,솔로
308,위키미키 (Weki Meki),그룹
309, Play Hard,None_error
310,플라이 투 더 스카이,그룹
311,이미배,솔로
312,윤혜란,솔로
313,황원태,솔로
314,주현미,솔로
315,薫と友樹、たまにムック。,None_error
316,V.O.S,그룹
317,유세윤,솔로
318,이진옥,솔로
319,감성소년,솔로
320,大原ゆい子,None_error
321,立花理香,None_error
322,이덕용,솔로
323,HIGH4 (하이포),그룹
324,도원경,솔로
325,김우빈,솔로
326,문성욱,솔로
327,김형준,솔로
328,BGH to,그룹
329,박주용,솔로
330,권혁수,솔로
331,긱스 (Geeks),그룹
332,챈슬러,솔로
333,박경존,솔로
334,다소니,그룹
335,하찌와 TJ,그룹
336,James Smith,솔로
337,둘째이모 김다비,솔로
338,Trey Songz,솔로
339,Vasco Rossi,솔로
340,우현하,솔로
341,설운도,솔로
342,무감각,솔로
343,그_냥,솔로
344,조항조,솔로
345,언니쓰,그룹
346,거미,솔로
347,오왼 (Owen),솔로
348,阿里郎,None_error
349,谢雨欣,None_error
350,Arctic Monkeys,그룹
351,비즈니즈,솔로
352,안치환,솔로
353,버벌진트,솔로
354,윙크,그룹
355,니모,솔로
356,Dr. Dre,솔로
357,이하정,솔로
358,JUNIEL(서아),솔로
359,ZAYN,솔로
360,Migos,그룹
361,San E,솔로
362,지원이,솔로
363,ENHYPEN,그룹
364,홍주찬,솔로
365,Ne-Yo,솔로
366,郁可唯,솔로
367,김태욱,솔로
368,水瀬いのり,None_error
369,TWICE (트와이스),그룹
370,그라고보이,그룹
371,Portugal. The Man,그룹
372,부활,그룹
373,SILENTO,솔로
375,김형중,솔로
376,옌자민,솔로
377,연규성,솔로
379,남승희,솔로
380,와사비사운드,그룹
381,우주미키,그룹
382,조규찬,솔로
383,함중아와 양키스,그룹
384,라이관린,솔로
385,신유정,솔로
386,허니지 (Honey-G),그룹
387,Take That,그룹
388,이용복,솔로
389,강산에,솔로
390,のぼる↑Ｐ,None_error
391,한봄,None_error
392,원케이 (one.k),솔로
393,신성록,솔로
394,NY물고기,솔로
395,F-ve Dolls,그룹
396,견우,솔로
397,Amine,솔로
398,黄阅,None_error
399,술탄 오브 더 디스코,그룹
400,Lana Del Rey,솔로
401,Nishimura Yukie,솔로
402,Tori Kelly,솔로
403,X Ambassadors,그룹
404,一修,None_error
405,DJ Khaled,솔로
406,サイダーガール,None_error
407,Badkiz,그룹
408,김장훈,솔로
409,윤수자,솔로
410,吴陌川,None_error
411,Andra Day,솔로
412,혜이니 (HEYNE),솔로
413,카드 (KARD),그룹
414,스텔라장 (Stella Jang),솔로
415,민성욱,솔로
416,Ludacris,솔로
417, 바람이 분다 OST),None_error
418,JJCC (제이제이씨씨),그룹
419,이브,그룹
421,Goofy,솔로
422,Ava Max,솔로
423,엘클래스,그룹
424,솔지,솔로
425,Tinashe,솔로
426,DIA (다이아),그룹
427,김은아,솔로
428,小咪,None_error
429,Rie Fu,솔로
430,이사배,솔로
431,국일관,솔로
432,김상진,솔로
433,LEGIT GOONS (리짓군즈),그룹
435,Keira Knightley,솔로
436,웬즈데이,그룹
437,西川貴教,None_error
438,이설아,솔로
439,이상구,솔로
440,RockTigers,None_error
441,이채현,솔로
442,Gumi,솔로
443,픽보이 (Peakboy),솔로
444,이츠허밍,솔로
445,선풍 신현욱,솔로
446,野津山幸宏,None_error
447,3OH!3,그룹
448,이정아,솔로
449,DNCE,그룹
450,참깨와솜사탕,None_error
451,じっぷす,None_error
452,씨리얼,그룹
453,김성균,솔로
454,STAYC(스테이씨),그룹
455,Iggy Azalea,솔로
456, 그리워지는 너,None_error
457,최원영,솔로
458,디셈버,그룹
459,진보,솔로
460,정원영,솔로
461,이특 (LEETEUK),솔로
462,八王子P,None_error
463,With Woollim,그룹
464,七森中☆ごらく部 (나나모리 중학교☆오락부),그룹
465,Taylor Swift,솔로
466,Ariana Grande,솔로
467,김호영,솔로
468,오렌지 캬라멜,그룹
469,李荣浩,None_error
470,다린,솔로
471,TRUE,솔로
472,テヨン,None_error
473,卢焱,None_error
474,鏡音リン,None_error
475,Tomohisa Yamashita,솔로
476,슈퍼키드,그룹
477,투개월,그룹
478,배호,솔로
479,페이지,솔로
480,펀치넬로 (punchnello),솔로
481,Musiq Soulchild,솔로
482,MINUE (노민우),솔로
483,딕펑스 (DICKPUNKS),그룹
484,비에이 (Be.A),그룹
485,D.O.A.,그룹
486,보아 (BoA),솔로
487,The Quiett,솔로
488,이명주,솔로
489,펀치 (Punch),솔로
490,김현철,솔로
491,유해모,솔로
492,Superfly,솔로
493,유노윤호 (U-KNOW),솔로
494,sajou no hana,그룹
495,안소영,솔로
496,トト子,None_error
497,Hundred Percent Free,그룹
498, 빛의 일기 OST),None_error
499,서주옥,솔로
500,F.Cuz,None_error
501,레드소울,솔로
502,김홍조,솔로
503,이하이,솔로
504,황가람,솔로
505,여인정,솔로
506,J-Min (제이민),솔로
507,Kiiara,솔로
508,로이킴,솔로
509,신효범,솔로
510,소지섭,솔로
511,배금성,솔로
513, 길을 걷다,None_error
514,Lea Salonga & Brad Kane,None_error
515,레드애플,그룹
516,임한별,솔로
517,윤태규,솔로
518,황애란,솔로
519,스컬,솔로
520,Crispi Crunch (크리스피 크런치),그룹
521,윤쾌로,솔로
522,Omarion,솔로
523,BTOB-블루,None_error
524,감스트,None_error
525,아이즈,None_error
526,IZ*ONE (아이즈원),그룹
528,신인선 (미스터싱싱),솔로
530,Robyn,솔로
532,유산슬,솔로
534,리차드파커스,솔로
536,Joe Brooks,솔로
538,David Archuleta,솔로
544,원정숙,솔로
546,나도경,솔로
548,조권,솔로
551,백예린 (Yerin Baek),솔로
552,Hamasaki Ayumi,솔로
555,2LSON,그룹
557,최고은,솔로
559,언프리티랩스타3,None_error
560,김수희,None_error
561,유선호,None_error
562,2 Chainz,None_error
563,정다경,None_error
564,The Lonely Island,None_error
565,임태경,None_error
566,백인태,None_error
567,CRAVITY,None_error
568,정태,None_error
569,글램,그룹
571,Hikawa Kiyoshi,솔로
573,Joni Mitchell,솔로
576,1415,그룹
578,Hashimoto Jin,솔로
580,한지상,솔로
594,커피소년,솔로
596,Little Glee Monster,그룹
599,백아연,솔로
600,오수빈,솔로
602,비투비 포유,그룹
605,김선아,솔로
607,킬라그램 (KILLAGRAMZ),솔로
611,윤상,솔로
612,유규상 (보헤미안),솔로
613, 예!,None_error
614,Air Supply,그룹
615,Porno Graffitti,그룹
616,버블 시스터즈,그룹
617,첸 (CHEN),솔로
618,Jessica (제시카),솔로
619, 내 사랑 그대에게,None_error
620,한올,솔로
621,노블레스,솔로
622,김경록 (V.O.S),솔로
623,어쿠스틱 콜라보,그룹
624,Wands,그룹
625,김영근,솔로
626,권영훈,솔로
627,윤수현,솔로
628,Ketsumeishi,그룹
629,Loudness,그룹
630,양파,솔로
631,Eminem,솔로
632,Shakira,솔로
633,허클베리피 (Huckleberry P),솔로
634,국민의 아들,그룹
636,드렁큰타이거 With 윤미래 & Bizzy,None_error
637,Jake Miller,솔로
638,소수빈,솔로
639,HYPNOSISMIC -D.R.B- (Bad Ass Temple),솔로
642,유자,솔로
643,소명,솔로
644,宍戸留美,None_error
645,アンジュルム,None_error
646,김진호 (SG워너비),솔로
647,유희열,솔로
648,김필,솔로
649,넋업샨,솔로
650,김상중,솔로
651,唐古,None_error
652,장윤정,솔로
653, 날개를 달다,None_error
654,한경일,솔로
655,서지안,솔로
656,안진경,솔로
657,"H&D (한결, 도현)",그룹
658,이준호,솔로
659,Tacica,그룹
660,갈프로젝트,솔로
661,山野さと子,None_error
662,최성용,None_error
663, Baby -キオクの山脈-,None_error
664,지화숙,솔로
665,조유진,솔로
666, Don 't Go),None_error
667,JIDA (지다),솔로
668,이날치,그룹
670,ATEEZ (에이티즈),그룹
671,나얼,솔로
672,赵方婧,None_error
673,송소희,솔로
674,カスタマイZ,None_error
675,문희준,솔로
676,펭수,솔로
677,Horie Yui,솔로
678,B'z,None_error
679,김부자,솔로
680,허윤아,솔로
681,"댄싱게놈 (유재석, JYP)",그룹
682,10CM,솔로
683,Pastel*Palettes,None_error
684,공장소녀,솔로
685,E-girls,그룹
686,조은혜,솔로
687,이범학,솔로
688,La La Land Cast,솔로
689,오반 (OVAN),솔로
690,Meghan Trainor,솔로
691,초아,솔로
692,김희진,솔로
693,장동건,솔로
694,베스티,그룹
695,袁娅维,None_error
696,요요미,솔로
697,전춘애,None_error
698,LM.C,그룹
699,Nicki Minaj,솔로
700,박서준,솔로
701,주주 클럽,그룹
702,Osshun Gum,솔로
703,TREASURE (트레저),그룹
704,Whitney Houston,솔로
705,지중해,솔로
706,315 STARS,None_error
707,윤토벤,솔로
708,최종원,솔로
709,HALCALI,그룹
710,Kelly Rowland,솔로
711,임창정,솔로
712,박민혜 (빅마마),솔로
713,멜로디데이 (MelodyDay),그룹
714,나래 (BADD),솔로
715,Niall Horan,솔로
716,하라소라,그룹
717,김서빈,None_error
718,Pitbull,솔로
719,해빈 (구구단),솔로
720,Oneway,그룹
721,강민석,솔로
722,タイナカサチ,None_error
723,AOA CREAM,그룹
724,매드몬스터 (MAD MONSTER),그룹
725,구원찬,솔로
726,우디즈,None_error
727,철희,솔로
728,天童よしみ,None_error
729,JBJ95,그룹
730,드림캐쳐,그룹
731,G-Eazy,솔로
732,周杰伦,None_error
733,이지해,솔로
734,윤보미,솔로
735,포미닛 투윤,None_error
736,Common,솔로
737,Zhou Shen,솔로
738,팝시클,그룹
739,웬디 (WENDY),솔로
740,지민,솔로
741,새벽공방,그룹
742,하연수,솔로
743,김승진,솔로
744,은지원,솔로
745,유가을,솔로
746,Blasterjaxx,그룹
747,정슬기,솔로
749,김경희,솔로
750,Adam Lambert,솔로
751,Jeff Bernat,솔로
752,치타 (CHEETAH),솔로
753,슈퍼주니어-K.R.Y,None_error
754,장필순,솔로
755,한요한,솔로
756,김요한,솔로
757,솔라 (마마무),솔로
758,EGOIST,솔로
759,尚士达,None_error
760,天月-あまつき-,None_error
761,백두산,그룹
762,Mark Ronson,솔로
763,시진,솔로
764,ずっと真夜中でいいのに。,None_error
765,Ice Paper,솔로
766,조이 (JOY),솔로
767,Two Shot Sons,솔로
768,Calvin Harris,솔로
769,T.M.Revolution,솔로
770,Surf Mesa,솔로
771,김종완 of NELL,솔로
772,보이비,솔로
773,소녀시대-태티서 (Girls' Generation-TTS),그룹
774,富田美憂,None_error
775,JK 김동욱,솔로
776,The ORAL CIGARETTS,None_error
777,유지니,솔로
778,임재현,솔로
779,신승태,솔로
780,기프트 (GIFT),그룹
781,강문경,솔로
782,TOO (티오오),그룹
783,Nat King Cole,솔로
784,동방신기 (TVXQ!),그룹
785,Dan_E,솔로
786,양화진밴드,그룹
787,Deco*27,솔로
788,한세희,솔로
789,태용 (TAEYONG),솔로
790,송영광,솔로
791,김남길,솔로
792,태완 (Taewan),솔로
793,김정태,솔로
794,It's my turn,그룹
795,Bump Of Chicken,그룹
796, World!,None_error
797,PATEKO (파테코),솔로
798,한서윤,솔로
799,阿信,None_error
800,정준영밴드,None_error
801,김현수,솔로
802,亀と山P,None_error
803,Every Little Thing,그룹
804,태양,솔로
805,크라잉넛 (CRYING NUT),그룹
806,Anthem,그룹
807,fripSide,그룹
808,유성은,솔로
809,정선희,솔로
810,Will.I.Am,솔로
811,北島三郎,None_error
812,텐야드,그룹
813,런치 (LUNCH),솔로
814,Owl City,그룹
815,Imagine Dragons,그룹
816,소래,None_error
817,Weeekly (위클리),그룹
818,スズム,None_error
819,朱兴东,None_error
820,김도환,솔로
821,비룡,솔로
822,밤에,그룹
823,Exile,그룹
824,조덕배,솔로
825,윤두준,솔로
826,김학래,솔로
827,WOODZ (조승연),솔로
828,김준식,솔로
829,전길원,솔로
830,Hot Chelle Rae,그룹
831,Princess Princess,그룹
832,박수진,솔로
833,とあ,None_error
834,의진,솔로
835,μ's,None_error
836,广东雨神,None_error
837,시우민 (XIUMIN),솔로
838,박승화 (유리상자),솔로
839,Daughtry,그룹
840,반광옥,솔로
841,Tiffany Young,솔로
842,Long Shot Party,그룹
843,MJ (써니사이드),솔로
844,鈴木聖美,None_error
845,Jean Youn,솔로
846,김영태,솔로
847,Pink Sweat$,솔로
848,마이크로닷 (Microdot),솔로
849,태민 (TAEMIN),솔로
850,스윙걸즈,그룹
851,Lil Dicky,솔로
852,Kenny Rogers,솔로
853,에브리 싱글 데이,그룹
854,덕인,솔로
855,박효신,솔로
856,김성호,솔로
857,러브포션,솔로
858,Skinny Brown,솔로
859,Anne-Marie,솔로
860,한혜진,솔로
861,프니엘 (PENIEL),솔로
862,블루 (BLOO),솔로
863,刘瑞琦,None_error
864,Black Eyed Peas,그룹
865,엄정화,솔로
866, Live Alive),None_error
867,XIAH Junsu,None_error
868,갱키즈,그룹
869,용감한 녀석들,그룹
870,남궁송옥,솔로
871,pH-1,솔로
872,Radiohead,그룹
873,오왠 (O.WHEN),솔로
874,任然 (Ren Ran),솔로
875,김충훈,솔로
876,IN2IT (인투잇),그룹
877,장기하와 얼굴들,그룹
878,徳永英明,None_error
879,레이지본 (Lazybone),그룹
880,sumika,그룹
881,김선양,솔로
882,nano.RIPE,None_error
883,Reol,솔로
884, 캡틴코리아),None_error
885,노래하는 코트,솔로
886,이창민,솔로
887,한희준,솔로
888,Omi,솔로
889,려운,솔로
890,고병희,솔로
891,나무자전거,그룹
892,오윤혜,솔로
893,박상철,솔로
894,개리,솔로
895,Ke$ha,None_error
896,ZAQ,솔로
898,황일우,솔로
899,ビッケブランカ (Vickeblanka),솔로
900,버블디아 (bubbledia),솔로
901,거북이,그룹
902,아웃사이더,솔로
903,브레이브걸스,그룹
904,하림,솔로
905,MYTH & ROID,None_error
906,아리밴드,그룹
907,우희,솔로
908,JYJ,그룹
909,김원준,솔로
910,루나 (LUNA),솔로
911,한가빈,솔로
912,Lenka,솔로
913,할리퀸,그룹
914,이승환,솔로
915,엔플라잉 (N.Flying),그룹
916,Glen Hansard,솔로
917,New Edition,그룹
918,써드코스트,그룹
919,참소녀,그룹
920,박원,솔로
921,After the Rain,솔로
922,미스에스,그룹
923,Cosmic Boy,솔로
924,田中あいみ,None_error
925,飯田友子,None_error
926,Kalafina,그룹
927,비아이지 (B.I.G),그룹
928,曲婉婷,None_error
929,쿠기,None_error
930,왕비,솔로
931,SHINee (샤이니),그룹
932,아이언,솔로
933,박정아,솔로
934,양준일,솔로
935,장이정 (JANGYIJEONG),솔로
936,黄晓君,None_error
938,신우상,솔로
939,지코 (ZICO),솔로
940,브라운 아이드 소울,그룹
941,박봄 (Park Bom),솔로
942,レーモンド松屋,None_error
943,성탁,솔로
944,신예영,솔로
945,보이스원,그룹
946,W&Whale,그룹
947, toC!,None_error
948,최성민,솔로
949,코스믹 걸 (Cosmic Girl),솔로
950,OLDCODEX,None_error
951,서영은,솔로
952,더히든,그룹
953,Illson (더블케이),솔로
954,금채원,솔로
955,Wanna One (워너원),그룹
956,박은영,솔로
957,박제일,솔로
958,정은지,솔로
959,이수현,솔로
960,황태자,솔로
961,동요,솔로
962,피아노맨,솔로
963,キム・ヒョンジュン,None_error
964,Chris Norman,솔로
965,庾澄庆,None_error
966,Jeremih,솔로
967,Gavin DeGraw,솔로
968,송은아,솔로
969,사랑해미안해,그룹
970,三波春夫,None_error
971,최성수,솔로
972,최소연,솔로
973,오늘 (Today),솔로
974,마야,솔로
975,양세형 X BewhY,그룹
976,주비스,그룹
977,GRAY (그레이),솔로
978, Who?),None_error
979, 나에게 넌,None_error
981,디어 (d.ear),솔로
982,소울라이츠,그룹
983,나상도,솔로
984,가비엔제이,그룹
985,Vinida,None_error
986,용준형,솔로
987,Cher Lloyd,솔로
988,금서연,솔로
989,Lonely Hearts Club,그룹
990,국.슈 (국프의 핫이슈),그룹
991,한동근,솔로
992,Misora Hibari,솔로
993,Fun.,그룹
994,최영환,솔로
995,田馥甄,None_error
996,차승민,솔로
997,장사익,솔로
998,蒋家驹,None_error
999,정승환,솔로
1000,Vanilla Lucy,그룹
1001,김양,솔로
1002,얀키 (YANKIE),솔로
1004,릴러말즈 (Leellamarz),솔로
1005,짙은,솔로
1006,새소년,그룹
1007,한승연,솔로
1008,LPG,그룹
1009,쥬얼리,그룹
1011,胡66 (후66),솔로
1012,Cher & Peter Cetera,None_error
1013,박진영,솔로
1014,문빈&산하(ASTRO),그룹
1015,최지나,솔로
1016,하동근,솔로
1017, 그 씁쓸함에 대하여,None_error
1018,45RPM,그룹
1019,UNIT BLACK (유닛블랙),그룹
1020,李亚明,None_error
1021,담소네공방,그룹
1022,Chris Brown,솔로
1023,보겸,솔로
1024,Adam O,솔로
1025,노을,그룹
1026,리즈 (Leeds),솔로
1027,Suara,솔로
1028,로켓펀치(Rocket Punch),그룹
1029,금오성,솔로
1030,ちゃんみな (CHANMINA),솔로
1031,Dok2,솔로
1032,ILOVEMAKONNEN,솔로
1033,아이오아이 (I.O.I),그룹
1034,이민혁 (HUTA),솔로
1035,켄타,솔로
1036,BNR,그룹
1037,행주,솔로
1038,김동현 (AB6IX),솔로
1039,R.ef,그룹
1040,Kanye West,솔로
1041,FT트리플,그룹
1042,미현,솔로
1043,배소연,솔로
1044,경리 (나인뮤지스),솔로
1045,지명도,솔로
1046,에이프릴 세컨드,그룹
1047,노라조,그룹
1048,하이브리파인,솔로
1049,박진석,솔로
1050,최자,솔로
1051,Etham,솔로
1052,이정현,솔로
1053,HYPNOSISMIC -D.R.B- (Division All Stars),솔로
1054,Sakamoto Ryuichi,솔로
1055,이건주,솔로
1056,반하나,솔로
1057,PRETTYMUCH (프리티머치),그룹
1058,Flumpool,그룹
1059,Radio Fish,솔로
1060,大壮,None_error
1061,이효리,솔로
1062,소찬휘,솔로
1063,Dan Seals,None_error
1064,Linked Horizon,솔로
1065,티아라 N4,그룹
1066,NS 윤지,솔로
1067,문희옥,솔로
1068,Casey James,솔로
1069,노홍철,솔로
1070,임영웅,솔로
1071,김두일,솔로
1072,바로,솔로
1073,Saint Aqours Snow,None_error
1074,하하,솔로
1075,김연우,솔로
1076,蝶々P,None_error
1077,庞龙,None_error
1078,노브레인,그룹
1079,大能人,None_error
1080,황치열,솔로
1081, 럭셔리 줄리엣 OST),None_error
1082,이민호,솔로
1083,Stephanie Mills,솔로
1084,박진광,솔로
1085,함소원,솔로
1086,진정아,솔로
1087, 그 숨 막히던 순간,None_error
1088,타이니지,그룹
1089,M시그널,그룹
1090,유미리,솔로
1091,南宫嘉骏,None_error
1092,박신혜,솔로
1093,준수 (A-TUNES),솔로
1094,한소아,솔로
1095,BENEE,솔로
1096,Icona Pop,그룹
1097,원위 (ONEWE),그룹
1098,ILLIONAIRE RECORDS,그룹
1099,木及少年,None_error
1100,씨야,그룹
1101,비투와이,그룹
1102,鳥羽一郎,None_error
1103,Michael Carreon,솔로
1104,The BLANK Shop,None_error
1105,이인세 (INSE),솔로
1106,24KGoldn,솔로
1107,일렉트로보이즈,그룹
1108,하승희,솔로
1109,Julio Iglesias,솔로
1110,김선재,솔로
1111,배철수,솔로
1112,안녕하신가영,솔로
1113,강동호,솔로
1114,지효,솔로
1115,써니사이드,그룹
1117,정정아,솔로
1118,네미시스,그룹
1119,고성현,솔로
1120,チャン・グンソク,None_error
1121,박주연,솔로
1122,최경록,솔로
1123,みきとP,None_error
1124,남인수,솔로
1125,정진우,솔로
1126,더필름,솔로
1127,서현진,솔로
1128,경서,솔로
1129,딜라잇,그룹
1130,룩백커 (LOOKBACKER),솔로
1131,milktub,None_error
1132,Babyface,솔로
1133,Woodie Gochild,솔로
1134,박완규,솔로
1135,Marshmello,솔로
1136,미지,그룹
1137,터치,그룹
1138,UVERworld,그룹
1139,최한샘,솔로
1140,"Earth, Wind & Fire",그룹
1141,水森かおり,None_error
1142,차은성,솔로
1143,이준혁,솔로
1144,유화,솔로
1145,혜성,솔로
1146,윤지성,솔로
1147,유일한,솔로
1148,伦桑,None_error
1149,바비 킴,솔로
1150,정엽,솔로
1151,신성우,솔로
1152,M.Y.M.P,그룹
1153,정현,솔로
1154,Sueyoshi Shuta,솔로
1155,장성아,솔로
1156,이혜선,솔로
1157,周延英,None_error
1158,早見沙織,None_error
1159,XX:me,None_error
1160,디에이드 (The Ade),그룹
1161,Megan Thee Stallion,솔로
1162,장덕철,그룹
1163,Untell (언텔),솔로
1164,자전거 탄 풍경,그룹
1165,Major Lazer,그룹
1166,Oscar Peterson,솔로
1167,이로한,None_error
1168,재중,None_error
1169,지누션,그룹
1170,류수정 (러블리즈),솔로
1171,オーイシマサヨシ,None_error
1172,서태지,None_error
1173,Diana Vickers,솔로
1174,김민채,솔로
1175,딥플로우,솔로
1176,강호갑,솔로
1177,정수빈,솔로
1178,하은요셉,그룹
1179,수영,솔로
1180,Zion.T,솔로
1181,Britney Spears,솔로
1182,데이비드 오,솔로
1183,김광규,솔로
1184,Rad Museum,솔로
1185,Honda Minako,솔로
1186,M.Street (엠스트리트),그룹
1187,김나은,솔로
1189,Billy Preston,솔로
1190,남승민,솔로
1192,유병열,솔로
1193,Presidents Of The United States Of America,그룹
1194,히스토리,그룹
1195,무한도전,그룹
1196,Sergio Mendes,솔로
1197,주효,솔로
1198,태라,솔로
1199,권정자,None_error
1200,울랄라세션,그룹
1201,에이치코드 (H:CODE),솔로
1204, 좋아해,None_error
1205,유지애,솔로
1206,김현중,솔로
1207,더 이스트라이트 (TheEastLight.),그룹
1208,정한나,솔로
1209,Doja Cat,솔로
1211,以冬,None_error
1212,Van Halen,그룹
1213,박성하,솔로
1214,이보람,솔로
1215,小倉唯,None_error
1216,Apink (에이핑크),그룹
1217,노래를 찾는 사람들,그룹
1218,악퉁,그룹
1219,홍이삭,솔로
1220,이병철,솔로
1221,조우찬,솔로
1222,유연정 (우주소녀),솔로
1223,달샤벳,그룹
1224,박유천,솔로
1225,Gotye,솔로
1226,박우철,솔로
1227,후니용이,그룹
1228,키겐,솔로
1229,멜로망스,그룹
1230,地縛少年バンド / Jibaku Shonen Band (지바쿠 소년 밴드),솔로
1231,허니 패밀리,그룹
1232,티지어스,그룹
1233,소율,솔로
1234,杨蔓,None_error
1235,ABOUT(어바웃),솔로
1237,Nickelback,그룹
1238,불독 맨션,그룹
1239,大石まどか,None_error
1240, 지운다,None_error
1241,Jonas Blue,솔로
1242,액터스초이스프로젝트,None_error
1243,BIGBANG,그룹
1244,마인드유,그룹
1245,Rachael Yamagata,솔로
1246,천숙경,솔로
1247,홍주현,솔로
1248,나플라 (nafla),솔로
1249,Non Octo,솔로
1250,Colbie Caillat,솔로
1251,박연(담소네공방),솔로
1252,김유미,솔로
1253,岑宁儿,None_error
1254,한동한,솔로
1255,홍석민 (HONG SEOKMIN),솔로
1256,둘 다섯,그룹
1257,회기동사람들,그룹
1258,선우정아,솔로
1259,구름,솔로
1260,SummerWish,그룹
1261,AGUST D,None_error
1262,지투 (G2),솔로
1263,dress,솔로
1265,여자친구 (GFRIEND),그룹
1266,尤长靖,None_error
1267,AKMU (악동뮤지션),그룹
1268,구구단 (gugudan),그룹
1269,진돗개,None_error
1270,Jordin Sparks,None_error
1271,김덕희,None_error
1272,G.E.M.邓紫棋,None_error
1273,남훈우,솔로
1275,슈퍼스타K4 TOP12,그룹
1278,JoJo,솔로
1284,몽니,그룹
1287,문준영 (ZE:After),솔로
1291,Joji,솔로
1293,임희종,솔로
1296,이라온,솔로
1302,소리얼,그룹
1304,ROOKiEZ is PUNK'D,None_error
1305,자넷서,None_error
1306,The Wanted,None_error
1307,Lil Wayne ,None_error
1308,KOKIA,None_error
1309,Jake Owen,None_error
1310,坂本真綾,None_error
1311,OLNL (오르내림),솔로
1314,나미,솔로
1316,金志文,솔로
1320,GOT7 (갓세븐),그룹
1323,이문세,솔로
1329,키네틱 플로우,그룹
1334,HOYA (호야),솔로
1338,장현승,솔로
1341,임양랑,솔로
1343,Hajar,솔로
1347,김영임,솔로
1349,박주희,솔로
1352,빛나래,솔로
1358,이다정,솔로
1361,하성희,None_error
1362,MC Sniper,None_error
1363,김창완,None_error
1364,상민,None_error
1365,류계영,None_error
1366,M4,None_error
1367,러블리즈,그룹
1369,블락비 (Block B),그룹
1372,박영채,솔로
1378,正云,None_error
1379,성은,None_error
1380,현우빈,None_error
1381,현우빈,솔로
1387,ピコ太郎,None_error
1388,109,None_error
1389,Jay Sean,솔로
1392,이동신,솔로
1396,Journey,그룹
1398,손승연,솔로
1401,유명숙,솔로
1405,周笔畅,None_error
1406,TK From 凛として時雨,None_error
1407,双笙,None_error
1408,죠지,None_error
1409,차은우,None_error
1410,차은우 (ASTRO),솔로
1416,박영규,솔로
1419,민혁 (몬스타엑스),솔로
1421,수빈,솔로
1426,김윤아,솔로
1427,유두래곤,솔로
1430,정용화 (CNBLUE),솔로
1434,Alesso,솔로
1443,김유나,솔로
1445,테이크 아웃,그룹
1447,문영선,솔로
1450,T-Pain,솔로
1454,럭키제이 (Lucky J),그룹
1457,전미도,None_error
1458,The 포지션,None_error
1459,빈센트블루,None_error
1460,전건호,None_error
1461,SEVENTEEN,None_error
1462,초콜릿,None_error
1463,천지,솔로
1465,비비안 수,솔로
1468,인피니트,그룹
1472,"오대천왕 (정형돈, 밴드 혁오)",그룹
1474,ハチ,None_error
1475,Keith Urban,None_error
1476,박은우,None_error
1477,박은우,솔로
1483,赤西仁,None_error
1484,弦子,None_error
1485,김재석,None_error
1486,김재석,솔로
1492,Boris,그룹
1495,Keyakizaka46,그룹
1500,Foster The People,그룹
1501,이나은 (에이프릴),솔로
1502,Louis Tomlinson,솔로
1503, 남겨진 것들,None_error
1504,레이디 제인,솔로
1505,Fukuyama Masaharu,솔로
1506,사나,솔로
1507,James Blunt,솔로
1508,우디 (Woody),솔로
1509,허소영,솔로
1510,R Sound Design,None_error
1511,子芮,None_error
1512,이유림,솔로
1513,스웨덴세탁소,그룹
1514,디어클라우드,그룹
1515,Nakanoke no Itsutsugo,그룹
1516,조성모,솔로
1517,Joanna Wang,솔로
1518,성훈 (브라운 아이드 소울),솔로
1520,PRODUCE 101,그룹
1521,릴보이 (lIlBOI),솔로
1522,서현 (SEOHYUN),솔로
1523,Lupe Fiasco,솔로
1524,Mac Miller,솔로
1525,조용필,솔로
1526,Ryan S. Jhun,솔로
1527,Lara Fabian,솔로
1528,S Club 7,그룹
1529,손호영,None_error
1530,Jason Derulo,솔로
1531, 경숙 아버지 OST),None_error
1532,R. Kelly,솔로
1533,Jonathan Rhys Meyers,솔로
1534, Free & Single,None_error
1535,Itsuki Hiroshi,솔로
1536,이영만,솔로
1537,原田悠里,None_error
1538,이정순,솔로
1539,핸섬피플,그룹
1540,이국현,솔로
1541,순순희,그룹
1543,김륜희,솔로
1544,투엑스,그룹
1545,신해철,솔로
1546,김영식,솔로
1547,심신,솔로
1548,슬기 (SEULGI),솔로
1549,The Black Mamba,그룹
1550,The One (더원),솔로
1551,원펀치 (1PUNCH),그룹
1552,요셉 (YOSEPH THE ARTIST),솔로
1553,핑클 (Fin.K.L),그룹
1554,권진원,솔로
1555,Matsuda Seiko,솔로
1556,Cobra Starship,그룹
1557,박경숙,솔로
1558,Girls Dead Monster,None_error
1559,소녀시대 (GIRLS' GENERATION),그룹
1560,BOBBY,솔로
1561,방대식,솔로
1562,희승연,솔로
1563,틴탑,그룹
1564, Your Beats!,None_error
1565,강력강,솔로
1566,김호중,솔로
1567, Love Again)'OST),None_error
1568,김재덕,솔로
1570,최예선,솔로
1571,구남과여라이딩스텔라,그룹
1572,써니데이즈,그룹
1573,소리엘,그룹
1574,이원석,솔로
1575, 오늘의 그대에게,None_error
1576,채희,솔로
1577,NewS,그룹
1578,김준영,솔로
1579,서진필,솔로
1580,Billie Eilish,솔로
1581,Kid Wine,솔로
1583,예은,솔로
1584,빅스LR,그룹
1586,Ledisi,솔로
1587,이윤지,솔로
1588,萧敬腾,None_error
1589,박현암,솔로
1590,T.P RETRO (타디스 프로젝트舊),솔로
1591,양근영,솔로
1592,Yui (유이),솔로
1593,황선정,솔로
1594,E SENS,솔로
1595,Ella Mai,솔로
1596,Bee Gees,그룹
1597,A応P,None_error
1598,삼총사,그룹
1599,박수용,솔로
1600,엘키 (CLC),솔로
1601,BUMZU,솔로
1603,윌콕스,솔로
1604,루나플라이,그룹
1605,리미트리스 (LIMITLESS),그룹
1606,王北车,None_error
1607,EXO-CBX (첸백시),그룹
1608,김용임,솔로
1609,강진,솔로
1610,조미미,솔로
1611,구자한,None_error
1612, Now and Forever),None_error
1613,투나이스,그룹
1614,도끼&라도,None_error
1615,유브이,None_error
1616,모세,솔로
1618,신지수,솔로
1619,강민혁 (CNBLUE),솔로
1620,Honeyworks,그룹
1621,허영생,솔로
1622,김동일,솔로
1623,안예슬,솔로
1624,Jack Johnson,솔로
1625, 엄마 OST),None_error
1626,황진희,솔로
1627,汪苏泷,None_error
1628,Do As Infinity,그룹
1629,테이,솔로
1631,백퍼센트,그룹
1633,에일리(AILEE),솔로
1634,ナユタン星人,None_error
1635,프로듀스 X 101,None_error
1636,Ryan Gosling,None_error
1637,금수광산,그룹
1638,조승구,솔로
1639,한아름,솔로
1640,비스트,그룹
1641,Lil Pump,솔로
1642,Miura Daichi,솔로
1643,Supreme Team,그룹
1644,Fifth Harmony,그룹
1645, Easy go！,None_error
1646,이우,솔로
1647,배일호,솔로
1648,Koda Kumi,솔로
1649, Thank You! ,None_error
1650,P1Harmony,그룹
1652,렉시,솔로
1653,Kinki Kids,그룹
1654,검정치마,솔로
1655,전시현,솔로
1656,김바다,솔로
1657,40,솔로
1658,김명성,솔로
1659,프리티백,솔로
1660,권진아,솔로
1661,박태희,솔로
1662,서예나,솔로
1663,청춘학개론,그룹
1664,민경훈,솔로
1665,용국&시현,그룹
1666,김소희,솔로
1667,배그나,None_error
1668,Various Artists,None_error
1669,조복래,솔로
1670,원호,솔로
1671,추억,그룹
1673,Luciano Pavarotti,솔로
1674,NFB,그룹
1675,코드브이,그룹
1676,MC옆길로새,솔로
1677,Pixie Lott,솔로
1678,민희라,솔로
1679,김청하,솔로
1680,Of BEAST,None_error
1681,민효린,솔로
1682,Timeless,솔로
1684,럼블피쉬,솔로
1685,김유경,솔로
1686,김민교,솔로
1688,톡식,그룹
1689,SunBee (선비),솔로
1690,빈지노 (Beenzino),솔로
1691,문장대,솔로
1692,LIPxLIP,솔로
1693,고은미,솔로
1694,김효진 (투앤비),솔로
1695,조영구,솔로
1696,명진우,솔로
1697,HYNN (박혜원),솔로
1698,김동연,솔로
1699,김흥국,솔로
1700,오연준,솔로
1701,공중전화,그룹
1702,팻두,솔로
1704,A.C.E (에이스),그룹
1706,홍경민,솔로
1707,한라산,None_error
1708,오존 (O3ohn),솔로
1709,Duffy,솔로
1710,노은정,솔로
1711,Kitamura Eri,솔로
1712,Alan Walker,솔로
1713,Stray Kids (스트레이 키즈),그룹
1714,홍준보,솔로
1715,간미연,솔로
1716,이벼리,솔로
1717, i'll care,None_error
1718,요다영,솔로
1719,명콜드라이브,그룹
1720,优秀少年,None_error
1721,MFBTY,그룹
1722,HKT48,그룹
1723,조재원,솔로
1724,성원이,솔로
1725,전상근,솔로
1726,현정화,솔로
1727, 아빠 딸 OST),None_error
1728,남상욱,솔로
1729,수호 (SUHO),솔로
1730,Machico,그룹
1731,길구봉구,그룹
1732,신치림,그룹
1733,예성 (YESUNG),솔로
1734,조관우,솔로
1735,Pinkrush,그룹
1736,Surfaces,그룹
1737,센치한 하하 (하하 & 10cm),그룹
1738,Dan + Shay,그룹
1739,Devine Channel,그룹
1741,洛晴,None_error
1742,NAV,None_error
1743,Kendrick Lamar,솔로
1744,Sasha Sloan,솔로
1745,추가열,솔로
1746,김다나,솔로
1747,비욘드,그룹
1748,김미도,솔로
1749,업타운,그룹
1750,티어라이너,그룹
1751,안정희,솔로
1752,조장혁,솔로
1753,나건필,솔로
1754,우주히피,그룹
1755, 55호가수),None_error
1756,유리상자,그룹
1757,랩몬스터,None_error
1758,블랙펄,그룹
1759,피기돌스,그룹
1760,ブラックダイヤモンズ,None_error
1761,Chemistry,None_error
1763,安野希世乃,None_error
1764,유아 (오마이걸),솔로
1766,양요섭,솔로
1767,전혜원,솔로
1768,주호,솔로
1769,이장원,솔로
1770,공기남,솔로
1771,Far East Movement,그룹
1772,梅朵,None_error
1773,넥스트,그룹
1774,이민정,솔로
1775,오하영,솔로
1776,에디킴,솔로
1777,셀럽파이브,그룹
1779,Halsey,솔로
1780,헤리티지(Heritage),그룹
1782,소유 (SOYOU),솔로
1783,amazarashi,그룹
1784,포맨,그룹
1785,강건후,솔로
1786,이지민,솔로
1787,백화연,솔로
1788,헤이걸스,그룹
1789,The Jets,None_error
1790,송현섭,솔로
1791,Smile Again,솔로
1792,태인 (TAIN),솔로
1793,ST☆RISH,None_error
1794,동생 (Young),그룹
1795,Robin Thicke,솔로
1796,조정석,솔로
1797,HEAVENZ UNDERWORLD,솔로
1799,이무진,솔로
1800,신우,솔로
1801,가희,솔로
1802,브로큰 발렌타인,그룹
1803,노틸러스,솔로
1804,채동하,솔로
1806,한서경,솔로
1807,한소라,솔로
1808,TrySail,그룹
1809,JQ,솔로
1811,최영철,솔로
1812,Kavana,솔로
1813,安倍里葎子・大沢樹生,None_error
1814,LC9,그룹
1815,송하예,솔로
1816,봄여름가을겨울,그룹
1817,정하나,솔로
1818,한해,솔로
1819,이진아,솔로
1820,권인하,솔로
1822,하선호 (Sandy),솔로
1823,三宅麻理恵,None_error
1824,페퍼톤스 (Peppertones),그룹
1825,전옥,솔로
1826,새봄 (saevom),솔로
1827,차오름,솔로
1828,전민서,솔로
1829,제이환,솔로
1830,전문기,솔로
1831,임수정,솔로
1832,강은애,솔로
1833,周传雄,None_error
1834,한결,솔로
1835,조현재,솔로
1836,나인뮤지스,그룹
1837,鞠文娴,None_error
1838,Will Smith,솔로
1839,예린 (여자친구),솔로
1840,레오(LEO),솔로
1841,임주리,솔로
1843,"동물음악대(펭수, 록단장, 소울곰, 고막여우)",그룹
1844,조pd (ZoPD),솔로
1845,임영민,솔로
1846,邓丽君,None_error
1847,메이다니 (MAYDONI),솔로
1848,salem ilese,솔로
1849,하춘화,솔로
1850,몬스타 칼라바,그룹
1851,inno,솔로
1852,성용하,솔로
1853,Angela,솔로
1854,다섯장,그룹
1855,김상배,솔로
1856,알맹,그룹
1857,탁이준이,그룹
1858,Samantha Barks,솔로
1859,슈퍼스타K 2,그룹
1860,아이비,솔로
1861,자우림,그룹
1862,지헤라,솔로
1863,김사랑,솔로
1864,웨일,솔로
1865,Sakamoto Fuyumi,솔로
1866,정동원,솔로
1867,창민,None_error
1868,바닷길 (길 & 바다),그룹
1869,"Fine, (피네)",그룹
1870,소리새,그룹
1871,이청아,솔로
1872,千石撫子,None_error
1873,신용재 (2F),솔로
1874,765PRO ALLSTARS,None_error
1875,창모 (CHANGMO),솔로
1876,심은섭,None_error
1877,김은희,솔로
1878,정희주,솔로
1879,Kuraki Mai,솔로
1880, 뜨거웠던 우리,None_error
1881,谢宇伦,None_error
1882,Hey! Say! Jump,그룹
1883,정재욱,솔로
1884,이영지,솔로
1885,김윤경,솔로
1886,娜美,None_error
1887,홍춘이,솔로
1888,타루,솔로
1889,FANXY CHILD,그룹
1890,Boyz II Men,그룹
1891,린다G,솔로
1892,김태균 (TAKEONE),솔로
1893,차수빈,솔로
1894,한여름,솔로
1895,한인철,솔로
1896,조광일,솔로
1897,이용신,솔로
1898, 또 다시,None_error
1899,김동희,솔로
1900,비니 (오마이걸),솔로
1901,이창휘,솔로
1902,체리블렛 (Cherry Bullet),그룹
1903,Madeleine Peyroux,솔로
1904,Boz Scaggs,솔로
1906,陈奕迅,None_error
1907,2winS,그룹
1908,스폰지밴드,None_error
1909,박정현,솔로
1910,모트 (Motte),솔로
1911,아이비아이 (I.B.I),그룹
1912,위아이 (WEi),그룹
1913,문주란,솔로
1914, Uh Oh),None_error
1915,Vernon (SEVENTEEN),솔로
1916,Kaito,솔로
1917,환희,솔로
1918,태연 (TAEYEON),솔로
1919,U-Cube,그룹
1920,김규종,솔로
1921,청하,솔로
1922,fhana,None_error
1923,Colde (콜드),솔로
1924,Ruel,솔로
1925,Joe Brown,솔로
1926,김수현,솔로
1927,Expose,그룹
1928,윤시윤,솔로
1929,화이팅대디,그룹
1930,Diana Krall,솔로
1931,선민,솔로
1932,조현아 (어반자카파),솔로
1933,백수정,솔로
1934,슬레이트,그룹
1935,김민호,솔로
1936,미란이 (Mirani),솔로
1937,Andy McKee,솔로
1938,휘인 (Whee In),솔로
1939,백찬,솔로
1940,김지수,솔로
1941,개코,솔로
1942,AS 1,그룹
1943,소녀온탑,솔로
1944,Elton John,솔로
1945,C-CLOWN,그룹
1946,성유리,솔로
1947,JAMIE (제이미),솔로
1948,권순관,솔로
1949,조영남,솔로
1950,Jennifer Lopez,솔로
1951,Petit Rabbit's,None_error
1952,피아노 연주곡 모음,솔로
1953,방예담,솔로
1954,지원사격,그룹
1955,DAY6 (데이식스),그룹
1956,BACK-ON,그룹
1957,Filter,그룹
1958,Koresawa,솔로
1959,OneRepublic,그룹
1960,공민지,솔로
1961,이미자,솔로
1962,Nulbarich,그룹
1963,철싸 (노홍철 & 싸이),그룹
1964,渥美二郎,None_error
1965,양하영,솔로
1967,오지은,솔로
1968,ONE OK ROCK,그룹
1969,欣宝儿,None_error
1970,준케이 (JUN. K),솔로
1971,Toi Et Moi,그룹
1972,中島愛,None_error
1973,하명지,솔로
1974,NiziU (니쥬),그룹
1975,Soul Harmony,그룹
1976,E.VIA,None_error
1977,김형부,솔로
1978,이가수,솔로
1979,Simon D.,None_error
1980,원티드,그룹
1981,이승윤,솔로
1982,제이켠 (J'Kyun),솔로
1983,Hunter Hayes,솔로
1984,패티김,솔로
1985,Marian Hill,그룹
1986,최욱,솔로
1987,Sweet Sorrow,None_error
1988,福原遥,None_error
1989,송골매,그룹
1990,Galileo Galilei,그룹
1991,半阳,None_error
1992,정아로,솔로
1993,박보람,솔로
1994,plum boy,솔로
1995,XCROSS,그룹
1996,장계현,솔로
1997,유성준,솔로
1998,Muse,그룹
1999,Tom Misch,솔로
2001,호피폴라,그룹
2002,조아랑,솔로
2003,김민종,솔로
2004,이영재,솔로
2005,제이투엠,그룹
2006,주찬양,솔로
2007,Gallant,솔로
2008,민서,솔로
2009,郑亦辰,None_error
2010,halyosy,None_error
2011,John K,솔로
2012,김애란,솔로
2013,홍희선,솔로
2014,Khundi Panda,솔로
2015,인피니트H,그룹
2016,김도현,솔로
2017,Matsu Takako,솔로
2018,房东的猫,None_error
2019, 30년,None_error
2020,가야랑,그룹
2021,Lucian,솔로
2022,SAINt JHN,None_error
2023,Bastille,그룹
2024,Hyunjun Hur (허현준),솔로
2025,One Life Crew,그룹
2026,별이 빛나는 밤,솔로
2027,승희 (오마이걸),솔로
2028,이용백,솔로
2029,Aimer,솔로
2031,오은주,솔로
2032,바닐라 어쿠스틱,그룹
2033,임채무,솔로
2034,李袁杰,None_error
2035,강소리,솔로
2036, Girls ! OP),None_error
2037,Rita Ora,솔로
2038,황대훈,솔로
2039,MINO (송민호),솔로
2040,송창식,솔로
2041,형돈이와 대준이,그룹
2042,水樹奈々,None_error
2043,케이시 (Kassy),솔로
2044,우원재,솔로
2045,KUSH (쿠시),솔로
2046,남태현,솔로
2048,UMI,솔로
2049,RUNAWAY,솔로
2050,살찐고양이,솔로
2051,Charli XCX,솔로
2052,김단아,솔로
2053,pigstar,None_error
2054,워너원-린온미,None_error
2055,슈퍼주니어-M,None_error
2056,The Script,그룹
2057,후니아,솔로
2058,ユリイ・カノン,None_error
2059,陈泫孝,None_error
2060,유태광,솔로
2061,庄心妍,None_error
2062,연지후,솔로
2063,최소애,솔로
2064,김기열,솔로
2066,김동준,솔로
2067, 우리 사랑했을 때,None_error
2068, 시선 하나,None_error
2069, 이렇게 하면 너를 찌를 수 있을 거라 생각했어 펜싱맨),None_error
2070,남일이,솔로
2071,최백호,솔로
2072,칵스 (THE KOXX),그룹
2073,Carla Bruni,솔로
2074,박혜경,솔로
2075,러니 (RUNY),솔로
2076,Abir,솔로
2077,양수경,솔로
2078,우연이,솔로
2079,지피베이직,그룹
2080,규현 (KYUHYUN),솔로
2081,iKON,그룹
2082,Jin (Shizen No Teki P),솔로
2083,남화용,솔로
2084,sasakure.UK,None_error
2085,홍서범,솔로
2086,사랑과 평화,그룹
2087,남규리,솔로
2089,SOLE (쏠),솔로
2090,MCND,그룹
2091,조윤선,솔로
2092,苏芮,None_error
2093,진해성,솔로
2094,Ellie Goulding,솔로
2095,96猫,솔로
2096,윤종신,솔로
2097,심은경,솔로
2098,이기찬,솔로
2099,MukGeab,솔로
2100,양정승,솔로
2101,김민석 (멜로망스),솔로
2102,방탄소년단,그룹
2103,Christopher Cross,솔로
2104,전근화 (Weeky1),솔로
2105,すこっぷ,None_error
2106,카라,그룹
2107,Katy Perry,솔로
2108,제휘 (JeHwi),솔로
2109,김혜연,솔로
2110,김재희,솔로
2111,이상은 (=Lee-tzsche),솔로
2112,현정아,솔로
2113,유신종,솔로
2114,"옆소 (문별, 슬기, 유아, 디애나, 소희, 수정, 소미)",그룹
2115,新里宏太,None_error
2116,2AM,그룹
2117,조수경,솔로
2118,조아람,솔로
2119,선화,솔로
2120,파랑새,그룹
2121,신재중,솔로
2122,"황태지 (황광희, 태양, 지드래곤)",그룹
2123,PERC%NT,솔로
2124,김가희,솔로
2125,Travie McCoy,솔로
2126,박준호,솔로
2127,곽창선,솔로
2128,安室奈美恵,None_error
2129,SURL (설),그룹
2130,Sayaka,솔로
2131,이준기,솔로
2132,행숙이,솔로
2133,조은성,솔로
2134,Celine Dion,솔로
2135,テ・ジナ,None_error
2136,산체스 (Sanchez),솔로
2137,정선혜 외 5명,None_error
2138,M.I.B,그룹
2139,정의송,솔로
2140,015B,그룹
2141,오종혁,솔로
2142,한별,솔로
2143,エイトレンジャー,None_error
2144,핫젝갓알지,그룹
2145,ADOY,그룹
2146,DEAN,솔로
2147,Frank Ocean,솔로
2148,叶炫清,None_error
2149,김명구,솔로
2150,오마이걸 반하나,그룹
2151,웃소 (Wootso),그룹
2152,최현준 (V.O.S),솔로
2153,마리오,솔로
2154,준형 (2BIC),솔로
2156,박시환,솔로
2157,Going Under Ground,그룹
2158,Sukima Switch,그룹
2159,吉田拓郎,None_error
2160,Afterglow,그룹
2161,믹키유천,None_error
2162,박민우,솔로
2163,유재석,솔로
2164,이태호,솔로
2165,VIXX (빅스),그룹
2166,넉살,솔로
2167,나인뮤지스A,그룹
2168,이바다,솔로
2169,재범,솔로
2170,Tamura Yukari,솔로
2171,青山テルマ×SOL From Big Bang,None_error
2172,금종배,솔로
2173,업텐션 (UP10TION),그룹
2174,다비치,그룹
2175,Avicii,솔로
2176,황선복,솔로
2177,7 go up,그룹
2178,LIP×LIP,그룹
2179,SCREEN mode,None_error
2180,Andrew Lloyd Webber,솔로
2181,徐秉龙,None_error
2182,홍진주,솔로
2184,SIXC (6 crazy),그룹
2185, Why...,None_error
2186,김혜림,솔로
2187,최법진,솔로
2188,Trigger,솔로
2189,이찬원,솔로
2191,소야앤썬,그룹
2193,홍주영,솔로
2194,황인성,솔로
2195,폴킴,솔로
2196,Carly Rae Jepsen,솔로
2197,칸토,솔로
2198,Blue Encount,그룹
2199,유현상,솔로
2200,少女時代,None_error
2201,최규식,솔로
2202,범키,솔로
2203,No Doubt,그룹
2204, 너의 기억,None_error
2205,레이디스 코드,그룹
2206,유하민,솔로
2207,화려강산,그룹
2208,지장원,솔로
2209, 어디라도 ,None_error
2210,노세요,솔로
2211,Dean Lewis,솔로
2212,椎名豪,None_error
2213,sogumm,솔로
2214,TraxX (트랙스),그룹
2215,Nico & Vinz,그룹
2216,Jam Project,그룹
2217,Lady Antebellum,그룹
2218,진솔 (이달의 소녀),솔로
2219,자두,솔로
2220,Hailee Steinfeld,솔로
2221,라비 (RAVI),솔로
2222,ヒャダイン,None_error
2223, 누구니,None_error
2224,WABLE (와블),그룹
2225,김소유,솔로
2226,조성오,솔로
2227,윤정수,솔로
2228,여기저기,그룹
2229,이지영,솔로
2230,Bazzi,솔로
2232,"상주나 (정준하, 윤상)",그룹
2233,빅마마 소울,그룹
2234,장희영,솔로
2235,Jeremy Zucker,솔로
2236,코다 브릿지,그룹
2237,이자연,솔로
2238,박정민,솔로
2239,YURI!!! on ICE,솔로
2240,BIG Naughty (서동현),솔로
2242,정태춘,솔로
2243,원우진,솔로
2244,Sheena Ringo,솔로
2246,가이즈,그룹
2248,화나 (Fana),솔로
2249,张靓颖,None_error
2250,강예슬,솔로
2251,포레스트 (Forrest),그룹
2252,L'Arc~en~Ciel,None_error
2253,小田純平,None_error
2254,전인혁 (야다),솔로
2255,민니 ((여자)아이들),솔로
2256,스물하나,그룹
2257,미스터 팡,솔로
2258,홍진영,솔로
2259,EVERGLOW (에버글로우),그룹
2261,강의식,솔로
2262,임민지,솔로
2263,MAN1AC,솔로
2264,이진우 ($IGA A),솔로
2265,Neiked,솔로
2266,Chicago,그룹
2267,김현국,솔로
2268,원투,그룹
2269,장근석,솔로
2270,茅原実里,None_error
2272,OnlyOneOf (온리원오브),그룹
2273,김윤희,솔로
2274,인크레더블,솔로
2275,홍창우,솔로
2276,넬 (NELL),그룹
2277,허니크루,그룹
2278,서문탁,솔로
2279,전민하,솔로
2280,우예린,솔로
2281,김도희,솔로
2282,배따라기,그룹
2283,田所あずさ,None_error
2284,Justin Bieber,솔로
2285,荻野目洋子,None_error
2286,김건모,솔로
2287,남성민,솔로
2288,フレンチ・キス,None_error
2289,Coda,그룹
2290,우애경,솔로
2291,Goose house,그룹
2292,Junoflo (주노플로),솔로
2293, Simon OST),None_error
2294,지진석,솔로
2295,양승호,솔로
2296,최영경,솔로
2297,Twenty One Pilots,그룹
2298,유나킴,솔로
2299,Eric Benet,솔로
2300,Gracie Abrams,솔로
2301,Bruno Mars,솔로
2302,정인,솔로
2303,Olly Murs,솔로
2304,rionos,솔로
2305,AKINO With bless4,None_error
2306,XYZ,그룹
2307,형섭X의웅,그룹
2308,윤병호 (Bully Da Ba$tard),솔로
2309,미스터미스터,그룹
2310,ワルキューレ,None_error
2311,浦島太郎,None_error
2312,대즐링 레드,그룹
2314,금단비,솔로
2315,Fukuda Kohei,솔로
2316,거창한,솔로
2317,솔지하니 (EXID),그룹
2318,윤희정,솔로
2320,ガゼット,None_error
2321,桑田佳祐,None_error
2322,Lim Kim,솔로
2323,갓츄 (GOT U),그룹
2324,Luck Life,그룹
2325,한그루,솔로
2326,브라더수,솔로
2327,허각,솔로
2328,Nakagawa Shoko,솔로
2329,Peaches & Herb,그룹
2330,백련화,솔로
2331,Taio Cruz,솔로
2332,T.O.P,솔로
2333,권용욱,솔로
2334,Nathan Sykes,솔로
2335,Crush,솔로
2336,데블스,그룹
2337,DK,솔로
2338,현자,솔로
2339,w-inds.×G-DRAGON,None_error
2340,에피톤 프로젝트,솔로
2341,이현,솔로
2342,Eye To Eye,그룹
2343,하이라이트 (Highlight),그룹
2344,WINNER,그룹
2345,허성현 (Huh!),솔로
2346,슬리피,솔로
2347,Kodaline,그룹
2348,박용인 (어반자카파),솔로
2349,강승모,솔로
2350,増位山太志郎,None_error
2351,퇴촌 김종안,None_error
2352,Tokio,그룹
2354,V.One,솔로
2355,에픽하이 (EPIK HIGH),그룹
2356,서유석,솔로
2357,공소원,솔로
2358,송대관,솔로
2359,FreeTEMPO,솔로
2360,Straight No Chaser,그룹
2361,미쓰에이,그룹
2362,Mad Soul Child,그룹
2363,여은,솔로
2364, 우리 이별하던 날,None_error
2365,Norah Jones,솔로
2366,どうぶつビスケッツxPPP,None_error
2367,Chouchou,그룹
2369,뉴이스트,그룹
2370,NCT 2020,그룹
2372,이천세,솔로
2373,박규리 (카라),솔로
2374,이수나,솔로
2376,Back Number,그룹
2377,嵐 (ARASHI),그룹
2378,최진호 (BlueWhale),솔로
2379,유권 (블락비),솔로
2380,빅병,그룹
2381,페노메코 (PENOMECO),솔로
2382,박구윤,솔로
2383,찌지리,솔로
2384,작은평화,그룹
2385,피노다인(Pinodyne),그룹
2386,원미연,솔로
2387,이혜숙,솔로
2388,박서진,솔로
2389,뚱's,None_error
2390,소정 (레이디스 코드),솔로
2391,이선희,솔로
2392,선율,솔로
2393,강균성 (노을),솔로
2394,윤성기,솔로
2395,Def Leppard,그룹
2396,O'YOUNG (오영),솔로
2397,Vesta Williams,솔로
2398,Future,솔로
2399,영준 (브라운 아이드 소울),솔로
2401,은주,솔로
2402,꽃핀,솔로
2403, きっといつか,None_error
2404, I hate mys elf),None_error
2405,유키카,솔로
2406,小原好美,None_error
2407,스피카.S,그룹
2408,김범수,솔로
2409,미기,솔로
2410,Solomon Burke,솔로
2411,B.I,솔로
2412,손담비,솔로
2413,C.I.V.A,그룹
2415,카더가든,솔로
2416,숙희,솔로
2417,투앤비 (2NB),솔로
2418,키비,솔로
2419,지연,솔로
2420,Shontelle,솔로
2421,怪物くん,None_error
2422,정성희,솔로
2423,김홍중,솔로
2424,구자명,솔로
2425,Rurutia,솔로
2426,김태우,솔로
2427,노바소닉,그룹
2428,이해리 (다비치),솔로
2429,동훈,솔로
2430,퀸와사비(Queen WA$ABII),솔로
2431,청안,솔로
2432,안정아,솔로
2433,장나라,솔로
2434,소리소,솔로
2435,금비,솔로
2437,심규선 (Lucia),솔로
2438, Marry You,None_error
2439,OuiOui (위위),그룹
2440,우림,솔로
2441,김그림,솔로
2442,김홍석,솔로
2443,이광룡,솔로
2444,H.E.R.,솔로
2445,엠블랙,그룹
2446,BMK,솔로
2447,Diana Ross,솔로
2448,2NE1,그룹
2449,Unison Square Garden,None_error
2450,릴리 M.,솔로
2451,위키드 블루팀,그룹
2452,정두언,솔로
2453,Mihimaru GT,그룹
2454,최상엽,솔로
2455,이은미,솔로
2456,차현영,솔로
2457,이바디,그룹
2458,박윤경,솔로
2459,Tinie Tempah,솔로
2460,소울커넥션,그룹
2461, 2014),None_error
2462,청림,솔로
2463,노리플라이 (no reply),그룹
2464,한선욱,솔로
2465,シャイニーカラーズ,None_error
2466,숀 (SHAUN),솔로
2467,40mP,솔로
2468,김보경 (NEON),솔로
2469,메이비 (Maybee),솔로
2470,Itano Tomomi,솔로
2471,Matchbox 20,None_error
2472,The Chainsmokers,그룹
2473,AB6IX (에이비식스),그룹
2474,Amber Liu (엠버),솔로
2475,김남주(에이핑크),솔로
2476,윤지영,솔로
2477,Exile Atsushi,솔로
2478, 나의 2006년,None_error
2479,이승기,솔로
2480,김창완밴드,그룹
2481,정일훈,솔로
2482,신하균,솔로
2483,더 넛츠 (The NuTs),그룹
2484,김상희,솔로
2485,미스티 블루,그룹
2486,THERAY,솔로
2488,박태진,솔로
2489,써니사이드 챙,솔로
2490,남산애,솔로
2491,Rihanna,솔로
2492,플리지,솔로
2493,Harry Pepl,솔로
2494,샤넌,솔로
2495,DNT,그룹
2496,Brian McKnight,솔로
2497,허공,솔로
2498,안다미,솔로
2499,김우석,솔로
2500,제아,솔로
2501,시연 (드림캐쳐),솔로
2502,w-inds.,그룹
2503,김세현,솔로
2504, 나 OST),None_error
2505,今井麻夏,None_error
2507,n-buna,None_error
2508,옥주현,솔로
2509,Childish Gambino,솔로
2510,RIVER,솔로
2511,JJ Project,그룹
2512,朴璐美,None_error
2513,박미경,솔로
2514,김동찬,솔로
2515,Lionel Richie,솔로
2516,베이식 (Basick),솔로
2517,防弾少年団,None_error
2518,夏川椎菜,None_error
2519,주미라,솔로
2520,FTISLAND (FT아일랜드),그룹
2521,신재평,솔로
2524,백청강,솔로
2525,임현식 (비투비),솔로
2526,대현,솔로
2527,電ポルP,None_error
2528,WOOGIE,솔로
2529,HYPNOSISMIC -D.R.B- (Buster Bros!!!),그룹
2530, プアウーマン OST),None_error
2531,Carrie Underwood,솔로
2532,SS501,그룹
2533,송가인,솔로
2534,J.Fla,솔로
2535,D.Ark (디아크),솔로
2536,"J-심포니(영탁, 금용)",그룹
2537,조매력,None_error
2538,박보선,솔로
2539,게이트 플라워즈,그룹
2540,박대박,솔로
2541,IDOLiSH 7,None_error
2543,Kygo,솔로
2544,랄라스윗 (lalasweet),그룹
2545,K.A.R.D,None_error
2546,Jvcki Wai,솔로
2547,세훈&찬열,그룹
2548,张小九,None_error
2549,성진환,솔로
2550,진민호,솔로
2551,小林太郎,None_error
2552,SPYAIR,그룹
2553,Selena Gomez,솔로
2554,치치,그룹
2555,민호 (MINHO),솔로
2556,금잔디,솔로
2557,잔나비,그룹
2559,장태희,솔로
2560,이예찬,솔로
2561,새벽한시,그룹
2562,한영애,솔로
2563,송이한,솔로
2564,원슈타인,솔로
2565, Spring),None_error
2566,Haruna Luna,솔로
2567,차가운 체리,그룹
2568,Michael Jackson,솔로
2569,잉키,솔로
2570,박지윤,솔로
2571,Passenger,솔로
2572,张艺兴,None_error
2573,Bekuh BOOM,솔로
2574,조원선,솔로
2575,제이워크,그룹
2578,허민영영 못 잊을거야,그룹
2579,BLACKPINK,그룹
2580,Wouter Hamel,솔로
2582,Ice Cream,그룹
2583,사이먼 도미닉,솔로
2584,광표,솔로
2585,조연우,솔로
2586,마마무 (Mamamoo),그룹
2587,민현 (뉴이스트),솔로
2588,전효성,솔로
2589,서인아,솔로
2590,Jessie J,솔로
2591,엄태웅,솔로
2592,Sam Smith,솔로
2593,이진혁,솔로
2594,팡팡스타,그룹
2595,해오라기,그룹
2596,나영,솔로
2597,정형근,솔로
2598,신명근,솔로
2599,John Farnham,솔로
2600,Barry Manilow,솔로
2601,솔비,솔로
2602,Drake,솔로
2603,서출구,솔로
2604,Tones And I,솔로
2605,송주나,솔로
2606,뱃사공,솔로
2607,구지윤,솔로
2608,김상욱,솔로
2609,汪峰,None_error
2610,공원소녀 (Girls in the Park),그룹
2611,현아,솔로
2612,Clair Marlo,솔로
2613,ヒプノシスマイク-D.R.B-,None_error
2614,김준수,솔로
2615,유지나,솔로
2616,이진성 (먼데이 키즈),솔로
2617,Man With A Mission,그룹
2618,谷本貴義,None_error
2619,마이티 마우스,그룹
2620,King Gnu,그룹
2621,이장우,솔로
2622,박정은,솔로
2623,2PM,그룹
2624,愛美×佐倉綾音×前島亜美×相羽あいな×伊藤美来,None_error
2625,Green Day,그룹
2626, 괜찮아,None_error
2627,ピノキオピー,None_error
2628,클래지콰이,그룹
2629,X-5,그룹
2630,이부영,솔로
2631, 바람 그리고 너,None_error
2632,새벽,솔로
2633,齐晨,None_error
2634,장우영,솔로
2635,きゃりーぱみゅぱみゅ,None_error
2636, 꿈꾸는 듯한,None_error
2637,유재환,솔로
2638,베러 (Better),솔로
2639,Wiz Khalifa,솔로
2640,라즈베리필드,솔로
2641,최영자,솔로
2642,이석훈,솔로
2643,쇼콜라,그룹
2645,山根康広,None_error
2646,김명환,솔로
2647,RADWIMPS (래드윔프스),그룹
2648,Raiden,솔로
2649,2xxx!,None_error
2650,알리 (ALi),솔로
2651,제이세라,솔로
2652,오션 (5TION),그룹
2653,Fresh Boyz,그룹
2654,크레용팝,그룹
2655,김도향,솔로
2656,"쀼 (육성재, 조이)",그룹
2657,어니언스,그룹
2658,김하원,솔로
2659,손동운,솔로
2660,네이브로,그룹
2661,포텐 (4TEN),그룹
2662,PRODUCE 48,그룹
2663,HoneyWorks meets TrySail,None_error
2665,offonoff (오프온오프),그룹
2666,유성호,솔로
2667,더 크로스,그룹
2668,뉴챔프,솔로
2669,금열,솔로
2670,가오가이 (kaogaii),솔로
2671,허경환,솔로
2672,선경,솔로
2673,이태운,솔로
2674,강승식,솔로
2675,적우,솔로
2676,장범준,솔로
2677,シェリル・ノーム starring May'n,None_error
2678,송일호,솔로
2680,현당,솔로
2681,Nishino Kana,솔로
2682,김대훈,솔로
2683,곰PD,솔로
2684,그리즐리 (Grizzly),솔로
2685,YDG,솔로
2686,쿨 (COOL),그룹
2687,육지담,솔로
2688,Liam Payne,솔로
2689,HRVY,솔로
2690,The Band Perry,그룹
2691,와이낫?,그룹
2692,송은이,솔로
2693,Hozier,솔로
2694,이가야,솔로
2695,써니 (SUNNY),솔로
2696,夏川りみ,None_error
2697,nov (노브),솔로
2698,Maeda Atsuko,솔로
2699,한영민,솔로
2700,연하남쓰,그룹
2701,서재준,None_error
2702,GG (박명수 & G-Dragon),그룹
2703,팀,솔로
2704,손준혁,솔로
2705,ReoNa,솔로
2706,구윤회,솔로
2707,Fetty Wap,솔로
2708,레드락,솔로
2709,TETE,솔로
2710,Sting,솔로
2711,모네,그룹
2712,K/DA,그룹
2713,장재인,솔로
2714,소연 ((여자)아이들),솔로
2715,Hilcrhyme,그룹
2716,최진이,솔로
2718,제니 (JENNIE),솔로
2719,Troye Sivan,솔로
2720,려욱 (RYEOWOOK),솔로
2722,그네,솔로
2723,최진혁,솔로
2724,Wax Tailor,솔로
2725,한선화,솔로
2726,머쉬베놈 (MUSHVENOM),솔로
2727,훈스 (HOONS),그룹
2728,김정연,솔로
2729,유익종,솔로
2730,이종현,솔로
2731,전우성 (노을),솔로
2732,홍지윤,솔로
2733,Prizmmy,None_error
2734,빅마마,그룹
2735,아이유,솔로
2736,Sade,그룹
2737,원어스 (ONEUS),그룹
2738,서연주,솔로
2739,경제환,솔로
2740,ねこぼーろ,None_error
2741,SKE48,그룹
2742,전인권밴드,그룹
2743,Nick Jonas,솔로
2744,지현우,그룹
2745,김연자,솔로
2746,강태관,솔로
2747,티아라,그룹
2748,백장미,솔로
2749,우효,솔로
2750,정일송,솔로
2751,김여희,솔로
2752,Akeboshi (明星),솔로
2753,On/Off,그룹
2754,김신아 (Kim sin ah),솔로
2755,이혜수,솔로
2756,케이헌터,None_error
2757,James Arthur,솔로
2758,신정우,솔로
2760,Jus2 (저스투),그룹
2761,강지영,솔로
2762,GReeeeN,그룹
2763,Aoi Shouta,솔로
2764,김길중,솔로
2765,Conan Gray,솔로
2766,阿悠悠,솔로
2767,임정희,솔로
2768,크리스탈 (KRYSTAL),솔로
2769,Daitoku Junna (cv.Tokui Sora),솔로
2770,Miwa Akihiro,솔로
2771,강승윤,솔로
2772,이든 (EDEN),솔로
2773,BOYCOLD,솔로
2774, 노래...,None_error
2775,박경,솔로
2776,빡서 브라더스,그룹
2777,예아라,솔로
2778,강호동,솔로
2779,옥수사진관,그룹
2780,홍시은,솔로
2781,刘若英,None_error
2782,적재,솔로
2783,Keyshia Cole,솔로
2784,CLC,그룹
2785,전기뱀장어 (THE ELECTRICEELS),그룹
2786,植村花菜,None_error
2787,송유빈 (비오브유),솔로
2788,신민아,솔로
2789,윤하 (YOUNHA),솔로
2790,박보영,솔로
2791,정소정,솔로
2792,Mary J. Blige,솔로
2793,피어스,그룹
2795,최승부,솔로
2796,민해경,솔로
2797,에이프린스,그룹
2798,오선지,그룹
2799,서원아,솔로
2800,정예원 (YEWON),솔로
2801,Neru,None_error
2802,Livetune+,그룹
2803,Nogizaka46,그룹
2804,Why Don't We,None_error
2805,김윤혜,솔로
2806,요조,솔로
2807,Post Malone,솔로
2808,진영,솔로
2809,구구단 세미나,그룹
2810,우진영,솔로
2811,엄지 (여자친구),솔로
2812,정승제,솔로
2813,유비트,그룹
2814,김경민,솔로
2815,易烊千玺,None_error
2816,ナオト・インティライミ,None_error
2817,김세림,솔로
2818,톱밥,솔로
2819,Mae Muller,솔로
2820,변진섭,솔로
2821,박광식,솔로
2822,니엘,솔로
2823,어쿠루브,그룹
2824,Bebe Rexha,솔로
2825,윤상현,솔로
2826,최유나,솔로
2827, It 's Friday!),None_error
2828,AAA (Triple A),그룹
2829,소유미,솔로
2830,명희,솔로
2831,유니크노트 (Uniqnote),솔로
2832,윤비 (YunB),솔로
2833,박기영,솔로
2834,김승아,솔로
2835,ROOKiEZ is PUNK`D,None_error
2836,내귀에 도청장치,그룹
2838, 한잔,None_error
2839,고영준,솔로
2840,다이나믹 듀오,그룹
2841,Idina Menzel,솔로
2842,박명수,솔로
2843,이루펀트,그룹
2844,임부희,솔로
2845,Co Shu Nie,그룹
2846,god,그룹
2847,Jose Feliciano,솔로
2848,윈터플레이,솔로
2849,アフィリア・サーガ・イースト,None_error
2850,Mili,솔로
2851,안다미로,그룹
2852,이주민 (Yizumin),그룹
2853,Mr.Children,그룹
2854,Jump,그룹
2855,Kirinji,그룹
2856,정윤승,솔로
2857,크리샤 츄 (Kriesha Chu),솔로
2858,Florida Georgia Line,그룹
2859,Drug Restaurant,그룹
2860,VIINI (권현빈),솔로
2861,aespa,그룹
2862,정찬우,솔로
2863,孟凡明,솔로
2864,클럽소울,그룹
2865,김정민,솔로
2866,Kahara Tomomi,솔로
2867,조현민,솔로
2868,Disclosure,그룹
2869,N.E.R.D,그룹
2870,김동한,솔로
2871,Ryo (Supercell),솔로
2872,Lady Gaga,솔로
2873,蓝心羽,None_error
2875,전인권,솔로
2876,데프콘,솔로
2877,손빈아,솔로
2878,Rixton,그룹
2879,달지,솔로
2880,송진영,솔로
2882,영암,솔로
2883,권순일 (어반자카파),솔로
2884,이지형,솔로
2885,HoneyWorks meets CHiCO & sana,None_error
2886,최순호,솔로
2887,テゴマス,None_error
2889,배동성,솔로
2890,양양 (YANGYANG),솔로
2891,강현순,솔로
2892,신세경,솔로
2893,노크,그룹
2894,써니사이드MJ,None_error
2895,Janet Jackson,솔로
2896,세종아,솔로
2897,Tablo,솔로
2898,Rachel Platten,솔로
2899,Sexy Zone,None_error
2900,BewhY (비와이),솔로
2901,전미경,솔로
2902,워너원-트리플포지션,None_error
2903,BeBe Mignon,그룹
2904,Takatori Hideaki,솔로
2906,부부듀엣,그룹
2907,Walk The Moon,그룹
2908,ピエール瀧,None_error
2909,허태우,솔로
2910, 우리로,None_error
2911,솔튼페이퍼,솔로
2912,간과 쓸개,그룹
2913,BLACK DEJAVU,None_error
2914,Rae Sremmurd,그룹
2915,이은상,솔로
2916,효린,솔로
2917,김연아,솔로
2919,EXO,그룹
2920,halca,솔로
2921,포스트맨 (Postmen),그룹
2922,Twenty★Twenty,None_error
2923,MC THE MAX,None_error
2924,씨스타,그룹
2925,카피추,솔로
2926,윤수일,솔로
2928,임세준,솔로
2929, Je Ne Regrette Rien,None_error
2930,LINKIN PARK,그룹
2932,데.비 (데일리 비타민),그룹
2933,장추자,None_error
2934,황윤성,솔로
2935, 그때 우리,None_error
2936,Becky G,솔로
2937,Queen,그룹
2938,St. Vincent,솔로
2939, 하트다하트여왕),None_error
2940,韩安旭,None_error
2941,데이브레이크 (DAYBREAK),그룹
2942,Westlife,그룹
2943,"퀸즈 (김소희, 김혜림, 크리샤 츄)",그룹
2944,乌兰托娅,None_error
2945,이현도,솔로
2946,URU,솔로
2947,원 플러스 원,그룹
2949,신지,솔로
2951,Big Brain (빅브레인),그룹
2952,스피넬,그룹
2953,이주현,솔로
2954,李圣杰,None_error
2955,고어텍스,None_error
2956,유진주,솔로
2957,류은희,솔로
2958,도현아,솔로
2959,윤사라,솔로
2960,Not yet,None_error
2961,남진,솔로
2962,김나영,솔로
2963,소냐,솔로
2964,신지훈,솔로
2965,Khalid,솔로
2966,김재하,솔로
2967,박지헌,솔로
2968,나비드 (NAVID),솔로
2969,Andrea Bocelli,솔로
2970,Little Mix,그룹
2971,서우정,솔로
2972,배진영,솔로
2973,현성,솔로
2974,김서영,솔로
2975,이정옥,솔로
2976,赵雷,None_error
2977, Girl' s Rondo,None_error
2978,どついたれ本舗,None_error
2979,山口百恵,None_error
2981,정미애,솔로
2982,이건율,솔로
2983,캡사이신,솔로
2984,나비,솔로
2985,민희,솔로
2986,짱유 (JJANGYOU),솔로
2987,박인범,솔로
2988,Tiago Iorc,솔로
2989,소유찬,솔로
2990,정재윤 (Tula),솔로
2991,성국이와 상도,그룹
2993,이성종 (인피니트),솔로
2994,국카스텐,그룹
2995,Aiuchi Rina,솔로
2996,Internet Money,그룹
2997,코요태,그룹
2998,#안녕,솔로
2999,현진우,솔로
3000, 우린...,None_error
3001,DRIPPIN (드리핀),그룹
3002,TOIL,솔로
3003,武内駿輔,None_error
3004,길미,솔로
3006,소울다이브,그룹
3007,JG 하모니,그룹
3009,전찬영,솔로
3010,블락비 바스타즈,그룹
3011,치열,솔로
3012,한보람,솔로
3013,"LSD (Sia, Diplo and Labrinth)",그룹
3014,Jack Harlow,솔로
3016,이수진 (Weeekly),솔로
3017,藤田茜,None_error
3018,김소연,솔로
3019,민영천,솔로
3020, I'm lonely,None_error
3021,박현빈,솔로
3022,이태종,솔로
3023,크레파스,그룹
3024,제이큐티,그룹
3025,Demi Lovato,솔로
3026,헬로비너스,그룹
3028,강타 (KANGTA),솔로
3029,Marteen,솔로
3030,성수진,솔로
3031,만화영화주제가,None_error
3032,Sara Bareilles,솔로
3033,황세현 (h3hyeon),솔로
3034,강허달림,솔로
3035,핫샷 (HOTSHOT),그룹
3036,양재동,솔로
3037,AKB48,그룹
3038,서지오,솔로
3039,이상곤 (노을),솔로
3040,슈퍼주니어-D&E,None_error
3041,허가윤 (4minute),솔로
3042,박보검,솔로
3043,Michael Buble,솔로
3044,"투하트 (우현, 키)",그룹
3045,Gym Class Heroes,그룹
3046,돈 스파이크,솔로
3047,张晓钰,None_error
3048,김선민,솔로
3049,Naughty Boy,솔로
3050,DaBaby,솔로
3051,Virginia To Vegas,솔로
3052,立花日菜,None_error
3053,원금순,솔로
3054,Sound Horizon,솔로
3055,妖夢討伐隊,None_error
3056,Keepop,그룹
3057,텐시러브 (TENSI-LOVE),그룹
3058,젬스톤,솔로
3059,奇然,None_error
3060,윤진영,솔로
3061,T.I.,솔로
3062,주석,솔로
3063,트리탑스,그룹
3065,디바,그룹
3066,Lauv,솔로
3067,손민채,솔로
3068,정세운,솔로
3069,엄혜진,솔로
3070,베이지,솔로
3071,성진우,솔로
3072,전추영,솔로
3073,山内惠介,None_error
3074,手嶌葵,None_error
3075,드라마틱 블루,그룹
3077,Rich Brian,솔로
3078,정홍일,솔로
3079,박소민,솔로
3080,박은태,솔로
3081,La Roux,솔로
3082,모정애,솔로
3083,Toni Braxton,솔로
3084,배치기,그룹
3085,川田まみ,None_error
3086,노영국,솔로
3087,칠전팔기,그룹
3088,웨이천,솔로
3089,라포엠 (LA POEM),그룹
3090,김우주,솔로
3091,박성현,솔로
3092,라이너스의 담요,솔로
3093,손태진,솔로
3094,콜라보이스,그룹
3095,달의하루,그룹
3096,Tyga,솔로
3097,알렉스,솔로
3098,손진영,솔로
3099,8Eight,None_error
3100,영건,그룹
3101,MAGIC!,그룹
3102,수안 (Swan),솔로
3103,Kat-Tun,그룹
3104,김진욱,솔로
3105,숙행,솔로
3106,이승철,솔로
3107,Plain Note,그룹
3108,오마이걸 (OH MY GIRL),그룹
3109,Elvis Presley,솔로
3110,후이 (펜타곤),솔로
3111,宮野真守,None_error
3112,위정희,솔로
3113,재주소년,솔로
3114,최일권,솔로
3115,이원희,솔로
3117,윤채경 (에이프릴),솔로
3118,마미손,솔로
3119,견우와 직녀,그룹
3120,박순심,솔로
3121,김예원,솔로
3123,보니,솔로
3124,유예진,솔로
3125,젝스키스,그룹
3126,이적,솔로
3127,김광율,솔로
3128,맴맴,그룹
3129,Brett Eldredge,솔로
3130,Watari Rouka Hashiri Tai 7,그룹
3131,리오 케이코아,솔로
3132,Centimillimental,솔로
3133,원더걸스,그룹
3134,放課後ティータイム,None_error
3135,鈴木みのり,None_error
3136,뉴이스트 W,그룹
3137,VICTON (빅톤),그룹
3138,鬼頭明里 / Akari Kito (키토 아카리),솔로
3139,Funky Monkey Babys,그룹
3140,Rohann (이로한),솔로
3141,Verandah Project,그룹
3142,RAISE A SUILEN,솔로
3143,CHiCO with HoneyWorks,그룹
3144,ももいろクローバーZ,None_error
3145,Adam Levine,솔로
3146,라붐 (LABOUM),그룹
3147,Machine Gun Kelly,솔로
3148,애프터문,그룹
3149,황태산,솔로
3150,정효빈,솔로
3151,오왼오바도즈,None_error
3152,메킷레인(MKIT RAIN),그룹
3153,Bueno Clinic,그룹
3154,조옥정,None_error
3155,照井春佳,None_error
3156,이효재 (lalala studio),솔로
3157,존박,솔로
3158,박미옥,솔로
3159,藤川千愛,None_error
3160,설라경,솔로
3161,Simon Dominic,None_error
3162,Jason Mraz,솔로
3163,달마시안 (DMTN),그룹
3164,니은 (Nieun),솔로
3166,조정희 (Jung-hee Cho),솔로
3167,윤혁(디셈버),솔로
3168,은가은,솔로
3169,Iloveu,솔로
3170,7!!,그룹
3171,Rod Stewart,솔로
3172,김근수,None_error
3173,래원 (Layone),솔로
3174,Pussycat Dolls,그룹
3175,SUGA,솔로
3176,TLC,그룹
3177,H-유진,솔로
3178,진호 (펜타곤),솔로
3179,Moony,솔로
3180,ノースリーブス,None_error
3181,カンザキイオリ,None_error
3182, 조금씩),None_error
3184,℃-ute,None_error
3185,신비아파트,솔로
3186,사이로(415),그룹
3187,빌리어코스티,솔로
3188,디케이소울,솔로
3190,Ecobridge,솔로
3191,Bon Jovi,그룹
3192,하진 (HAJIN),솔로
3193,포르테 디 콰트로,그룹
3194, 이따요,None_error
3195,버나드 박,솔로
3196,송민재,솔로
3197,마크툽 (MAKTUB),솔로
3198,유정석,솔로
3199,Alicia Keys,솔로
3200,上田麗奈,None_error
3201,루시드폴,솔로
3202,한수성,솔로
3203,승민이와 국민손자들,그룹
3204,타이미,솔로
3205,이대원,솔로
3206,멜로 브리즈,그룹
3207,The MD,그룹
3208,볼빨간사춘기,솔로
3209,김창희,솔로
3210,유주 (여자친구),솔로
3211,김수련,솔로
3212,贺一航,None_error
3213,한희정,솔로
3214,李昕融,None_error
3215,CHEEZE (치즈),솔로
3216,닥터코어 911,그룹
3217,Peach Tree Rascals,그룹
3218,남백송,솔로
3220,윤호만,솔로
3221,S.E.S.,그룹
3223,문명진,솔로
3224,차오루,솔로
3225,Five For Fighting,솔로
3226,鏡五郎,None_error
3227,김지범,None_error
3228,애프터스쿨 RED,그룹
3229,"네스티네스티 (케빈, 경리, 소진)",그룹
3230,세정스님,솔로
3231,Kobukuro,그룹
3232,HYPNOSISMIC -D.R.B- (Fling Posse),그룹
3233,스피드,그룹
3234,Desiigner,솔로
3235,모모랜드 (MOMOLAND),그룹
3236,김진영,솔로
3237,강민경 (다비치),솔로
3238,오케이션 (Okasian),솔로
3239,하루,솔로
3240,김정호,솔로
3241,Miley Cyrus,솔로
3242,50 Cent,솔로
3243,Brenda Lee,솔로
3245,정키,솔로
3246,이민철,솔로
3247,2soo,솔로
3249,Stevie B.,솔로
3250,虎二,None_error
3251,소울스타 (SOULSTAR),그룹
3252,Tim McGraw,솔로
3253,신세령,솔로
3254,Austin Mahone,솔로
3256,Toyama Nao,솔로
3257,The Rose(더 로즈),그룹
3259,Ariana Grande & Nathan Sykes,None_error
3260,염따,솔로
3261,Ja Mezz,솔로
3262,Lifehouse,그룹
3263,조성희,솔로
3264,월하소년 (月下少年),솔로
3265,지선,솔로
3267,이창섭,솔로
3268,썸머일레븐,None_error
3269,장민호랑나비,그룹
3271,Loren Allred,솔로
3272,강병철과 삼태기,그룹
3274,ソナーポケット,None_error
3275,신성식,솔로
3276,Lil Mosey,솔로
3277,태진아,솔로
3279,歌家형제,그룹
3280, 마이웨이 OST),None_error
3281, 하나의 사랑OST),None_error
3282,마시따 밴드,솔로
3283,Sarah Vaughan,솔로
3284,이세준,솔로
3285,김추자,솔로
3286,술제이 (Sool J),솔로
3287,김채원,솔로
3288,문문 (MoonMoon),솔로
3289,원필 (DAY6),솔로
3290,문별 (마마무),솔로
3291,Artist For Haiti,None_error
3292,Orangestar,None_error
3293,PRISTIN V,그룹
3294,Suzuki Masayuki,솔로
3295,건아들,그룹
3296,Starland Vocal Band,그룹
3297,김미소 (miso kim),솔로
3298,川中美幸,None_error
3299,강남스타일,솔로
3300,이경현,솔로
3301,Sondia,솔로
3302,안성진,솔로
3303,심현중,솔로
3304,뽕자매,그룹
3305,트랜스픽션,그룹
3306,J. Cole,솔로
3307,진시몬,솔로
3308,혜랑,솔로
3309,Me & You,그룹
3310,薛之谦,None_error
3311,현철,솔로
3312,바다 (BADA),솔로
3313,김이지,솔로
3314,Chara,솔로
3315,Mrs. Green Apple,그룹
3316,김희재,솔로
3317,노사연,솔로
3318,Miyuki Nakajima,솔로
3319,앤씨아,솔로
3320,장문복,None_error
3321,워너원-더힐,None_error
3322,조수미,솔로
3323,SUPER JUNIOR (슈퍼주니어),그룹
3324,홍잠언,솔로
3325,CIX (씨아이엑스),그룹
3326,礒部花凜,None_error
3327,혜정 (AOA),솔로
3328,John Legend,솔로
3329,옹성우,솔로
3330,레인보우,그룹
3331,정동하,솔로
3332,Big Baby Driver,솔로
3333,Garlixx (갈릭스),그룹
3334,혜령,솔로
3335,Asian Kung-Fu Generation,그룹
3336,홍장가,솔로
3337,4minute,그룹
3338,하울,솔로
3339,우주소녀,그룹
3340,정선화,솔로
3341,클래스메이트,그룹
3342,영기,솔로
3343,SHAED,그룹
3344,윤두환,솔로
3345,이병재,None_error
3346,미료,솔로
3347,W&JAS,그룹
3349,沢田研二,None_error
3350,Kelly Clarkson,솔로
3351,SCENT,솔로
3352,국상현과유니크패밀리,그룹
3353,크로스진 (CROSS GENE),그룹
3354,김연지,솔로
3355,김진표,솔로
3356,Tula,솔로
3357,Hudson Thames,솔로
3358,Mad Kid,솔로
3359,유정란 (유세윤 & 이정),그룹
3360,더 네임,솔로
3361,윤길,솔로
3362,오월천,그룹
3363,하태웅,솔로
3364,레몬나인틴,None_error
3365,European Jazz Trio,그룹
3366,김다영,솔로
3367,孙语赛,None_error
3368,Selena Gomez & The Scene,그룹
3369,안지연,솔로
3370,西田佐知子,None_error
3371,まふまふ,None_error
3372,King & Prince,None_error
3373,岸田教団,None_error
3376,S.M. The Performance & Zedd,그룹
3379,가호 (Gaho),솔로
3380,BURNOUT SYNDROMES,그룹
3381,준호준,솔로
3382, I Love It,None_error
3383,MIKA,솔로
3384,환별,솔로
3385,태원,솔로
3386,安倍里葎子,None_error
3387, 마마! OST),None_error
3388,낙준,None_error
3389,셔누 (몬스타엑스),솔로
3391,싹쓰리,그룹
3392,S.I.S,그룹
3393,沈以诚,None_error
3394,박화요비,솔로
3395,한성호,솔로
3396,Cardi B,솔로
3397,최강창민 (MAX CHANGMIN),솔로
3398,Cö shu Nie,None_error
3399,백지웅,솔로
3400,Make Some Noise,솔로
3401,XIA (준수),솔로
3402,日向電工,None_error
3403,Capital Cities,그룹
3404,Sayuri,솔로
3405,milet,솔로
3406,조재권,솔로
3408,DEAN FUJIOKA,None_error
3409,UNB,그룹
3410,ファイルーズあい,None_error
3411,류종록,솔로
3412,"Fear, and Loathing in Las Vegas",그룹
3414,더나은,솔로
3416, 찾아오지도마,None_error
3417,전설,그룹
3418,장민호,솔로
3419,山下七海,None_error
3420,팔로알토 (Paloalto),솔로
3421,박보근,솔로
3422,선미,솔로
3423,송란,솔로
3424,채은옥,솔로
3425,윤아,솔로
3426, 生きてゆく,None_error
3427,문옥,솔로
3428,오사랑,솔로
3429,EXO-K,그룹
3430, 남들 쉽게 다하는 거,None_error
3431,김진복,솔로
3432,선유선,솔로
3433,Destiny's Child,None_error
3434,일레인,솔로
3435,차성연,솔로
3436,홍빈 (HONGBIN),솔로
3438,타히티,그룹
3439,KK,솔로
3440,엠티플,그룹
3441,골든차일드,그룹
3442,러브시티,그룹
3443,지아,솔로
3444,언니네 이발관,그룹
3445,B.A.P,그룹
3446,김종서,솔로
3447,박혁진,솔로
3448,유연숙,솔로
3449,강수빈,솔로
3450,SUMIN (수민),솔로
3451,张冬玲,None_error
3452,홍광호,솔로
3453,이철민,솔로
3454,Charlie Puth,솔로
3455,조대호,솔로
3456,Hatsune Miku,솔로
3457,한승기,솔로
3459,Lenny code fiction,그룹
3460,Aaliyah,솔로
3461,Girl Next Door,그룹
3462, 사랑을 부르다,None_error
3463,소녀시대-Oh!GG,그룹
3464,Chemistry,그룹
3465,신현희와김루트,그룹
3466,김영철,솔로
3467,Steady (스테디),솔로
3468,미도와 파라솔,그룹
3469,하은,솔로
3470,Yonezu Kenshi,솔로
3471, I want you,None_error
3473,이수영,솔로
3474,V,솔로
3475,박우진 (AB6IX),솔로
3476,艾辰,None_error
3477,meenoi (미노이),솔로
3478,정윤선,솔로
3480,Roselia,그룹
3481,라임어택 (RHYME-A-),솔로
3482,I'll (아일),솔로
3483,박정수,솔로
3484,정차식,솔로
3485,Berryz Koubou,그룹
3486,어니스트 (Honest),그룹
3487,나훈아,솔로
3488,김소정,솔로
3489,大黒摩季,None_error
3490,김경현 (마커스),솔로
3491,장성규,솔로
3492,김국헌 (비오브유),솔로
3493,전부성,솔로
3494,Tears For Fears,그룹
3495,ITZY (있지),그룹
3496,"YDPP (정세운, MXM, 이광현)",그룹
3497,叶洛洛,None_error
3498,Corinne Bailey Rae,솔로
3499,G-DRAGON,솔로
3500,MELOH,솔로
3501,PS영준,솔로
3502,Flo Rida,솔로
3503,이한울,솔로
3504,김수찬,솔로
3505,Luke Bryan,솔로
3506,전원주,솔로
3507,杨宗纬,None_error
3508,신유성,솔로
3509,김중연,솔로
3510,두리 (DooRi),솔로
3511,이은규,솔로
3512,김신애,솔로
3513,鞠婧祎,None_error
3514, 그 쓸쓸함에 대하여,None_error
3515,Jonas Brothers,그룹
3516,가을방학,그룹
3517,Jax Jones,솔로
3518,계은숙,솔로
3519,채수은,솔로
3520,지조,솔로
3521,아이디 (Eyedi),솔로
3522,Red Hot Chili Peppers,그룹
3523,김용국,솔로
3524,천둥,솔로
3525,로코베리,그룹
3526,Ugly Duck,솔로
3527,마이네임,그룹
3528,하이런,솔로
3529,millic (밀릭),솔로
3530,신기류,솔로
3531,이고은,솔로
3532,염아영,솔로
3533,Bebop,솔로
3534,이원종,솔로
3535,あいみょん,None_error
3536,김준협,None_error
3537,뜨거운 감자,그룹
3538,TAM TAM (탐탐),솔로
3539,三山ひろし,None_error
3540,노태현,솔로
3541,"트리플 H (현아, 펜타곤 (후이, 이던))",그룹
3542,박지훈,솔로
3543,블루파프리카,그룹
3546,하이니 (HiNi),솔로
3547,안동춘,솔로
3548,도희선,솔로
3549,Mike Perry,솔로
3550,배연서,None_error
3552,다이나믹 블랙,그룹
3553,정하윤,솔로
3554,Christina Perri,솔로
3555,Red Velvet (레드벨벳),그룹
3556,장미여관,그룹
3557,The ROOTLESS,None_error
3558,전영록,솔로
3559,진성,솔로
3560,시와,솔로
3561,디유닛,그룹
3562,곽진언,솔로
3563,김국환,솔로
3564,전철민,솔로
3565,렛잇비,그룹
3566,김선희,솔로
3567,홍자,솔로
3568,양지원,솔로
3569,캔들 라이트,솔로
3570,박진도,솔로
3571,孙燕姿,None_error
3572,신웅,솔로
3573,林宥嘉,None_error
3574,엠투엠 (M To M),솔로
3575,백호 (뉴이스트),솔로
3577,유대성,솔로
3578,현동현,솔로
3579,Nana Mouskouri,솔로
3580,나몰라패밀리 (Namolla Family),그룹
3581,Tungevaag & Raaban,그룹
3582,지숙,솔로
3583,이소라,솔로
3584,김나희,솔로
3585,박영진,솔로
3586,SKARF,그룹
3587,PL (피엘),솔로
3588,Poppin'Party,그룹
3589,최대한,솔로
3591,TOSAKA HIROOMI,솔로
3592,mewhan,솔로
3593,Dawin,솔로
3594,MAX,솔로
3595,남궁옥분,솔로
3596,강지X너불,None_error
3597,진향란,솔로
3598,케이윌,솔로
3601,이현우,솔로
3605,린,솔로
3611,강준우,그룹
3613,GD & T.O.P,None_error
3614,안재욱,None_error
3615,클릭비 (Click-B),그룹
3618,간종욱,솔로
3626,Rip Slyme,그룹
3630,Luis Fonsi,솔로
3633,최선경,솔로
3635,My Chemical Romance,None_error
3636,Scandal,None_error
3637,Scandal,그룹
3639,조남지대 (조세호 & 남창희),그룹
3647,李玉刚,None_error
3648,이동준,None_error
3649,사무엘,솔로
3651,EDEN,솔로
3654,노르웨이 숲,솔로
3656,헤이즈 (Heize),솔로
3662,최민경,솔로
3664,f(x),그룹
3666,자장가,솔로
3667,B1A4,그룹
3668,加藤ミリヤ×清水翔太,None_error
3669,One Direction,그룹
3670,モーニング娘。,None_error
3671,이주혁,솔로
3672,투모로우바이투게더,그룹
3673,은방울 자매,그룹
3674,용감한 형제,솔로
3675,걸스데이,그룹
3676,베이빌론 (Babylon),솔로
3677,livetune adding Takuro Sugawara,None_error
3678,Ciara,솔로
3679,도겸 (SEVENTEEN),솔로
3680,신유,솔로
3681,SG 워너비,그룹
3682,로꼬,솔로
3683,에이프릴 (APRIL),그룹
3684,조명섭,솔로
3685,정원수,솔로
3686,미스 미스터,그룹
3687,히트,그룹
3688,Kemuri,그룹
3690,김종민,솔로
3691,LUCY,그룹
3692,한이재,솔로
3693,김재환,솔로
3694,Mariah Carey,솔로
3695,Ysabelle Cuevas,솔로
3696,런치송 프로젝트,솔로
3698,Pharrell Williams,솔로
3699,関ジャニ∞,None_error
3700,유준상,솔로
3701,DJ Snake,솔로
3702,Timbaland,솔로
3703,앤드류 최,솔로
3704,대준,None_error
3705,리디아 (Lydia),솔로
3706,남순,솔로
3707,차영민,솔로
3708,류기진,솔로
3709,정상수,솔로
3710,DPR LIVE,솔로
3711,지창욱,솔로
3712,"이유 갓지(GOD G) 않은 이유 (박명수, 아이유)",그룹
3713,방용국,솔로
3714,Akimoto Junko,솔로
3717,쥬리킴,솔로
3718,동해 (DONGHAE),솔로
3719,Acid Black Cherry,솔로
3720,Foxes,솔로
3722,Prince,솔로
3723,오담률 (김농밀),솔로
3724,Kristen Bell,솔로
3725,이천원,그룹
3726,광희,None_error
3727,강현민,솔로
3728,ゴールデンボンバー,None_error
3729,설레임 에디션,그룹
3730,R. City,그룹
3731,임형주,솔로
3732,영탁,솔로
3733,창민&이현,None_error
3734,ClariS,그룹
3736,홍실,솔로
3737,임슬옹,솔로
3738,정형돈,솔로
3739,Sid,그룹
3740,호우주의보,그룹
3741,윤항기,솔로
3742,제리케이 (Jerry.k),솔로
3743,정준일,솔로
3744,이해남,솔로
3745,Travis Scott,솔로
3746,김성규,솔로
3747,MC몽,솔로
3748,최매력,솔로
3749,권미희,솔로
3750,전소미,솔로
3751,한여울,솔로
3752,낯선아이,솔로
3753,승관 (SEVENTEEN),솔로
3754,Lorde,솔로
3756,컬투,그룹
3757,Mykey,솔로
3758, 정말 ! OST),None_error
3760,로시 (Rothy),솔로
3761,Lee Michelle (이미쉘),솔로
3762,Styx,그룹
3763,장재봉,솔로
3764,요일 (YOIL),솔로
3765,Ayaka,솔로
3766,조성욱,솔로
3767,Big Sean,솔로
3768,티맥스,그룹
3769,약속,그룹
3770,윤미래,솔로
3771,하트비,그룹
3772,유상록,솔로
3773,그루비룸 (GroovyRoom),그룹
3774,Conor Maynard,솔로
3775,환불원정대,그룹
3777,NMB48,None_error
3778,타이거JK,솔로
3779,Cash Cash,그룹
3780,FLOW X GRANRODEO,None_error
3781,曾惜,None_error
3782,프라이머리,솔로
3783,양순임,솔로
3784,배다해,솔로
3785,김현정,솔로
3787,양다일,솔로
3788,홍대광,솔로
3789,은규미,솔로
3790,쇼파르뮤직,None_error
3791,이태환,솔로
3792,왕리훙,솔로
3793,陈雪凝,None_error
3794,방주연,솔로
3795,하성운,솔로
3796,刀郎,None_error
3797,矢口真里とストローハット,None_error
3798,컴백마돈나밴드,그룹
3799,테이크어반,그룹
3801,이선균,솔로
3802,김종국,솔로
3803,Be The Voice,그룹
3804,やなぎなぎ,None_error
3805,메이트,그룹
3806,설하윤,솔로
3807, Don 't Cry,None_error
3808,보헤미안,그룹
3809,가인,솔로
3810,ヨルシカ,None_error
3811,A$AP Rocky,솔로
3812,Aoi Eir,솔로
3813,레트로펑키,그룹
3814,윤화재인,솔로
3815,크루셜스타 (Crucial Star),솔로
3817,伊東健人,None_error
3818,심수봉,솔로
3819,박세빈,솔로
3820,민정아,솔로
3821,홍정희,솔로
3822,Harry Styles,솔로
3823,Neil Diamond,솔로
3824,OK PUNK!,그룹
3825,김동완,솔로
3826,JP Saxe,솔로
3827,서린동 아이들,그룹
3828,Justin Timberlake,솔로
3829,브라운아이드걸스,그룹
3830,류원정,솔로
3831,핫해하태 하태수,그룹
3832,Roberta Flack,솔로
3833,신종훈,솔로
3835,리듬파워,그룹
3836,都はるみ,None_error
3837,산들,솔로
3838,미스터 붐 박스,솔로
3839,고은성,솔로
3840,Suzuki Konomi,솔로
3841,사비나앤드론즈,솔로
3842,彭十六,None_error
3843,N-Train,그룹
3844,테이커스,그룹
3845,김정훈,솔로
3846,몬스타엑스,그룹
3847,CYaRon!,None_error
3848,이블,그룹
3849,윤현상,솔로
3850,张杰,None_error
3851,사람과 나무,그룹
3852,티엔에프,그룹
3853,스탠딩 에그,그룹
3854,정여진,솔로
3855,LCD Soundsystem,그룹
3856,김선빈,솔로
3857,탑독,그룹
3858,김조한,솔로
3859,Da' Zoo,None_error
3860,오승근,솔로
3861,이애란,솔로
3862,이나우,솔로
3863,VERIVERY,그룹
3864,이민숙,솔로
3865,이채윤,솔로
3866,핫펠트 (HA:TFELT),솔로
3867,大橋彩香,None_error
3868,Che'Nelle,솔로
3869,郝星宇,None_error
3871,좋아서하는밴드,그룹
3872,J × Takanori Nishikawa,None_error
3873,한혜경,솔로
3874,정국,솔로
3875,신보라,솔로
3876,덕환,솔로
3877,Shin Sakiura,솔로
3879,그대가,솔로
3880,이지혜,솔로
3881,언터쳐블,그룹
3882,클로버,그룹
3883, ずっとそばにいて...,None_error
3884,Pandora,솔로
3885,EXID,그룹
3886,이영현,솔로
3887,최서희,솔로
3888,네바다#51,None_error
3889,美波,None_error
3890,"비글즈 (철구, 창현, 남순, 노래하는 코트, 킴성태)",그룹
3891,Oscar Dunbar,솔로
3892,"더블V (송은이, 김숙)",그룹
3894,헨리 (HENRY),솔로
3896,요아리,솔로
3897,찬열 (CHANYEOL),솔로
3899,Zac Efron,솔로
3900,브로맨스 (VROMANCE),그룹
3901,전승희,솔로
3902,유해준,솔로
3903,하동진,솔로
3904,황인욱,솔로
3905,The SHIGOTONIN,None_error
3906,김창선,솔로
3907,김정수,솔로
3908,Mike Whitla,None_error
3909,朱亚文,None_error
3910,김만수,솔로
3911,비너스,그룹
3912,Ieiri Leo,솔로
3914,한영주,솔로
3915,엘리스 (ELRIS),그룹
3916,스윗 콧소로우 (정준하 & 스윗소로우),그룹
3917,j-hope,솔로
3918,巡音ルカ,None_error
3920,이영화와 에덴합창단,그룹
3921,나윤권,솔로
3922,이미키,솔로
3923,이홍기,솔로
3924,Kozai Kaori,솔로
3925,Wise,솔로
3926,진원,솔로
3927,이협,솔로
3929,이태권,솔로
3931,세상 모든 대디에게 경래,그룹
3932,정문성,솔로
3933,소울 크라이,솔로
3934,데이먼스 이어 (Damons year),솔로
3935,ZENE THE ZILLA,솔로
3936,MC그리,None_error
3937,남우현,솔로
3938,현빈,솔로
3939,이상번,솔로
3940,れるりり,None_error
3941,심현보,솔로
3942,잭키정,솔로
3943,MOBB (MINO & BOBBY),그룹
3944,박선주 (Pak Sun Zoo),솔로
3945,김완선,솔로
3946,듀에토,그룹
3947,쉬즈,그룹
3948,Sia,솔로
3949,최지윤 (153/Joombas),솔로
3950,베리굿 (BerryGood),그룹
3951,우석 X 관린,그룹
3954,쏜애플,None_error
3955,씨스타19,그룹
3956,The Weeknd,솔로
3957,신수아,솔로
3958,NF,솔로
3959,종현 (JONGHYUN),솔로
3962,菅田将暉,None_error
3963,히키 (Hickey),솔로
3965,Misia,솔로
3967,小峰峰 (XiaoFengFeng),솔로
3968,Toraboruta,솔로
3969,Avril Lavigne,솔로
3970,장우혁,솔로
3971,인순이,솔로
3972,Amy Winehouse,솔로
3973,신정환,솔로
3974,Kelly Yu,솔로
3975,기억 조작단,그룹
3976,송기창,솔로
3977,R&J,그룹
3978,몽실이 시스터즈,그룹
3979,이기광,솔로
3980,유승찬,솔로
3981,Tom Jones,솔로
3982,A Fine Frenzy,솔로
3983,송월,솔로
3984,철구,솔로
3985,Hanazawa Kana,솔로
3986,피터펀(Peter Fun),솔로
3987,빅스타,그룹
3988,天野春子,None_error
3989,HONNE,그룹
3990,유현주,솔로
3991,이예린,솔로
3992,Jawsh 685,솔로
3993,Ab 에비뉴,그룹
3994,버즈,그룹
3995,영지,솔로
3996,최연숙,솔로
3997,김경호,솔로
3998,블랙리스트,그룹
3999,백남숙,솔로
4000,Dua Lipa,솔로
4001,이시은,솔로
4002,SURAN (수란),솔로
4003,루피 (Loopy),솔로
4004,차지연,솔로
4005,구하라 (카라),솔로
4006,イヤミ,None_error
4007,주영,솔로
4008,먼데이 키즈 (Monday Kiz),솔로
4009,XXXTENTACION,솔로
4010,조유리 (아이즈원),솔로
4011,곽동현 (KWAK DONG HYUN),솔로
4012,Hoody (후디),솔로
4013,좋은 하루,그룹
4014,심은진,솔로
4016,호치키스 (김호진),솔로
4017,차민기,솔로
4018,써니힐,그룹
4019,Iguchi Yuka,솔로
4020,혜은이,솔로
4021,송영화,솔로
4022,LaLaLa,솔로
4023,양용모,솔로
4024,Mao Abe,솔로
4025,월러스,그룹
4026,Paramore,그룹
4027,별,솔로
4029,박해성,솔로
4030,서인국,솔로
4031,기현 (몬스타엑스),솔로
4032,경서예지,그룹
4033,Mike Posner,솔로
4034,David Guetta,솔로
4035,정기고,솔로
4036,A Great Big World,그룹
4037,The Killers,그룹
4038,JAY-Z,솔로
4039,윤딴딴,솔로
4040,문수화,솔로
4041,레인보우 블랙,그룹
4042,케빈오,솔로
4043,김진환,솔로
4045,Yolanda Be Cool,그룹
4046, 사랑에 살다 OST),None_error
4047,박애리,솔로
4048,임주연,솔로
4049,KozyPop,솔로
4050,조원우 (Jowonu),솔로
4051,AURORA,솔로
4052,AOA,그룹
4053,준하,솔로
4054,ELO,솔로
4056,소향,솔로
4057,久保田未夢,솔로
4058,장보리,솔로
4060,Stevie Wonder,솔로
4061,미스터T,그룹
4062,류준열,솔로
4063,Keith Ape,솔로
4064,BS2 (비에스투),솔로
4065,진실,솔로
4066,임재범,솔로
4067,박강수,솔로
4069,benny blanco,솔로
4070,이윤종,솔로
4071,조은새,솔로
4072,张碧晨,None_error
4073,드렁큰 타이거,솔로
4074,Paul Blanco,솔로
4075,김성현,솔로
4076,김종갑,None_error
4077,Michael Bolton,솔로
4078,고유진 (플라워),솔로
4080,장현철,솔로
4081, 결코 시들지 않는..,None_error
4082,박윤화,솔로
4083, 안 녕히 ,None_error
4084,Leona Lewis,솔로
4085,클래식 재즈 트리오,솔로
4086,정준영,솔로
4087,윤민수(바이브),솔로
4088,염수연,솔로
4089,諸星すみれ,None_error
4090,sg WANNA BE+,None_error
4091,박소연,솔로
4092,옥택연,None_error
4093,THE IDOLM@STER FIVE STARS!!!!!,None_error
4094,토니안,None_error
4095,토니 안,솔로
4096,펜타곤,그룹
4097,효민,솔로
4098,유하영,솔로
4100,F.I.X,None_error
4101,平井 堅,None_error
4102,Ken Hirai,솔로
4103,김태현,솔로
4104,9와 숫자들,그룹
4105,천재노창,None_error
4106,더 맨 블랙 (THE MAN BLK),그룹
4107,앵콜 킴,솔로
4108,Macklemore & Ryan Lewis,그룹
4109,Young Thug,솔로
4110,이한중,솔로
4111,웅산,솔로
4112,카이 (KAI),솔로
4113,PRISTIN (프리스틴),그룹
4114,하모닉스,그룹
4115,이정봉,솔로
4116,여름,솔로
4117, 곰인형,None_error
4118,Corrinne May,솔로
4119,ササノマリイ,None_error
4120,이경율,None_error
4121,고재근,솔로
4122,Mikaila,솔로
4123,Kadokawa Hiroshi,솔로
4124,이달의 소녀 yyxy,그룹
4125,닐로(Nilo),솔로
4126,유민,솔로
4127,유승우,솔로
4128,최낙타,솔로
4129,임현정,솔로
4130,Easy Going,솔로
4131,mxmtoon,솔로
4134,박지원 (makeumine works),솔로
4135,강민희,솔로
4136,Irene Cara,솔로
4137,가을로 가는 기차,그룹
4139,이상순,솔로
4140,진달래,솔로
4142,Train,그룹
4143,양홍원,솔로
4144,김민기,솔로
4145,소심한 오빠들,그룹
4147,소울트레인,그룹
4148,조정치,솔로
4149,5 Seconds of Summer,그룹
4150,Ella Henderson,솔로
4151,이미선,솔로
4152,Kris Allen,솔로
4153,Way Ched (웨이체드),솔로
4154,트웰브 (twlv),솔로
4155,김산하,솔로
4156,나다 (NADA),솔로
4157,원써겐,솔로
4158,노창규,솔로
4159,문지은,솔로
4160,"15& (박지민, 백예린)",그룹
4161,대성,솔로
4162,안예은,솔로
4163,타이푼,그룹
4164,Oda Kazumasa,솔로
4165,Moritaka Chisato,솔로
4166,Trevor Daniel,솔로
4167,최진희,솔로
4168,더 씨야,그룹
4169,Evanescence,그룹
4170,리밋 (Limit),솔로
4171,승리,솔로
4172, We're Going Home,None_error
4173,백지영,솔로
4174,윤복희,솔로
4175,Lukas Graham,그룹
4176,Julia Michaels,솔로
4177,온앤오프 (ONF),그룹
4178,부가킹즈,그룹
4179,원 모어 찬스 (one more chance),그룹
4180,Daylight,솔로
4181,보이프렌드,그룹
4182,"2F (신용재, 김원주)",그룹
4183,Min G,솔로
4184, 63호가수),None_error
4185,슈가볼,솔로
4186,마은진 (플레이백),솔로
4187,Morfonica,그룹
4188,허성정,솔로
4189,신소이,솔로
4190,박형식,솔로
4191,화사 (Hwa Sa),솔로
4192,LANY&Julia Michaels,None_error
4193,김용준,솔로
4194,김목경,솔로
4195,배수정,솔로
4196, Hello),None_error
4197,이혜영,솔로
4198,김영부,솔로
4199,김연숙,솔로
4200,김보희,솔로
4201,ASCA,솔로
4202,이승열,솔로
4203,千 昌夫,None_error
4204,조경수,솔로
4205,UNEDUCATED KID,솔로
4207,후샤,솔로
4208,王冕,None_error
4209,태훈 (tae hoon),솔로
4210,박지민,솔로
4211,영민,솔로
4212, 바람이 되어 ,None_error
4213,강태환,솔로
4214,시크릿,그룹
4215,김민규 (Young Kay),솔로
4216,김진웅,솔로
4217,Blake Shelton,솔로
4218,Gloria Estefan,솔로
4219,파리돼지앵 (정형돈 & 정재형),그룹
4220,진미령,솔로
4221,선예 (Wonder Girls),솔로
4222,소란 (SORAN),그룹
4223,나르샤 (Brown Eyed Girls),솔로
4224,예지,솔로
4225,민성아,솔로
4226,Bridgit Mendler,솔로
