﻿아티스트,None_error
ハセガワダイスケ,None_error
Maroon 5,그룹
容祖儿,None_error
青山テルマ,None_error
 我要为你唱首歌,None_error
买辣椒也用券,None_error
徐佳莹,None_error
워너원-남바완,None_error
小沈阳,None_error
The Stroboscorp,None_error
池田輝郎,None_error
董又霖,None_error
陈一发儿,None_error
緑黄色社会,None_error
花姐,None_error
 미스터 김! OST),None_error
DAOKO X 岡村靖幸,None_error
BTOB,None_error
 힐미 OST),None_error
The Sketchbook,None_error
 I Love You?,None_error
 한눈팔지 마!,None_error
남자의자격,그룹
LANY,그룹
Triad Primus,None_error
梦然,None_error
嶋大輔,None_error
 모든 순간,None_error
데드버튼즈,None_error
케이티김,None_error
레이디제인 & 코인,None_error
女王蜂,None_error
門脇陸男,None_error
张芸京,None_error
김설훈,None_error
増田俊樹,None_error
欅坂46,None_error
欧阳尚尚,None_error
765 MILLION ALLSTARS,None_error
 니 생각,None_error
林俊杰,None_error
戸松遥,None_error
정선혜,솔로
 내맘,None_error
ユンナ,None_error
 I'm bored,None_error
 always you,None_error
ハロー、ハッピーワールド！,None_error
WHITE GRAVITY,None_error
 Play Hard,None_error
薫と友樹、たまにムック。,None_error
大原ゆい子,None_error
立花理香,None_error
阿里郎,None_error
谢雨欣,None_error
水瀬いのり,None_error
のぼる↑Ｐ,None_error
한봄,솔로
黄阅,None_error
一修,None_error
サイダーガール,None_error
吴陌川,None_error
 바람이 분다 OST),None_error
小咪,None_error
西川貴教,None_error
RockTigers,None_error
野津山幸宏,None_error
참깨와솜사탕,None_error
じっぷす,None_error
 그리워지는 너,None_error
八王子P,None_error
李荣浩,None_error
テヨン,None_error
卢焱,None_error
鏡音リン,None_error
トト子,None_error
 빛의 일기 OST),None_error
F.Cuz,None_error
 길을 걷다,None_error
Lea Salonga & Brad Kane,None_error
BTOB-블루,None_error
감스트,솔로
IZ*ONE (아이즈원),그룹
언프리티 랩스타 3,그룹
김수희,솔로
유선호,솔로
2 Chainz,솔로
정다경,솔로
The Lonely Island,그룹
임태경,솔로
백인태,솔로
CRAVITY,그룹
정태춘,솔로
 예!,None_error
 내 사랑 그대에게,None_error
드렁큰타이거 With 윤미래 & Bizzy,None_error
宍戸留美,None_error
アンジュルム,None_error
唐古,None_error
 날개를 달다,None_error
山野さと子,None_error
최성용,None_error
 Baby -キオクの山脈-,None_error
 Don 't Go),None_error
赵方婧,None_error
カスタマイZ,None_error
B'z,None_error
Pastel*Palettes,None_error
袁娅维,None_error
전춘애,None_error
315 STARS,None_error
김서빈,None_error
タイナカサチ,None_error
우디즈,None_error
天童よしみ,None_error
周杰伦,None_error
포미닛 투윤,None_error
슈퍼주니어-K.R.Y,None_error
尚士达,None_error
天月-あまつき-,None_error
ずっと真夜中でいいのに。,None_error
富田美憂,None_error
The ORAL CIGARETTS,None_error
 World!,None_error
阿信,None_error
정준영밴드,None_error
亀と山P,None_error
北島三郎,None_error
소래,None_error
スズム,None_error
朱兴东,None_error
とあ,None_error
μ's,None_error
广东雨神,None_error
鈴木聖美,None_error
刘瑞琦,None_error
 Live Alive),None_error
XIAH Junsu,None_error
徳永英明,None_error
nano.RIPE,None_error
 캡틴코리아),None_error
Ke$ha,None_error
MYTH & ROID,None_error
田中あいみ,None_error
飯田友子,None_error
曲婉婷,None_error
쿠기 (Coogie),솔로
黄晓君,None_error
レーモンド松屋,None_error
 toC!,None_error
OLDCODEX,None_error
キム・ヒョンジュン,None_error
庾澄庆,None_error
三波春夫,None_error
 Who?),None_error
 나에게 넌,None_error
Vinida,None_error
田馥甄,None_error
蒋家驹,None_error
Cher & Peter Cetera,None_error
 그 씁쓸함에 대하여,None_error
李亚明,None_error
大壮,None_error
Dan Seals,None_error
Saint Aqours Snow,None_error
蝶々P,None_error
庞龙,None_error
大能人,None_error
 럭셔리 줄리엣 OST),None_error
 그 숨 막히던 순간,None_error
南宫嘉骏,None_error
木及少年,None_error
鳥羽一郎,None_error
The BLANK Shop,None_error
チャン・グンソク,None_error
みきとP,None_error
milktub,None_error
水森かおり,None_error
伦桑,None_error
周延英,None_error
早見沙織,None_error
XX:me,None_error
이로한,None_error
재중,None_error
オーイシマサヨシ,None_error
서태지,솔로
권정자,None_error
 좋아해,None_error
以冬,None_error
小倉唯,None_error
杨蔓,None_error
大石まどか,None_error
 지운다,None_error
액터스초이스프로젝트,None_error
岑宁儿,None_error
AGUST D,None_error
尤长靖,None_error
진돗개,None_error
Jordin Sparks,솔로
김덕희,솔로
G.E.M.邓紫棋,None_error
ROOKiEZ is PUNK'D,None_error
Janet Suhh (자넷서),솔로
The Wanted,그룹
Lil Wayne,솔로
Kokia,솔로
Jake Owen,솔로
坂本真綾,None_error
하성희,솔로
MC Sniper,None_error
김창완,솔로
상민,솔로
류계영,솔로
M4,그룹
正云,None_error
성은,솔로
현우빈,솔로
ピコ太郎,None_error
109,솔로
周笔畅,None_error
TK From 凛として時雨,None_error
双笙,None_error
죠지,솔로
차은우 (ASTRO),솔로
전미도,솔로
The 포지션,None_error
빈센트블루,솔로
전건호,솔로
세븐틴,그룹
초콜릿 노트,그룹
ハチ,None_error
Keith Urban,솔로
박은우,솔로
赤西仁,None_error
弦子,None_error
김재석,솔로
 남겨진 것들,None_error
R Sound Design,None_error
子芮,None_error
손호영,None_error
 경숙 아버지 OST),None_error
 Free & Single,None_error
原田悠里,None_error
Girls Dead Monster,None_error
 Your Beats!,None_error
 Love Again)'OST),None_error
 오늘의 그대에게,None_error
萧敬腾,None_error
A応P,None_error
王北车,None_error
구자한,None_error
 Now and Forever),None_error
도끼&라도,None_error
UV,그룹
 엄마 OST),None_error
汪苏泷,None_error
ナユタン星人,None_error
프로듀스 X 101,None_error
Ryan Gosling,솔로
 Easy go！,None_error
 Thank You! ,None_error
배그나,None_error
Various Artists 2010,솔로
Of BEAST,None_error
한라산,None_error
 i'll care,None_error
优秀少年,None_error
 아빠 딸 OST),None_error
洛晴,None_error
네이비쿼카 (NavyQuokka),솔로
 55호가수),None_error
랩몬스터,None_error
ブラックダイヤモンズ,None_error
Chemistry,그룹
安野希世乃,None_error
梅朵,None_error
The Jets,그룹
ST☆RISH,None_error
安倍里葎子・大沢樹生,None_error
三宅麻理恵,None_error
周传雄,None_error
鞠文娴,None_error
邓丽君,None_error
창민,None_error
千石撫子,None_error
765PRO ALLSTARS,None_error
심은섭,None_error
 뜨거웠던 우리,None_error
谢宇伦,None_error
娜美,None_error
 또 다시,None_error
陈奕迅,None_error
스폰지밴드,None_error
 Uh Oh),None_error
fhana,None_error
Petit Rabbit's,None_error
渥美二郎,None_error
欣宝儿,None_error
中島愛,None_error
E. Vianni,솔로
Simon D.,None_error
Sweet Sorrow,None_error
福原遥,None_error
半阳,None_error
郑亦辰,None_error
halyosy,None_error
房东的猫,None_error
 30년,None_error
SAINt JHN,None_error
李袁杰,None_error
 Girls ! OP),None_error
水樹奈々,None_error
pigstar,None_error
워너원-린온미,None_error
슈퍼주니어-M,None_error
ユリイ・カノン,None_error
陈泫孝,None_error
庄心妍,None_error
 우리 사랑했을 때,None_error
 시선 하나,None_error
 이렇게 하면 너를 찌를 수 있을 거라 생각했어 펜싱맨),None_error
sasakure.UK,None_error
苏芮,None_error
すこっぷ,None_error
新里宏太,None_error
安室奈美恵,None_error
テ・ジナ,None_error
정선혜 외 5명,None_error
エイトレンジャー,None_error
叶炫清,None_error
吉田拓郎,None_error
믹키유천,None_error
青山テルマ×SOL From Big Bang,None_error
SCREEN mode,None_error
徐秉龙,None_error
 Why...,None_error
少女時代,None_error
 너의 기억,None_error
 어디라도 ,None_error
椎名豪,None_error
ヒャダイン,None_error
 누구니,None_error
张靓颖,None_error
L'Arc~en~Ciel,None_error
小田純平,None_error
茅原実里,None_error
田所あずさ,None_error
荻野目洋子,None_error
フレンチ・キス,None_error
 Simon OST),None_error
AKINO With bless4,None_error
ワルキューレ,None_error
浦島太郎,None_error
ガゼット,None_error
桑田佳祐,None_error
w-inds.×G-DRAGON,None_error
増位山太志郎,None_error
퇴촌 김종안,None_error
 우리 이별하던 날,None_error
どうぶつビスケッツxPPP,None_error
뚱's,None_error
 きっといつか,None_error
 I hate mys elf),None_error
小原好美,None_error
怪物くん,None_error
 Marry You,None_error
Unison Square Garden,None_error
 2014),None_error
シャイニーカラーズ,None_error
Matchbox 20,None_error
 나의 2006년,None_error
 나 OST),None_error
今井麻夏,None_error
n-buna,None_error
朴璐美,None_error
防弾少年団,None_error
夏川椎菜,None_error
電ポルP,None_error
 プアウーマン OST),None_error
조매력,None_error
IDOLiSH 7,None_error
K.A.R.D,None_error
张小九,None_error
小林太郎,None_error
 Spring),None_error
张艺兴,None_error
汪峰,None_error
ヒプノシスマイク-D.R.B-,None_error
谷本貴義,None_error
愛美×佐倉綾音×前島亜美×相羽あいな×伊藤美来,None_error
 괜찮아,None_error
ピノキオピー,None_error
 바람 그리고 너,None_error
齐晨,None_error
きゃりーぱみゅぱみゅ,None_error
 꿈꾸는 듯한,None_error
山根康広,None_error
2xxx!,None_error
HoneyWorks meets TrySail,None_error
シェリル・ノーム starring May'n,None_error
夏川りみ,None_error
서재준,None_error
Prizmmy,None_error
ねこぼーろ,None_error
케이헌터,None_error
 노래...,None_error
刘若英,None_error
植村花菜,None_error
Neru,None_error
Why Don't We,None_error
易烊千玺,None_error
ナオト・インティライミ,None_error
 It 's Friday!),None_error
ROOKiEZ is PUNK`D,None_error
 한잔,None_error
アフィリア・サーガ・イースト,None_error
蓝心羽,None_error
HoneyWorks meets CHiCO & sana,None_error
テゴマス,None_error
써니사이드MJ,None_error
Sexy Zone,None_error
워너원-트리플포지션,None_error
ピエール瀧,None_error
 우리로,None_error
BLACK DEJAVU,None_error
Twenty★Twenty,None_error
MC THE MAX,None_error
 Je Ne Regrette Rien,None_error
장추자,None_error
 그때 우리,None_error
 하트다하트여왕),None_error
韩安旭,None_error
乌兰托娅,None_error
李圣杰,None_error
고어텍스,None_error
Not yet,None_error
赵雷,None_error
 Girl' s Rondo,None_error
どついたれ本舗,None_error
山口百恵,None_error
 우린...,None_error
武内駿輔,None_error
藤田茜,None_error
 I'm lonely,None_error
만화영화주제가,None_error
슈퍼주니어-D&E,None_error
张晓钰,None_error
立花日菜,None_error
妖夢討伐隊,None_error
奇然,None_error
山内惠介,None_error
手嶌葵,None_error
川田まみ,None_error
8Eight,None_error
宮野真守,None_error
放課後ティータイム,None_error
鈴木みのり,None_error
ももいろクローバーZ,None_error
오왼오바도즈,None_error
조옥정,None_error
照井春佳,None_error
藤川千愛,None_error
Simon Dominic,None_error
김근수,None_error
ノースリーブス,None_error
カンザキイオリ,None_error
 조금씩),None_error
℃-ute,None_error
 이따요,None_error
上田麗奈,None_error
贺一航,None_error
李昕融,None_error
鏡五郎,None_error
김지범,None_error
虎二,None_error
Ariana Grande & Nathan Sykes,None_error
썸머일레븐,None_error
ソナーポケット,None_error
 마이웨이 OST),None_error
 하나의 사랑OST),None_error
Artist For Haiti,None_error
Orangestar,None_error
川中美幸,None_error
薛之谦,None_error
장문복,None_error
워너원-더힐,None_error
礒部花凜,None_error
이병재,None_error
沢田研二,None_error
레몬나인틴,None_error
孙语赛,None_error
西田佐知子,None_error
まふまふ,None_error
King & Prince,None_error
岸田教団,None_error
 I Love It,None_error
安倍里葎子,None_error
 마마! OST),None_error
낙준,None_error
沈以诚,None_error
Cö shu Nie,None_error
日向電工,None_error
DEAN FUJIOKA,None_error
ファイルーズあい,None_error
 찾아오지도마,None_error
山下七海,None_error
 生きてゆく,None_error
 남들 쉽게 다하는 거,None_error
Destiny's Child,None_error
张冬玲,None_error
 사랑을 부르다,None_error
 I want you,None_error
艾辰,None_error
大黒摩季,None_error
叶洛洛,None_error
杨宗纬,None_error
鞠婧祎,None_error
 그 쓸쓸함에 대하여,None_error
あいみょん,None_error
김준협,None_error
三山ひろし,None_error
배연서,None_error
The ROOTLESS,None_error
孙燕姿,None_error
林宥嘉,None_error
강지X너불,None_error
GD & T.O.P,그룹
안재욱,솔로
My Chemical Romance,그룹
Scandal,그룹
李玉刚,None_error
이동준,솔로
加藤ミリヤ×清水翔太,None_error
モーニング娘。,None_error
livetune adding Takuro Sugawara,None_error
関ジャニ∞,None_error
대준,None_error
광희,None_error
ゴールデンボンバー,None_error
창민&이현,None_error
 정말 ! OST),None_error
NMB48,None_error
FLOW X GRANRODEO,None_error
曾惜,None_error
쇼파르뮤직,None_error
陈雪凝,None_error
刀郎,None_error
矢口真里とストローハット,None_error
やなぎなぎ,None_error
 Don 't Cry,None_error
ヨルシカ,None_error
伊東健人,None_error
都はるみ,None_error
彭十六,None_error
CYaRon!,None_error
张杰,None_error
Da' Zoo,None_error
大橋彩香,None_error
郝星宇,None_error
J × Takanori Nishikawa,None_error
 ずっとそばにいて...,None_error
네바다#51,None_error
美波,None_error
The SHIGOTONIN,None_error
Mike Whitla,None_error
朱亚文,None_error
巡音ルカ,None_error
MC그리,None_error
れるりり,None_error
쏜애플 (THORNAPPLE),그룹
菅田将暉,None_error
天野春子,None_error
イヤミ,None_error
 사랑에 살다 OST),None_error
张碧晨,None_error
김종갑,None_error
 결코 시들지 않는..,None_error
 안 녕히 ,None_error
諸星すみれ,None_error
sg WANNA BE+,None_error
옥택연,솔로
THE IDOLM@STER FIVE STARS!!!!!,None_error
토니 안,솔로
F.I.X,None_error
Ken Hirai,솔로
천재노창,솔로
 곰인형,None_error
ササノマリイ,None_error
이경율,솔로
 We're Going Home,None_error
 63호가수),None_error
LANY&Julia Michaels,None_error
 Hello),None_error
千 昌夫,None_error
王冕,None_error
 바람이 되어 ,None_error
