우주소녀 쪼꼬미,그룹
SDN48,그룹
달 좋은 밤,그룹
로맨틱펀치 ,그룹
DGNA ,그룹
롱디 ,그룹
어반자카파,그룹
안녕의 온도,그룹
사월과 오월,그룹
Aqua Timez,그룹
NCT DREAM,그룹
NCT 127,그룹
YB,그룹
소나무 ,그룹
가리온,그룹
Abingdon Boys School,그룹
캔,그룹
Billionaire,그룹
SMAP,그룹
Bad Meets Evil,그룹
구구단 오구오구,그룹
처진 달팽이 ,그룹
Da Pump,그룹
Monkey Majik,그룹
미스틱 화이트,그룹
3호선 버터플라이,그룹
더보이즈 ,그룹
라니아,그룹
UNI.T,그룹
서교동의 밤,그룹
이달의 소녀,그룹
Clean Bandit,그룹
SuperM,그룹
오지은과 늑대들,그룹
더블에이,그룹
공기남녀,그룹
모노그램,그룹
버스커 버스커,그룹
CNBLUE ,그룹
CHAGE & ASKA,그룹
체리 필터,그룹
루싸이트 토끼,그룹
Ellegarden,그룹
이로이 ,그룹
Simon & Garfunkel,그룹
Rats & Star,그룹
유키스,그룹
언니들,그룹
X1 ,그룹
Young Money,그룹
Emotional Oranges,그룹
미스터 파파,그룹
시나위,그룹
Neon Trees,그룹
세븐틴,그룹
솔루션스 ,그룹
ASTRO ,그룹
SEKAI NO OWARI,그룹
DREAMS COME TRUE,그룹
V6,그룹
플라워,그룹
Cherryblossom,그룹
혁오 ,그룹
애프터스쿨 BLUE,그룹
Coldplay,그룹
안녕바다,그룹
The 1975,그룹
위키미키 ,그룹
플라이 투 더 스카이,그룹
V.O.S,그룹
HIGH4 ,그룹
BGH to,그룹
긱스 ,그룹
다소니,그룹
하찌와 TJ,그룹
언니쓰,그룹
Arctic Monkeys,그룹
윙크,그룹
Migos,그룹
ENHYPEN,그룹
TWICE ,그룹
그라고보이,그룹
Portugal. The Man,그룹
부활,그룹
와사비사운드,그룹
우주미키,그룹
함중아와 양키스,그룹
허니지 ,그룹
Take That,그룹
F-ve Dolls,그룹
술탄 오브 더 디스코,그룹
X Ambassadors,그룹
Badkiz,그룹
카드 ,그룹
JJCC ,그룹
이브,그룹
엘클래스,그룹
DIA ,그룹
LEGIT GOONS ,그룹
웬즈데이,그룹
3OH!3,그룹
DNCE,그룹
씨리얼,그룹
STAYC,그룹
디셈버,그룹
With Woollim,그룹
七森中☆ごらく部 ,그룹
오렌지 캬라멜,그룹
슈퍼키드,그룹
투개월,그룹
딕펑스 ,그룹
비에이 ,그룹
D.O.A.,그룹
sajou no hana,그룹
Hundred Percent Free,그룹
레드애플,그룹
Crispi Crunch ,그룹
IZ*ONE ,그룹
2LSON,그룹
글램,그룹
1415,그룹
Little Glee Monster,그룹
비투비 포유,그룹
Air Supply,그룹
Porno Graffitti,그룹
버블 시스터즈,그룹
어쿠스틱 콜라보,그룹
Wands,그룹
Ketsumeishi,그룹
Loudness,그룹
국민의 아들,그룹
H&D ,그룹
Tacica,그룹
이날치,그룹
ATEEZ ,그룹
댄싱게놈 ,그룹
E-girls,그룹
베스티,그룹
LM.C,그룹
주주 클럽,그룹
TREASURE ,그룹
HALCALI,그룹
멜로디데이 ,그룹
하라소라,그룹
Oneway,그룹
AOA CREAM,그룹
매드몬스터 ,그룹
JBJ95,그룹
드림캐쳐,그룹
팝시클,그룹
새벽공방,그룹
Blasterjaxx,그룹
백두산,그룹
소녀시대-태티서 ,그룹
기프트 ,그룹
TOO ,그룹
동방신기 ,그룹
양화진밴드,그룹
It's my turn,그룹
Bump Of Chicken,그룹
Every Little Thing,그룹
크라잉넛 ,그룹
Anthem,그룹
fripSide,그룹
텐야드,그룹
Owl City,그룹
Imagine Dragons,그룹
Weeekly ,그룹
밤에,그룹
Exile,그룹
Hot Chelle Rae,그룹
Princess Princess,그룹
Daughtry,그룹
Long Shot Party,그룹
스윙걸즈,그룹
에브리 싱글 데이,그룹
Black Eyed Peas,그룹
갱키즈,그룹
용감한 녀석들,그룹
Radiohead,그룹
IN2IT ,그룹
장기하와 얼굴들,그룹
레이지본 ,그룹
sumika,그룹
나무자전거,그룹
거북이,그룹
브레이브걸스,그룹
아리밴드,그룹
JYJ,그룹
할리퀸,그룹
엔플라잉 ,그룹
New Edition,그룹
써드코스트,그룹
참소녀,그룹
미스에스,그룹
Kalafina,그룹
비아이지 ,그룹
SHINee ,그룹
브라운 아이드 소울,그룹
보이스원,그룹
W&Whale,그룹
더히든,그룹
Wanna One ,그룹
사랑해미안해,그룹
양세형 X BewhY,그룹
주비스,그룹
소울라이츠,그룹
가비엔제이,그룹
Lonely Hearts Club,그룹
국.슈 ,그룹
Fun.,그룹
Vanilla Lucy,그룹
새소년,그룹
LPG,그룹
쥬얼리,그룹
문빈&산하,그룹
45RPM,그룹
UNIT BLACK ,그룹
담소네공방,그룹
노을,그룹
로켓펀치,그룹
아이오아이 ,그룹
BNR,그룹
R.ef,그룹
FT트리플,그룹
에이프릴 세컨드,그룹
노라조,그룹
PRETTYMUCH ,그룹
Flumpool,그룹
티아라 N4,그룹
노브레인,그룹
타이니지,그룹
M시그널,그룹
Icona Pop,그룹
원위 ,그룹
ILLIONAIRE RECORDS,그룹
씨야,그룹
비투와이,그룹
일렉트로보이즈,그룹
써니사이드,그룹
네미시스,그룹
딜라잇,그룹
미지,그룹
터치,그룹
UVERworld,그룹
"Earth, Wind & Fire",그룹
M.Y.M.P,그룹
디에이드 ,그룹
장덕철,그룹
자전거 탄 풍경,그룹
Major Lazer,그룹
지누션,그룹
하은요셉,그룹
M.Street ,그룹
Presidents Of The United States Of America,그룹
히스토리,그룹
무한도전,그룹
울랄라세션,그룹
더 이스트라이트 ,그룹
Van Halen,그룹
Apink ,그룹
노래를 찾는 사람들,그룹
악퉁,그룹
달샤벳,그룹
후니용이,그룹
멜로망스,그룹
허니 패밀리,그룹
티지어스,그룹
Nickelback,그룹
불독 맨션,그룹
BIGBANG,그룹
마인드유,그룹
둘 다섯,그룹
회기동사람들,그룹
SummerWish,그룹
여자친구 ,그룹
AKMU ,그룹
구구단 ,그룹
슈퍼스타K4 TOP12,그룹
몽니,그룹
소리얼,그룹
GOT7 ,그룹
키네틱 플로우,그룹
러블리즈,그룹
블락비 ,그룹
Journey,그룹
테이크 아웃,그룹
럭키제이 ,그룹
인피니트,그룹
오대천왕 ,그룹
Boris,그룹
Keyakizaka46,그룹
Foster The People,그룹
스웨덴세탁소,그룹
디어클라우드,그룹
Nakanoke no Itsutsugo,그룹
PRODUCE 101,그룹
S Club 7,그룹
핸섬피플,그룹
순순희,그룹
투엑스,그룹
The Black Mamba,그룹
원펀치 ,그룹
핑클 ,그룹
Cobra Starship,그룹
소녀시대 ,그룹
틴탑,그룹
구남과여라이딩스텔라,그룹
써니데이즈,그룹
소리엘,그룹
NewS,그룹
빅스LR,그룹
Bee Gees,그룹
삼총사,그룹
루나플라이,그룹
리미트리스 ,그룹
EXO-CBX ,그룹
투나이스,그룹
Honeyworks,그룹
Do As Infinity,그룹
백퍼센트,그룹
금수광산,그룹
비스트,그룹
Supreme Team,그룹
Fifth Harmony,그룹
P1Harmony,그룹
Kinki Kids,그룹
청춘학개론,그룹
용국&시현,그룹
추억,그룹
NFB,그룹
코드브이,그룹
톡식,그룹
공중전화,그룹
A.C.E ,그룹
Stray Kids ,그룹
명콜드라이브,그룹
MFBTY,그룹
HKT48,그룹
Machico,그룹
길구봉구,그룹
신치림,그룹
Pinkrush,그룹
Surfaces,그룹
센치한 하하 ,그룹
Dan + Shay,그룹
Devine Channel,그룹
비욘드,그룹
업타운,그룹
티어라이너,그룹
우주히피,그룹
유리상자,그룹
블랙펄,그룹
피기돌스,그룹
Far East Movement,그룹
넥스트,그룹
셀럽파이브,그룹
헤리티지,그룹
amazarashi,그룹
포맨,그룹
헤이걸스,그룹
동생 ,그룹
브로큰 발렌타인,그룹
TrySail,그룹
LC9,그룹
봄여름가을겨울,그룹
페퍼톤스 ,그룹
나인뮤지스,그룹
동물음악대,그룹
몬스타 칼라바,그룹
다섯장,그룹
알맹,그룹
탁이준이,그룹
슈퍼스타K 2,그룹
자우림,그룹
바닷길 ,그룹
"Fine, ",그룹
소리새,그룹
Hey! Say! Jump,그룹
FANXY CHILD,그룹
Boyz II Men,그룹
체리블렛 ,그룹
2winS,그룹
아이비아이 ,그룹
위아이 ,그룹
U-Cube,그룹
Expose,그룹
화이팅대디,그룹
슬레이트,그룹
AS 1,그룹
C-CLOWN,그룹
지원사격,그룹
DAY6 ,그룹
BACK-ON,그룹
Filter,그룹
OneRepublic,그룹
Nulbarich,그룹
철싸 ,그룹
ONE OK ROCK,그룹
Toi Et Moi,그룹
NiziU ,그룹
Soul Harmony,그룹
원티드,그룹
Marian Hill,그룹
송골매,그룹
Galileo Galilei,그룹
XCROSS,그룹
Muse,그룹
호피폴라,그룹
제이투엠,그룹
인피니트H,그룹
가야랑,그룹
Bastille,그룹
One Life Crew,그룹
바닐라 어쿠스틱,그룹
형돈이와 대준이,그룹
The Script,그룹
칵스 ,그룹
지피베이직,그룹
iKON,그룹
사랑과 평화,그룹
MCND,그룹
방탄소년단,그룹
카라,그룹
옆소 ,그룹
2AM,그룹
파랑새,그룹
황태지 ,그룹
SURL ,그룹
M.I.B,그룹
015B,그룹
핫젝갓알지,그룹
ADOY,그룹
오마이걸 반하나,그룹
웃소 ,그룹
Going Under Ground,그룹
Sukima Switch,그룹
Afterglow,그룹
VIXX ,그룹
나인뮤지스A,그룹
업텐션 ,그룹
다비치,그룹
7 go up,그룹
LIP×LIP,그룹
SIXC ,그룹
소야앤썬,그룹
Blue Encount,그룹
No Doubt,그룹
레이디스 코드,그룹
화려강산,그룹
TraxX ,그룹
Nico & Vinz,그룹
Jam Project,그룹
Lady Antebellum,그룹
WABLE ,그룹
여기저기,그룹
상주나 ,그룹
빅마마 소울,그룹
코다 브릿지,그룹
가이즈,그룹
포레스트 ,그룹
스물하나,그룹
EVERGLOW ,그룹
Chicago,그룹
원투,그룹
OnlyOneOf ,그룹
넬 ,그룹
허니크루,그룹
배따라기,그룹
Coda,그룹
Goose house,그룹
Twenty One Pilots,그룹
XYZ,그룹
형섭X의웅,그룹
미스터미스터,그룹
대즐링 레드,그룹
솔지하니 ,그룹
갓츄 ,그룹
Luck Life,그룹
Peaches & Herb,그룹
데블스,그룹
Eye To Eye,그룹
하이라이트 ,그룹
WINNER,그룹
Kodaline,그룹
Tokio,그룹
에픽하이 ,그룹
Straight No Chaser,그룹
미쓰에이,그룹
Mad Soul Child,그룹
Chouchou,그룹
뉴이스트,그룹
NCT 2020,그룹
Back Number,그룹
嵐 ,그룹
빅병,그룹
작은평화,그룹
피노다인,그룹
Def Leppard,그룹
스피카.S,그룹
C.I.V.A,그룹
노바소닉,그룹
OuiOui ,그룹
엠블랙,그룹
2NE1,그룹
위키드 블루팀,그룹
Mihimaru GT,그룹
이바디,그룹
소울커넥션,그룹
노리플라이 ,그룹
The Chainsmokers,그룹
AB6IX ,그룹
김창완밴드,그룹
더 넛츠 ,그룹
미스티 블루,그룹
DNT,그룹
w-inds.,그룹
JJ Project,그룹
FTISLAND ,그룹
HYPNOSISMIC -D.R.B- ,그룹
SS501,그룹
J-심포니,그룹
게이트 플라워즈,그룹
랄라스윗 ,그룹
세훈&찬열,그룹
SPYAIR,그룹
치치,그룹
잔나비,그룹
새벽한시,그룹
차가운 체리,그룹
제이워크,그룹
허민영영 못 잊을거야,그룹
BLACKPINK,그룹
Ice Cream,그룹
마마무 ,그룹
팡팡스타,그룹
해오라기,그룹
공원소녀 ,그룹
Man With A Mission,그룹
마이티 마우스,그룹
King Gnu,그룹
2PM,그룹
Green Day,그룹
클래지콰이,그룹
X-5,그룹
쇼콜라,그룹
RADWIMPS ,그룹
오션 ,그룹
Fresh Boyz,그룹
크레용팝,그룹
쀼 ,그룹
어니언스,그룹
네이브로,그룹
포텐 ,그룹
PRODUCE 48,그룹
offonoff ,그룹
더 크로스,그룹
쿨 ,그룹
The Band Perry,그룹
와이낫?,그룹
연하남쓰,그룹
GG ,그룹
모네,그룹
K/DA,그룹
Hilcrhyme,그룹
훈스 ,그룹
빅마마,그룹
Sade,그룹
원어스 ,그룹
SKE48,그룹
전인권밴드,그룹
지현우,그룹
티아라,그룹
On/Off,그룹
Jus2 ,그룹
GReeeeN,그룹
빡서 브라더스,그룹
옥수사진관,그룹
CLC,그룹
전기뱀장어 ,그룹
피어스,그룹
에이프린스,그룹
오선지,그룹
Livetune+,그룹
Nogizaka46,그룹
구구단 세미나,그룹
유비트,그룹
어쿠루브,그룹
AAA ,그룹
내귀에 도청장치,그룹
다이나믹 듀오,그룹
이루펀트,그룹
Co Shu Nie,그룹
god,그룹
안다미로,그룹
이주민 ,그룹
Mr.Children,그룹
Jump,그룹
Kirinji,그룹
Florida Georgia Line,그룹
Drug Restaurant,그룹
aespa,그룹
클럽소울,그룹
Disclosure,그룹
N.E.R.D,그룹
Rixton,그룹
노크,그룹
BeBe Mignon,그룹
부부듀엣,그룹
Walk The Moon,그룹
간과 쓸개,그룹
Rae Sremmurd,그룹
EXO,그룹
포스트맨 ,그룹
씨스타,그룹
LINKIN PARK,그룹
데.비 ,그룹
Queen,그룹
데이브레이크 ,그룹
Westlife,그룹
퀸즈 ,그룹
원 플러스 원,그룹
Big Brain ,그룹
스피넬,그룹
Little Mix,그룹
성국이와 상도,그룹
국카스텐,그룹
Internet Money,그룹
코요태,그룹
DRIPPIN ,그룹
소울다이브,그룹
JG 하모니,그룹
블락비 바스타즈,그룹
LSD ,그룹
크레파스,그룹
제이큐티,그룹
헬로비너스,그룹
핫샷 ,그룹
AKB48,그룹
투하트 ,그룹
Gym Class Heroes,그룹
Keepop,그룹
텐시러브 ,그룹
트리탑스,그룹
디바,그룹
드라마틱 블루,그룹
배치기,그룹
칠전팔기,그룹
라포엠 ,그룹
콜라보이스,그룹
달의하루,그룹
영건,그룹
MAGIC!,그룹
Kat-Tun,그룹
Plain Note,그룹
오마이걸 ,그룹
견우와 직녀,그룹
젝스키스,그룹
맴맴,그룹
Watari Rouka Hashiri Tai 7,그룹
원더걸스,그룹
뉴이스트 W,그룹
VICTON ,그룹
Funky Monkey Babys,그룹
Verandah Project,그룹
CHiCO with HoneyWorks,그룹
라붐 ,그룹
애프터문,그룹
메킷레인,그룹
Bueno Clinic,그룹
달마시안 ,그룹
7!!,그룹
Pussycat Dolls,그룹
TLC,그룹
사이로,그룹
Bon Jovi,그룹
포르테 디 콰트로,그룹
승민이와 국민손자들,그룹
멜로 브리즈,그룹
The MD,그룹
닥터코어 911,그룹
Peach Tree Rascals,그룹
S.E.S.,그룹
애프터스쿨 RED,그룹
네스티네스티 ,그룹
Kobukuro,그룹
HYPNOSISMIC -D.R.B- ,그룹
스피드,그룹
모모랜드 ,그룹
소울스타 ,그룹
The Rose,그룹
Lifehouse,그룹
장민호랑나비,그룹
강병철과 삼태기,그룹
歌家형제,그룹
PRISTIN V,그룹
건아들,그룹
Starland Vocal Band,그룹
뽕자매,그룹
트랜스픽션,그룹
Me & You,그룹
Mrs. Green Apple,그룹
SUPER JUNIOR ,그룹
CIX ,그룹
레인보우,그룹
Garlixx ,그룹
Asian Kung-Fu Generation,그룹
4minute,그룹
우주소녀,그룹
클래스메이트,그룹
SHAED,그룹
W&JAS,그룹
국상현과유니크패밀리,그룹
크로스진 ,그룹
유정란 ,그룹
오월천,그룹
European Jazz Trio,그룹
Selena Gomez & The Scene,그룹
S.M. The Performance & Zedd,그룹
BURNOUT SYNDROMES,그룹
싹쓰리,그룹
S.I.S,그룹
Capital Cities,그룹
UNB,그룹
"Fear, and Loathing in Las Vegas",그룹
전설,그룹
EXO-K,그룹
타히티,그룹
엠티플,그룹
골든차일드,그룹
러브시티,그룹
언니네 이발관,그룹
B.A.P,그룹
Lenny code fiction,그룹
Girl Next Door,그룹
소녀시대-Oh!GG,그룹
Chemistry,그룹
신현희와김루트,그룹
미도와 파라솔,그룹
Roselia,그룹
Berryz Koubou,그룹
어니스트 ,그룹
Tears For Fears,그룹
ITZY ,그룹
YDPP ,그룹
Jonas Brothers,그룹
가을방학,그룹
Red Hot Chili Peppers,그룹
로코베리,그룹
마이네임,그룹
뜨거운 감자,그룹
트리플 H ,그룹
블루파프리카,그룹
다이나믹 블랙,그룹
Red Velvet ,그룹
장미여관,그룹
디유닛,그룹
렛잇비,그룹
나몰라패밀리 ,그룹
Tungevaag & Raaban,그룹
SKARF,그룹
Poppin'Party,그룹
강준우,그룹
클릭비 ,그룹
Rip Slyme,그룹
Scandal,그룹
조남지대 ,그룹
f,그룹
B1A4,그룹
One Direction,그룹
투모로우바이투게더,그룹
은방울 자매,그룹
걸스데이,그룹
SG 워너비,그룹
에이프릴 ,그룹
미스 미스터,그룹
히트,그룹
Kemuri,그룹
LUCY,그룹
이유 갓지,그룹
이천원,그룹
설레임 에디션,그룹
R. City,그룹
ClariS,그룹
Sid,그룹
호우주의보,그룹
컬투,그룹
Styx,그룹
티맥스,그룹
약속,그룹
하트비,그룹
그루비룸 ,그룹
환불원정대,그룹
Cash Cash,그룹
컴백마돈나밴드,그룹
테이크어반,그룹
Be The Voice,그룹
메이트,그룹
보헤미안,그룹
레트로펑키,그룹
OK PUNK!,그룹
서린동 아이들,그룹
브라운아이드걸스,그룹
핫해하태 하태수,그룹
리듬파워,그룹
N-Train,그룹
테이커스,그룹
몬스타엑스,그룹
이블,그룹
사람과 나무,그룹
티엔에프,그룹
스탠딩 에그,그룹
LCD Soundsystem,그룹
탑독,그룹
VERIVERY,그룹
좋아서하는밴드,그룹
언터쳐블,그룹
클로버,그룹
EXID,그룹
비글즈 ,그룹
더블V ,그룹
브로맨스 ,그룹
비너스,그룹
엘리스 ,그룹
스윗 콧소로우 ,그룹
이영화와 에덴합창단,그룹
세상 모든 대디에게 경래,그룹
MOBB ,그룹
듀에토,그룹
쉬즈,그룹
베리굿 ,그룹
우석 X 관린,그룹
씨스타19,그룹
기억 조작단,그룹
R&J,그룹
몽실이 시스터즈,그룹
빅스타,그룹
HONNE,그룹
Ab 에비뉴,그룹
버즈,그룹
블랙리스트,그룹
좋은 하루,그룹
써니힐,그룹
월러스,그룹
Paramore,그룹
경서예지,그룹
A Great Big World,그룹
The Killers,그룹
레인보우 블랙,그룹
Yolanda Be Cool,그룹
AOA,그룹
미스터T,그룹
펜타곤,그룹
9와 숫자들,그룹
더 맨 블랙 ,그룹
Macklemore & Ryan Lewis,그룹
PRISTIN ,그룹
하모닉스,그룹
이달의 소녀 yyxy,그룹
가을로 가는 기차,그룹
Train,그룹
소심한 오빠들,그룹
소울트레인,그룹
5 Seconds of Summer,그룹
15& ,그룹
타이푼,그룹
더 씨야,그룹
Evanescence,그룹
Lukas Graham,그룹
온앤오프 ,그룹
부가킹즈,그룹
원 모어 찬스 ,그룹
보이프렌드,그룹
2F ,그룹
Morfonica,그룹
시크릿,그룹
파리돼지앵 ,그룹
소란 ,그룹
Maroon 5,그룹
남자의자격,그룹
LANY,그룹
IZ*ONE ,그룹
언프리티 랩스타 3,그룹
The Lonely Island,그룹
CRAVITY,그룹
The Wanted,그룹
M4,그룹
세븐틴,그룹
초콜릿 노트,그룹
UV,그룹
Chemistry,그룹
The Jets,그룹
GD & T.O.P,그룹
My Chemical Romance,그룹
Scandal,그룹
쏜애플 ,그룹
