, 
문연주,솔로
Chris Brown,솔로
박영진,솔로
한성호,솔로
Charlie Puth,솔로
넥스트,그룹
Lucian,솔로
송하예,솔로
그루비룸 (GroovyRoom),그룹
장윤정,솔로
문희성,솔로
양지은,솔로
김소유,솔로
, 
鬼頭明里 / Akari Kito (키토 아카리),솔로
SEKAI NO OWARI,그룹
세정스님,솔로
, 
TWICE (트와이스),그룹
, 
김중연,솔로
Gloria Estefan,솔로
나윤권,솔로
백아연,솔로
더 맨 블랙 (THE MAN BLK),그룹
폴킴,솔로
, 
김윤아,솔로
권용욱,솔로
초연,솔로
, 
MC몽,솔로
, 
청하,솔로
배치기,그룹
김양,솔로
용감한 홍차,그룹
런치 (LUNCH),솔로
그네,솔로
, 
양준일,솔로
지원이,솔로
어쿠스틱 콜라보,그룹
영재 (GOT7),솔로
Simon & Garfunkel,그룹
GRAY (그레이),솔로
네이브로,그룹
Blue Encount,그룹
박지민,솔로
Kanye West,솔로
한수성,솔로
, 
김동찬,솔로
A.C.E (에이스),그룹
한올,솔로
플라스틱,그룹
Jarryd James,솔로
장재인,솔로
트웰브 (twlv),솔로
여름동요,솔로
미교,솔로
쿠기 (Coogie),솔로
원어스 (ONEUS),그룹
옥상달빛,그룹
양희은,솔로
대현,솔로
하상욱,솔로
, 
CLC,그룹
송가인,솔로
영기,솔로
Shin Sakiura,솔로
, 
ReoNa,솔로
, 
Stray Kids (스트레이 키즈),그룹
갓츄 (GOT U),그룹
Jawsh 685,솔로
가호 (Gaho),솔로
, 
, 
가을로 가는 기차,그룹
김동한,솔로
비니 (오마이걸),솔로
BLACKPINK,그룹
처진 달팽이 (유재석 & 이적),그룹
이용신,솔로
페노메코 (PENOMECO),솔로
BewhY (비와이),솔로
박서진,솔로
노창규,솔로
정국,솔로
김하원,솔로
모노그램,그룹
King Gnu,그룹
승국이,솔로
영민 (보이프렌드),솔로
남규리,솔로
앤씨아,솔로
, 
이혜숙,솔로
Jin (Shizen No Teki P),솔로
NF,솔로
이가야,솔로
KK,솔로
요요미,솔로
남혁,솔로
HYPNOSISMIC -D.R.B- (Division All Stars),솔로
Khalid,솔로
김희진,솔로
Harry Styles,솔로
Jeremy Zucker,솔로
동원,솔로
첸 (CHEN),솔로
최지나,솔로
, 
류은희,솔로
10CM,솔로
김창완밴드,그룹
백지웅,솔로
사랑과 평화,그룹
Ellie Goulding,솔로
유산슬,솔로
Andrea Bocelli,솔로
김윤혜,솔로
카더가든,솔로
The Weeknd,솔로
嵐 (ARASHI),그룹
Marshmello,솔로
X1 (엑스원),그룹
윤현상,솔로
김동연,솔로
RAISE A SUILEN,솔로
LUCY,그룹
사월과 오월,그룹
라이관린,솔로
강문경,솔로
"이로한 (Feat. ELO, Jessi) (Prod. Padi)", 
Tones And I,솔로
이윤경,솔로
투모로우바이투게더,그룹
, 
우림,솔로
RADWIMPS (래드윔프스),그룹
나팔박,솔로
Janet Suhh (자넷서),솔로
이미배,솔로
, 
김은영,솔로
Kana-Boon,그룹
XXXTENTACION,솔로
황선복,솔로
방탄소년단,그룹
DAY6 (데이식스),그룹
신승태,솔로
김경민,솔로
간과 쓸개,그룹
더 베인,솔로
임창정,솔로
Keyakizaka46,그룹
Kelly Clarkson,솔로
San E,솔로
문희옥,솔로
위키미키 (Weki Meki),그룹
세븐틴,그룹
안녕의 온도,그룹
하이런,솔로
ちゃんみな (CHANMINA),솔로
Perfume,그룹
, 
, 
양승호,솔로
하이라이트 (Highlight),그룹
, 
SOYOUNG,솔로
Six Coup MC,그룹
루나 (LUNA),솔로
차오름,솔로
, 
크루셜스타 (Crucial Star),솔로
미스터 붐 박스,솔로
Always You, 
유성호,솔로
, 
, 
이수현,솔로
퀸와사비(Queen WA$ABII),솔로
박수진,솔로
멜로망스,그룹
엔플라잉 (N.Flying),그룹
태진아,솔로
Non Octo,솔로
, 
임한별,솔로
DPR LIVE,솔로
Cardi B,솔로
하은요셉,그룹
저스디스 (JUSTHIS),솔로
ATEEZ (에이티즈),그룹
찌지리,솔로
더보이즈 (THE BOYZ),그룹
비비 (BIBI),솔로
오승근,솔로
Hash Swan,솔로
에이치코드 (H:CODE),솔로
허각,솔로
스무살,솔로
송이한,솔로
이대원,솔로
황치열,솔로
THERAY,솔로
장범준,솔로
에디킴,솔로
류수정 (러블리즈),솔로
김준영,솔로
Tiffany Young,솔로
, 
Jose Feliciano,솔로
박원,솔로
회기동사람들,그룹
왕비,솔로
전미경,솔로
, 
설하윤,솔로
달의하루,그룹
Woodie Gochild,솔로
김국헌 (비오브유),솔로
, 
문옥,솔로
안성훈,솔로
최진호 (BlueWhale),솔로
Colde (콜드),솔로
나에게 넌, 
DJ Khaled,솔로
홍잠언,솔로
, 
Poppin'Party,그룹
Moony,솔로
, 
박구윤,솔로
한세희,솔로
사륜구동,그룹
진보,솔로
VICTON (빅톤),그룹
EVERGLOW (에버글로우),그룹
박제일,솔로
김덕희,솔로
지원사격,그룹
, 
김남주(에이핑크),솔로
, 
뉴챔프,솔로
SuperM,그룹
민호 (MINHO),솔로
이나우,솔로
이해리 (다비치),솔로
Dean Lewis,솔로
Dean Lewis,솔로
먼데이 키즈 (Monday Kiz),솔로
, 
함중아와 양키스,그룹
김효수,솔로
유진,솔로
투앤비 (2NB),솔로
조영구,솔로
이브,그룹
하진 (HAJIN),솔로
IZ*ONE (아이즈원),그룹
도현우,솔로
적재,솔로
하은,솔로
데이먼스 이어 (Damons year),솔로
데이브레이크 (DAYBREAK),그룹
Terashima Junta,솔로
오담률 (김농밀),솔로
, 
Mrs. Green Apple,그룹
손동운,솔로
정다경,솔로
라니아,그룹
코스믹 걸 (Cosmic Girl),솔로
구윤회,솔로
브로맨스 (VROMANCE),그룹
장민호,솔로
, 
Angela,솔로
god,그룹
, 
, 
Charli XCX,솔로
, 
, 
한동근,솔로
차수빈,솔로
나훈아,솔로
윤비 (YunB),솔로
Sayaka Kanda,솔로
조정석,솔로
, 
차영민,솔로
강예슬,솔로
Lukas Graham,그룹
비비 (BIBI),솔로
5 Seconds of Summer,그룹
장보리,솔로
세븐틴,그룹
뽕자매,그룹
네이비쿼카 (NavyQuokka),솔로
반하나,솔로
박효신,솔로
애프터문,그룹
강태관,솔로
유신종,솔로
형돈이와 대준이,그룹
베이식 (Basick),솔로
Lim Kim,솔로
Gracie Abrams,솔로
iKON,그룹
地縛少年バンド / Jibaku Shonen Band (지바쿠 소년 밴드),솔로
조유리 (아이즈원),솔로
박강성,솔로
민해경,솔로
하현상,솔로
D.Ark (디아크),솔로
이혜영,솔로
One Plus One,그룹
미기,솔로
원금순,솔로
, 
, 
전상근,솔로
, 
남승민,솔로
김민규 (Young Kay),솔로
, 
SUMIN (수민),솔로
, 
Raiden,솔로
국카스텐,그룹
amazarashi,그룹
DIA (다이아),그룹
정성희,솔로
보아 (BoA),솔로
Billy Preston,솔로
이채윤,솔로
Sondia,솔로
SF9,그룹
함소원,솔로
카이 (KAI),솔로
마인드유,그룹
밤에,그룹
박소연,솔로
휘성 (Realslow),솔로
Linked Horizon,솔로
Red Velvet (레드벨벳),그룹
규현 (KYUHYUN),솔로
캡사이신,솔로
, 
EXO-CBX (첸백시),그룹
임현식 (비투비),솔로
RM,솔로
박진영,솔로
, 
마마무 (Mamamoo),그룹
로이킴,솔로
The Chainsmokers,그룹
PATEKO (파테코),솔로
TWICE (트와이스),그룹
Andrew Lloyd Webber,솔로
, 
호피폴라,그룹
Akeboshi (明星),솔로
현우빈,솔로
태희,솔로
별이 빛나는 밤,솔로
, 
김하온 (HAON),솔로
백지영,솔로
T.P RETRO (타디스 프로젝트舊),솔로
Joni Mitchell,솔로
지코 (ZICO),솔로
한승기,솔로
양다일,솔로
Ella Mai,솔로
The Quiett,솔로
After the Rain,솔로
펭수,솔로
이바다,솔로
Morfonica,그룹
Drake,솔로
WOOGIE,솔로
Yonezu Kenshi,솔로
싹쓰리,그룹
진민호,솔로
, 
프로미스나인,그룹
, 
IZ*ONE (아이즈원),그룹
로꼬,솔로
브라운 아이드 소울,그룹
최락,솔로
Post Malone,솔로
, 
몬스타엑스,그룹
Liam Payne,솔로
두리 (DooRi),솔로
하성희,솔로
김동률,솔로
코다 브릿지,그룹
에피톤 프로젝트,솔로
유승우,솔로
, 
숀 (SHAUN),솔로
케이윌,솔로
심수봉,솔로
, 
멜로디데이 (MelodyDay),그룹
양준일,솔로
신지,솔로
조대호,솔로
ENHYPEN,그룹
한혜진,솔로
이용백,솔로
임재범,솔로
김산하,솔로
이은상,솔로
V.O.S,그룹
이성종 (인피니트),솔로
, 
러니 (RUNY),솔로
박주희,솔로
후샤,솔로
Miura Daichi,솔로
, 
펀치 (Punch),솔로
, 
백퍼센트,그룹
해바라기,그룹
여은,솔로
칸토,솔로
유라 (youra),솔로
디에이드 (The Ade),그룹
황인성,솔로
NCT 127,그룹
Do As Infinity,그룹
훈스 (HOONS),그룹
유노윤호 (U-KNOW),솔로
빌리어코스티,솔로
, 
Bebe Rexha,솔로
혁오 (HYUKOH),그룹
황인욱,솔로
, 
크나큰,그룹
보라미유,솔로
행숙이,솔로
레오(LEO),솔로
Oscar Dunbar,솔로
Koojahan Volume 1, 
, 
윤희정,솔로
잔나비,그룹
홍주영,솔로
금수광산,그룹
, 
모모랜드 (MOMOLAND),그룹
신유,솔로
강진,솔로
Toyama Nao,솔로
, 
베리굿 (BerryGood),그룹
TREASURE (트레저),그룹
DaBaby,솔로
김요한,솔로
은하 (여자친구),솔로
임영웅,솔로
, 
권인하,솔로
설레임 에디션,그룹
장혜진,솔로
달지,솔로
김동준,솔로
서지안,솔로
여기,솔로
Surf Mesa,솔로
MINO (송민호),솔로
수영 (SOOYOUNG),솔로
창모 (CHANGMO),솔로
Etham,솔로
Whitney Houston,솔로
이수현,솔로
새소년,그룹
아리송,솔로
Wanna One (워너원),그룹
천단비,솔로
Halsey,솔로
윤하 (YOUNHA),솔로
김범수,솔로
, 
차가운 체리,그룹
정은지,솔로
이주혁,솔로
, 
김명환,솔로
, 
김세환,솔로
김재환,솔로
한승우,솔로
전미도,솔로
MJ (ASTRO),솔로
허클베리피 (Huckleberry P),솔로
Haruna Luna,솔로
더보이즈 (THE BOYZ),그룹
데.비 (데일리 비타민),그룹
빈첸,솔로
, 
이효리,솔로
Nat King Cole,솔로
의진,솔로
KENZIE,솔로
강현준,솔로
JAMIE (제이미),솔로
베이빌론 (Babylon),솔로
, 
선화,솔로
, 
Keith Ape,솔로
이수영,솔로
레이지본 (Lazybone),그룹
, 
조남지대 (조세호 & 남창희),그룹
밤에,그룹
, 
남화용,솔로
레디 (Reddy),솔로
Beyonce,솔로
수퍼비,솔로
챈슬러,솔로
, 
김영부,솔로
김정민,솔로
금종배,솔로
김희철,솔로
원케이 (one.k),솔로
피아노맨,솔로
곽진언,솔로
, 
이달의 소녀,그룹
지연,솔로
Jessie J,솔로
Michelle Shaprow,솔로
이상순,솔로
, 
Virginia To Vegas,솔로
sumika,그룹
박현빈,솔로
UNEDUCATED KID,솔로
김진복,솔로
Dr. Dre,솔로
안성훈,솔로
유일한,솔로
이해남,솔로
Abir,솔로
강소리,솔로
틴탑,그룹
Kiana Lede,솔로
옹성우,솔로
민혁 (몬스타엑스),솔로
크래커 (CRACKER),솔로
한해,솔로
NCT DREAM,그룹
민아,솔로
유자,솔로
AOA,그룹
MAX,솔로
#안녕,솔로
김연자,솔로
, 
백예린 (Yerin Baek),솔로
덕인,솔로
조승아,솔로
김채희,솔로
, 
Barry Manilow,솔로
키겐,솔로
노래를 찾는 사람들,그룹
JBJ95,그룹
나미,솔로
시우민 (XIUMIN),솔로
, 
이츠,솔로
김경호,솔로
초아,솔로
OuiOui (위위),그룹
, 
마크툽 (MAKTUB),솔로
로켓펀치(Rocket Punch),그룹
김윤경,솔로
Deco*27,솔로
"H&D (한결, 도현)",그룹
봄여름가을겨울,그룹
SCENT,솔로
수지 (SUZY),솔로
신용재 (2F),솔로
Will Smith,솔로
국상현과유니크패밀리,그룹
라비 (RAVI),솔로
임재현,솔로
팔로알토 (Paloalto),솔로
김창완,솔로
8eight, 
트리거,솔로
소명,솔로
모네,그룹
패티김,솔로
손빈아,솔로
드림캐쳐,그룹
김민석 (멜로망스),솔로
윤수자,솔로
, 
배금성,솔로
Aimer,솔로
, 
김혜진,솔로
Rinne,솔로
홍빈 (HONGBIN),솔로
제시 (Jessi),솔로
HRVY,솔로
박문치,솔로
AB6IX (에이비식스),그룹
문빈 (ASTRO),솔로
원호 (WONHO),솔로
홍대광,솔로
이현배,솔로
유키카,솔로
David Archuleta,솔로
VICTON (빅톤),그룹
김현철,솔로
김재중,솔로
C JAMM,솔로
허니크루,그룹
유성은,솔로
이민철,솔로
허영생,솔로
SUPER JUNIOR (슈퍼주니어),그룹
공원소녀 (Girls in the Park),그룹
적우,솔로
솔지,솔로
BTO Bag, 
CHEEZE (치즈),솔로
윤건,솔로
Conan Gray,솔로
, 
닐로(Nilo),솔로
숙행,솔로
뮤지,솔로
정효빈,솔로
니브 (NIve),솔로
VIINI (권현빈),솔로
유두래곤,솔로
ZAYN,솔로
, 
, 
Calvin Harris,솔로
Harry Prince, 
헤이즈 (Heize),솔로
이협,솔로
범키,솔로
세훈&찬열,그룹
노라조,그룹
이우,솔로
윤민수(바이브),솔로
킬라그램 (KILLAGRAMZ),솔로
Wax,그룹
진성,솔로
UMI,솔로
이애란,솔로
Apink (에이핑크),그룹
, 
최민경,솔로
요다영,솔로
태라,솔로
Hudson Thames,솔로
소란 (SORAN),그룹
지명도,솔로
Ariana Grande,솔로
최백호,솔로
김우석,솔로
, 
, 
, 
스탠딩 에그,그룹
오종경,솔로
정인,솔로
문문 (MoonMoon),솔로
Ava Max,솔로
신혜성,솔로
박우진 (AB6IX),솔로
1415,그룹
신지훈,솔로
Nakanoke no Itsutsugo,그룹
승민이와 국민손자들,그룹
Omarion,솔로
BOBBY,솔로
오왼 (Owen),솔로
태사비애,그룹
Lil Nas X,솔로
NCT DREAM,그룹
솔라 (마마무),솔로
, 
Blasterjaxx,그룹
, 
Kid Milli,솔로
조성완,솔로
권진아,솔로
, 
Sam Smith,솔로
EXO,그룹
유주 (여자친구),솔로
, 
안지연,솔로
호치키스 (김호진),솔로
기프트 (GIFT),그룹
Rita Ora,솔로
Katy Perry,솔로
유연정 (우주소녀),솔로
오하영,솔로
웅산,솔로
, 
ビッケブランカ (Vickeblanka),솔로
조아람,솔로
Bazzi,솔로
최선원,솔로
, 
Gen Hoshino (호시노 겐/星野 源),솔로
이석훈,솔로
백호 (뉴이스트),솔로
Rad Museum,솔로
, 
, 
진영,솔로
j-hope,솔로
이진옥,솔로
에릭남 (Eric Nam),솔로
업텐션 (UP10TION),그룹
블랙넛 (Black Nut),솔로
T.P RETRO (타디스 프로젝트舊),솔로
, 
이소라,솔로
퍼플레인,그룹
OnlyOneOf (온리원오브),그룹
, 
강승모,솔로
수퍼비,솔로
신성,솔로
Zara Larsson,솔로
레이디스 코드,그룹
, 
우효,솔로
유지나,솔로
Troye Sivan,솔로
김승민,솔로
, 
클래스메이트,그룹
김진우,솔로
동방신기 (TVXQ!),그룹
PL (피엘),솔로
CIX (씨아이엑스),그룹
남진,솔로
TWICE (트와이스),그룹
FANXY CHILD,그룹
벤,솔로
부활,그룹
전민하,솔로
, 
최종원,솔로
솔튼페이퍼,솔로
금잔디,솔로
ASH ISLAND,솔로
어반자카파,그룹
제니 (JENNIE),솔로
양지원,솔로
위정희,솔로
성시경,솔로
, 
펜타곤,그룹
박광식,솔로
, 
김수찬,솔로
Lil Mosey,솔로
, 
진원,솔로
오반 (OVAN),솔로
승희 (오마이걸),솔로
김유나,솔로
효린,솔로
지아,솔로
치타 (CHEETAH),솔로
염홍,솔로
김도환,솔로
Martin Garrix,솔로
, 
Jason Mraz,솔로
SAAY,솔로
노틸러스,솔로
, 
JINU (김진우),솔로
금오성,솔로
식케이 (Sik-K),솔로
최낙타,솔로
버즈,그룹
헨리 (HENRY),솔로
강승식,솔로
조광일,솔로
, 
Crush,솔로
임슬옹,솔로
조윤선,솔로
金志文,솔로
스웨덴세탁소,그룹
fripSide,그룹
마야,솔로
, 
내 맘을 볼 수 있나요, 
Pink Sweat$,솔로
홍진영,솔로
, 
러블리즈,그룹
자이로 (zai.ro),솔로
WOODZ (조승연),솔로
안치환,솔로
길구봉구,그룹
휘인 (Whee In),솔로
Koresawa,솔로
Woodie Gochild,솔로
, 
나건필,솔로
김광율,솔로
이진우 ($IGA A),솔로
앤디,솔로
윤종신,솔로
라디 (Ra. D),솔로
40,솔로
Surfaces,그룹
, 
울랄라세션,그룹
정태춘,솔로
OLNL (오르내림),솔로
공소원,솔로
Hash Swan,솔로
, 
Doja Cat,솔로
JBJ95,그룹
이효재 (lalala studio),솔로
Pink Sweat$,솔로
, 
benny blanco,솔로
소유찬,솔로
Ellegarden,그룹
여인정,솔로
예성 (YESUNG),솔로
술탄 오브 더 디스코,그룹
, 
방예담,솔로
승관 (SEVENTEEN),솔로
Sayuri,솔로
엘키 (CLC),솔로
DEAN,솔로
, 
강력강,솔로
전인권밴드,그룹
효정 (오마이걸),솔로
Sueyoshi Shuta,솔로
한라산 (Hi-Lite Sign) (Prod. by Yosi), 
Lady Gaga,솔로
반광옥,솔로
황일우,솔로
하선호 (Sandy),솔로
Joji,솔로
HYPNOSISMIC -D.R.B- (Bad Ass Temple),솔로
, 
Shawn Mendes,솔로
, 
오왠 (O.WHEN),솔로
송민재,솔로
김다나,솔로
코요태,그룹
김효진 (투앤비),솔로
앵콜 킴,솔로
EK,솔로
버블디아 (bubbledia),솔로
, 
시연 (드림캐쳐),솔로
김상희,솔로
신지훈,솔로
양하영,솔로
쏜애플 (THORNAPPLE),그룹
Mae Muller,솔로
, 
한지상,솔로
강태환,솔로
나플라 (nafla),솔로
요셉 (YOSEPH THE ARTIST),솔로
Honeyworks,그룹
조이 (JOY),솔로
설운도,솔로
109,솔로
가비엔제이,그룹
유해준,솔로
블루 (BLOO),솔로
Imai Asami,솔로
진솔 (이달의 소녀),솔로
진동민,솔로
, 
홍자,솔로
KozyPop,솔로
Kid Wine,솔로
강허달림,솔로
THAMA,솔로
Sora Amamiya,솔로
천명훈,솔로
"비글즈 (철구, 창현, 남순, 노래하는 코트, 킴성태)",그룹
, 
제이세라,솔로
김나영,솔로
My Game Is Hot (Swac Edition), 
엄지 (여자친구),솔로
온앤오프 (ONF),그룹
노을,그룹
, 
조수미,솔로
알리 (ALi),솔로
강다니엘,솔로
BURNOUT SYNDROMES,그룹
철희,솔로
수안 (Swan),솔로
이승철,솔로
, 
홍주찬,솔로
Ed Sheeran,솔로
Irene Cara,솔로
윤지영,솔로
Ice Paper,솔로
빈지노 (Beenzino),솔로
박지원,솔로
박지훈,솔로
, 
박인범,솔로
홍이삭,솔로
공기남녀,그룹
존박,솔로
이기광,솔로
전우성 (노을),솔로
정준일,솔로
Anne-Marie,솔로
, 
핫펠트 (HA:TFELT),솔로
, 
30년대 유행가 빅터 가수선집, 
새봄 (saevom),솔로
구원찬,솔로
WINNER,그룹
윤미래,솔로
정기고,솔로
P.O (피오),솔로
펀치넬로 (punchnello),솔로
이환호,솔로
래원 (Layone),솔로
포스트맨 (Postmen),그룹
케이시 (Kassy),솔로
장덕철,그룹
Trevor Daniel,솔로
크레파스,그룹
The Outfield,그룹
정일훈,솔로
milet,솔로
삼총사,그룹
양홍원,솔로
Venus Fly Trapp,솔로
태민 (TAEMIN),솔로
손승연,솔로
윤아,솔로
지진석,솔로
김종완 of NELL,솔로
S Club 7,그룹
엘리스 (ELRIS),그룹
홍경민,솔로
장민호랑나비,그룹
임영민,솔로
권웅주,솔로
, 
소향,솔로
일레인,솔로
, 
Meghan Trainor,솔로
이나은 (에이프릴),솔로
SAINt JHN, 
김보경 (NEON),솔로
조정민,솔로
, 
바이브,그룹
, 
이준호,솔로
김목경,솔로
전영록,솔로
아이유,솔로
상민,솔로
ITZY (있지),그룹
, 
주현미,솔로
이선희,솔로
사랑노래 (Feat. 원필(DAY6)), 
김필,솔로
낯선아이,솔로
pH-1,솔로
39みゅーじっく! feat.初音ミク / 39 Music! feat.Miku Hatsune, 
, 
안녕하신가영,솔로
한요한,솔로
양순임,솔로
박상민,솔로
Jonas Brothers,그룹
최욱,솔로
린다G,솔로
코드 쿤스트 (CODE KUNST),솔로
소수빈,솔로
황영준 시몬 신부,솔로
NFB,그룹
, 
, 
RIVER,솔로
Alan Walker,솔로
계은숙,솔로
박성현,솔로
기리보이,솔로
, 
, 
김은희,솔로
노태현,솔로
소래화 (素來花), 
Celine Dion,솔로
NO:EL,솔로
Gallant,솔로
현정화,솔로
Maren Morris,솔로
송유나,솔로
Avril Lavigne,솔로
꽃감,솔로
빈센트블루,솔로
Travis Scott,솔로
, 
이미선,솔로
예지,솔로
거미,솔로
니은 (Nieun),솔로
서주옥,솔로
Taylor Swift,솔로
이미자,솔로
우희,솔로
서태지,솔로
김충훈,솔로
Lauv,솔로
정승환,솔로
정동원,솔로
, 
채희준,솔로
, 
, 
HYPNOSISMIC -D.R.B- (Fling Posse),그룹
FTISLAND (FT아일랜드),그룹
하현우 (국카스텐),솔로
, 
은지원,솔로
서은광 (비투비),솔로
민현 (뉴이스트),솔로
이효순,솔로
모트 (Motte),솔로
안예은,솔로
NiziU (니쥬),그룹
양요섭,솔로
Dua Lipa,솔로
식케이 (Sik-K),솔로
공기남,솔로
사이로(415),그룹
칠전팔기,그룹
, 
메킷레인(MKIT RAIN),그룹
려운,솔로
2NE1,그룹
윤딴딴,솔로
박봄 (Park Bom),솔로
김현성,솔로
Jus2 (저스투),그룹
매드클라운,솔로
슬기 (SEULGI),솔로
리미트리스 (LIMITLESS),그룹
태용 (TAEYONG),솔로
허성정,솔로
안성진,솔로
장성규,솔로
URU,솔로
에릭남 (Eric Nam),솔로
신예영,솔로
아이디 (Eyedi),솔로
孟凡明,솔로
다비치,그룹
핑클 (Fin.K.L),그룹
V,솔로
릴러말즈 (Leellamarz),솔로
박보선,솔로
육성재 (비투비),솔로
Imagine Dragons,그룹
Jonas Blue,솔로
강현순,솔로
K/DA,그룹
용준형,솔로
Afterglow,그룹
동해 (DONGHAE),솔로
에이프릴 세컨드,그룹
자우림,그룹
Zhou Shen,솔로
I'll (아일),솔로
Tom Jones,솔로
탁이준이,그룹
탁이준이,그룹
탁이준이,그룹
스윙스,솔로
케빈오,솔로
개코,솔로
, 
루피 (Loopy),솔로
, 
, 
강민경 (다비치),솔로
뉴이스트 W,그룹
이예준,솔로
이부영,솔로
류지광,솔로
박보검,솔로
백장미,솔로
, 
김태균 (TAKEONE),솔로
강민수,솔로
셀럽파이브,그룹
브라운아이드걸스,그룹
그_냥,솔로
음악그룹 시로,그룹
Roselia,그룹
Jax Jones,솔로
버블 시스터즈,그룹
, 
이지해,솔로
에픽하이 (EPIK HIGH),그룹
류원정,솔로
, 
Luis Fonsi,솔로
, 
사람과 나무,그룹
제이레빗(J Rabbit),그룹
, 
조곤,솔로
홍기철,솔로
Various Artists 2010,솔로
DK,솔로
, 
카드 (KARD),그룹
김성규,솔로
박정현,솔로
오존 (O3ohn),솔로
VIXX (빅스),그룹
성유리,솔로
윤두준,솔로
nov (노브),솔로
정미애,솔로
신종훈,솔로
에일리(AILEE),솔로
SOLE (쏠),솔로
윙크,그룹
Kenny Rogers,솔로
둘 다섯,그룹
VERIVERY,그룹
UVERworld,그룹
Keira Knightley,솔로
다이나믹 듀오,그룹
나플라 (nafla),솔로
, 
양수경,솔로
김준식,솔로
염따,솔로
정키,솔로
프니엘 (PENIEL),솔로
현만,솔로
Sound Horizon,솔로
Нет чувств, 
나인뮤지스,그룹
이로이,솔로
둘째이모 김다비,솔로
머쉬베놈 (MUSHVENOM),솔로
AAA (Triple A),그룹
한봄,솔로
halca,솔로
이찬원,솔로
, 
ASTRO (아스트로),그룹
夜明けと蛍 / Yoake to Hotaru, 
, 
The Rose(더 로즈),그룹
효민,솔로
체리블렛 (Cherry Bullet),그룹
하림,솔로
박혁진,솔로
순이네 음악창고,솔로
혁오 (HYUKOH),그룹
XYZ,솔로
Nulbarich,그룹
장우혁,솔로
핫해하태 하태수,그룹
장윤정,솔로
European Jazz Trio,그룹
유성은,솔로
선우정아,솔로
sajou no hana,그룹
나태주,솔로
Stray Kids (스트레이 키즈),그룹
김나희,솔로
One Life Crew,그룹
Megan Thee Stallion,솔로
김연지,솔로
우주소녀,그룹
닥터코어 911,그룹
영탁,솔로
"호우 (손호영, 김태우)",그룹
Queen,그룹
피터펀(Peter Fun),솔로
Devine Channel,그룹
Alicia Keys,솔로
Kristen Bell,솔로
Lil Dicky,솔로
With Woollim,그룹
박재정,솔로
더히든,그룹
Mac Miller,솔로
이미키,솔로
, 
Suzuki Konomi,솔로
, 
바닐라 어쿠스틱,그룹
Jam Project,그룹
크라잉넛 (CRYING NUT),그룹
백현 (BAEKHYUN),솔로
뜨거웠던 우리의 겨울, 
하동균,솔로
, 
선미,솔로
, 
도티와 친구들,그룹
김영운,솔로
Eminem,솔로
볼빨간사춘기,솔로
ZAYN,솔로
플리지,솔로
박재범,솔로
Takatori Hideaki,솔로
골든차일드,그룹
JP Saxe,솔로
이원석,솔로
신승훈,솔로
, 
배진영,솔로
최소애,솔로
XIA (준수),솔로
원위 (ONEWE),그룹
Justin Bieber,솔로
Red Velvet (레드벨벳),그룹
남우현,솔로
박상철,솔로
, 
Mrs. Green Apple,그룹
阿悠悠,솔로
박보람 (Bo Ram Park),솔로
Cosmic Boy,솔로
김호중,솔로
, 
まふまふ / Mafumafu, 
, 
세상 모든 대디에게 경래,그룹
신우상,솔로
한인철,솔로
, 
이민혁 (HUTA),솔로
유익종,솔로
Back Number,그룹
015B,그룹
천숙경,솔로
로코베리,그룹
, 
하성운,솔로
진시몬,솔로
문성욱,솔로
, 
넬 (NELL),그룹
이경율,솔로
James Smith,솔로
, 
김명국,솔로
젝스키스,그룹
Neil Diamond,솔로
젬스톤,솔로
태연 (TAEYEON),솔로
임시호,솔로
지민,솔로
, 
드렁큰 타이거,솔로
와인루프 (Wine Loop),그룹
짙은,솔로
, 
황윤성,솔로
우석 X 관린,그룹
최지윤,솔로
리듬파워,그룹
Panic! At The Disco,솔로
Naomi Scott,솔로
전찬영,솔로
채수은,솔로
원필 (DAY6),솔로
좋아요, 
SURL (설),그룹
윤토벤,솔로
린,솔로
Zion.T,솔로
, 
, 
KCM,솔로
이광룡,솔로
뉴이스트,그룹
조아랑,솔로
, 
현당,솔로
우연이,솔로
我的城市没有家, 
케이시 (Kassy),솔로
소유 (SOYOU),솔로
민서,솔로
미스터T,그룹
이용복,솔로
, 
, 
Joanna Wang,솔로
안정희,솔로
millic (밀릭),솔로
Dan + Shay,그룹
Camila Cabello,솔로
Lenny code fiction,그룹
CRAVITY,그룹
픽보이 (Peakboy),솔로
딘딘,솔로
조성모,솔로
방용국,솔로
Way Ched (웨이체드),솔로
신정우,솔로
맴맴,그룹
그리즐리 (Grizzly),솔로
DPR CREAM,솔로
Skinny Brown,솔로
진민호,솔로
웬디 (WENDY),솔로
Future,솔로
황인욱,솔로
김동환,솔로
, 
Kristin Chenoweth,솔로
문별 (마마무),솔로
LiSA,솔로
도희선,솔로
버벌진트,솔로
Simon Dominic Presents 'SNL LEAGUE BEGINS', 
Hoody (후디),솔로
전원준,솔로
슈가볼,솔로
Suzuki Masayuki,솔로
608,그룹
LIP×LIP,그룹
이든 (EDEN),솔로
Young Thug,솔로
최강창민 (MAX CHANGMIN),솔로
베이지,솔로
인피니트,그룹
이승환,솔로
, 
ABOUT(어바웃),솔로
염아영,솔로
덕환,솔로
주영,솔로
, 
NCT U,그룹
Hazami,솔로
이보람,솔로
IZ*ONE (아이즈원),그룹
검정치마,솔로
양근영,솔로
정동하,솔로
Daft Punk,그룹
찬열 (CHANYEOL),솔로
미도와 파라솔,그룹
나래 (BADD),솔로
DJ DOC,그룹
추가열,솔로
현정아,솔로
샘김 (Sam Kim),솔로
윤사라,솔로
, 
, 
어쿠루브,그룹
ADOY,그룹
주호,솔로
, 
, 
MELOH,솔로
권영훈,솔로
강은애,솔로
TOSAKA HIROOMI,솔로
안동춘,솔로
프로미스나인,그룹
, 
박종철,솔로
손민채,솔로
비오브유 (B.O.Y),그룹
, 
김태욱,솔로
혜은이,솔로
노지훈,솔로
히키 (Hickey),솔로
이루마,솔로
용준형,솔로
ASCA,솔로
신명희,솔로
산들,솔로
이원희,솔로
비룡,솔로
화사 (Hwa Sa),솔로
Rachael Yamagata,솔로
Jack Harlow,솔로
우린...안되나봐, 
이진혁,솔로
E SENS,솔로
다운 (Dvwn),솔로
뱃사공,솔로
BENEE,솔로
, 
조항조,솔로
화이팅대디,그룹
Maroon 5,그룹
Dinostory - The Ultimate Dinosaur Rock Opera!, 
D.O.A.,그룹
, 
윤지성,솔로
BOYCOLD,솔로
이국진,솔로
홍창우,솔로
6 to 8,그룹
강준우,솔로
Lizzo,솔로
조연우,솔로
조명섭,솔로
Mariah Carey,솔로
로시 (Rothy),솔로
성용하,솔로
여자친구 (GFRIEND),그룹
김세림,솔로
베이비소울 (러블리즈),솔로
윤혜란,솔로
, 
그래쓰 (GRASS),솔로
이영지,솔로
dress,솔로
유진표,솔로
소유미,솔로
GOT7 (갓세븐),그룹
AB6IX (에이비식스),그룹
남인수,솔로
SURAN (수란),솔로
현숙,솔로
, 
헬로비너스,그룹
Billie Eilish,솔로
Stevie B.,솔로
최승부,솔로
배따라기,그룹
이하이,솔로
Emotional Oranges,그룹
SHAED,그룹
진해성,솔로
, 
, 
B1A4,그룹
김선빈,솔로
Jvcki Wai,솔로
, 
HYNN (박혜원),솔로
박미경,솔로
Kemui,솔로
Julio Iglesias,솔로
제아,솔로
차현령,솔로
ZENE THE ZILLA,솔로
송월,솔로
하동근,솔로
, 
HONNE,그룹
MADKID,솔로
MADKID,솔로
신인선 (미스터싱싱),솔로
죠지,솔로
감스트,솔로
Weeekly (위클리),그룹
강병건,솔로
Michael Buble,솔로
Paul Blanco,솔로
스텔라장 (Stella Jang),솔로
, 
박경,솔로
김길중,솔로
, 
CHiCO with HoneyWorks,그룹
Christopher,솔로
김희재,솔로
민성욱,솔로
연정훈,솔로
Aoi Shouta,솔로
준호준,솔로
, 
2soo,솔로
최연숙,솔로
BIG Naughty (서동현),솔로
전문기,솔로
이적,솔로
정세운,솔로
이장원,솔로
김진호 (SG워너비),솔로
, 
, 
전소미,솔로
Matsu Takako,솔로
민경훈,솔로
에이프릴 (APRIL),그룹
, 
수호 (SUHO),솔로
, 
EXID,그룹
손호영 1집 Yes, 
Dok2,솔로
우원재,솔로
이지혜,솔로
