그룹명,멤버
SDN48," 코난, 타카하시 유이, 타니사키 토모미, 츠다 마리나, 나츠코, 니노미야 유카, 후쿠다 아카네, 후지코소 유미, 호소다 미유우, 마츠시마 루미, 마에다 에이코, 정시연, 코마타니 히토미, 아키타 카즈에, 이마요시 메구미, 우메다 하루카, 우라노 카즈미, 오오코치 미사, 오호리 메구미, 카이다 쥬리, 카토 마미, 코치 마사미, 코하라 하루카, 콘도 사야카, 사토 유카리, 세리나, 첸 츄, 테츠카 마치코, 나츄, 니시쿠니하라 레이코, 노로 카요, 하타케야마 치사키, 미츠이 히로미, 아이카와 유키, 아키코, 이토 마나, 오오야마 아이미, 키모토 유키 "
달 좋은 밤," 임채용(드럼), 이환(베이스), 정평화(기타), 조서인(피아노), 김호연(보컬) "
로맨틱펀치 ," 배인혁(보컬), 콘치(기타), 레이지(기타), 트리키(드럼) "
DGNA ," 가람, 현민, 인준, Jay, 미카 "
롱디 , 한민세(프로듀싱) 
어반자카파," 조현아, 권순일, 박용인 "
안녕의 온도," 정상이(리더, 키보드, 베이스), 윤석철(키보드), 이소월(드럼), 이수진(기타) "
사월과 오월," 백순진, 김태풍 "
Aqua Timez," 후토시, 오케이피 스타, 다이스케, 마유코, 타시 "
NCT DREAM," 마크, 런쥔, 제노, 해찬, 재민, 천러, 지성 "
NCT 127," 태일, 쟈니, 태용, 유타, 도영, 재현, 윈윈, 마크, 해찬, 정우 "
YB," 윤도현(보컬), 박태희(베이스), 김진원(드럼), 허준(기타), 스캇 할로웰(기타) "
소나무 ," 민재, 디애나, 의진, 하이디, 뉴썬 "
가리온," MC 메타(랩), 나찰(랩) "
Abingdon Boys School," 니시카와 다카노리(보컬), SUNAO(기타), 시바사키 히로시(기타), 키시 토시유키(키보드, DJ) "
캔," 배기성(보컬), 이종원(보컬) "
Billionaire," 후니아, 버마 "
SMAP," 나카이 마사히로(中居正広), 기무라 타쿠야(木村拓哉), 이나가키 고로(稲垣吾郎), 쿠사나기 츠요시(草彅剛), 카토리 싱고(香取慎吾) "
Bad Meets Evil," 에미넴, 로이스 다 파이브 나인 "
구구단 오구오구," 미나, 혜연 "
처진 달팽이 ," 유재석, 이적 "
Da Pump," 잇사(ISSA, 리더), 다이치(DAICHI), 겐조(KENZO), 토모(TOMO), 키미(KIMI), 요리(YORI), 유예(U-YEAH) "
Monkey Majik," 메이너드 플랜트(Maynard Plant, 보컬, 기타), 블래이즈 플랜트(Blaise Plant, 보컬, 기타), 택스(tax, 드럼), 딕(DICK, 베이스) "
3호선 버터플라이," 남상아(보컬, 기타), 김남윤(베이스), 서현정(드럼) "
더보이즈 ," 주학년, 영훈, 주연, 현재, 상연, 선우, 큐, 케빈, 제이콥, 에릭, 뉴 "
라니아," 지유, 혜미, 지은, 따보 "
서교동의 밤," 서교동의밤 A, 서교동의밤 B, 서교동의밤 D, 서교동의밤 E "
Clean Bandit," Jack Patterson, Luke Patterson, Grace Chatto "
SuperM," 백현, 태민, 카이, 태용, 마크, 루카스, 텐 "
오지은과 늑대들," 오지은(보컬), 정중엽(기타), 박민수(건반), 박순철(베이스), 신동훈(드럼) "
더블에이," 우상(리더, 안무, 보컬), 호익(보컬) "
공기남녀," 공기남(보컬, 프로듀싱), 미네(보컬) "
모노그램," 케빈(서브보컬, 피아노), 리원(보컬) "
버스커 버스커," 장범준(보컬, 기타), 브래드(드럼), 김형태(베이스) "
CNBLUE ," 정용화(리더, 기타, 메인보컬, 랩), 강민혁(드럼), 이정신(베이스, 랩) "
CHAGE & ASKA," 차게, 미야자키 시게아키 "
체리 필터," 조유진(메인보컬), 정우진(리더, 기타), 손스타(드럼, 랩), 연윤근(베이스) "
루싸이트 토끼," 에롱(보컬), 영태(기타) "
Ellegarden," 호소미 타케시(細美武士, 보컬, 기타), 우부카타 신이치(生形眞一, 기타), 타카다 유이치(高田雄一, 베이스), 타카하시 히로타카(高橋宏貴, 드럼) "
이로이 , 가요 
Simon & Garfunkel," 폴 사이먼(Paul Simon, 보컬), 아트 가펑클(Art Garfunkel, 기타, 보컬) "
유키스," 수현, 훈, 준 "
언니들," 김지현, 니키타, 나미 "
X1 ," 한승우, 조승연, 김우석, 김요한, 이한결, 차준호, 손동표, 강민희, 이은상, 송형준, 남도현 "
미스터 파파," 김석원, 조삼희, 이명원, 백종윤 "
시나위," 신대철(리더, 기타), 김바다(보컬) "
Neon Trees," 타일러 글렌(Tyler Glenn, 리드보컬, 키보드), 크리스 앨런(Chris Allen, 기타), 브랜든 캠벨(Branden Campbell, 베이스), 일레인 브래들리(Elaine Bradley, 드럼, 보컬) "
세븐틴," 에스쿱스(리더), 정한, 조슈아, 준, 호시, 원우, 우지, 디에잇, 민규, 도겸, 승관, 버논, 디노 "
솔루션스 ," 박솔(보컬), 나루(기타), 권오경(베이스), 박한솔(드럼) "
ASTRO ,"  차은우, 문빈, MJ, 진진, 라키, 윤산하"
SEKAI NO OWARI," 후카세(Fukase, 보컬, 기타), 나카진(Nakajin, 기타), 사오리(Saori, 피아노), 러브(Love, DJ) "
DREAMS COME TRUE," 요시다 미와(보컬), 나카무라 마사토(베이스) "
V6," 사카모토 마사유키(坂本昌行), 나가노 히로시(長野博), 이노하라 요시히코(井ノ原快彦), 모리타 고(森田剛), 미야케 켄(三宅健), 오카다 준이치(岡田准一) "
플라워," 고유진(보컬), 김우디(베이스), 고성진(기타) "
Cherryblossom," 미코(보컬), 마이코(보컬), 83(베이스), 유이치(드럼) "
혁오 ," 오혁(리더, 보컬, 기타), 임동건(베이스), 임현제(기타), 이인우(드럼) "
애프터스쿨 BLUE," 주연, 레이나, 리지, 이영 "
Coldplay," 크리스 마틴(Chris Martin, 보컬, 피아노), 존 버클랜드(Jonny Buckland, 기타), 윌 챔피언(Will Champion, 드럼), 가이 베리맨(Guy Berryman, 베이스) "
안녕바다," 나무(보컬, 기타), 우명제(베이스), 우선제(기타) "
The 1975," 매튜 힐리(Matthew Healy, 보컬, 기타), 로스 맥도널드(Ross MacDonald, 베이스), 아담 한(Adam Hann, 리드기타), 조지 다니엘(George Daniel, 드럼) "
위키미키 ," 최유정, 김도연, 지수연, 엘리, 세이, 루아, 리나, 루시 "
플라이 투 더 스카이," 환희, 브라이언 "
V.O.S," 최현준, 김경록, 박지헌 "
HIGH4 ," 백명한(보컬), 알렉스(랩), 임영준(랩) "
긱스 ," 릴보이(Lil Boi), 루이(Louie) "
다소니," 솔지, 하니 "
하찌와 TJ," 하찌(기타, 우쿨렐레), TJ(보컬, 우쿨렐레) "
Arctic Monkeys," 알렉스 터너(보컬), 제이미 쿡(기타), 닉 오말리(베이스), 맷 헬더스(드럼) "
윙크," 강주희, 강승희 "
Migos," 퀘이보, Takeoff, Offset "
ENHYPEN," 정원, 희승, 제이, 제이크, 성훈, 선우, 니키 "
TWICE ," 나연, 정연, 모모, 사나, 지효, 미나, 다현, 채영, 쯔위 "
그라고보이," 권률, 금동아 "
Portugal. The Man," John Baldwin Gourley, Zachary Scott Carothers, Kyle O'Quin,  Jason Sechrist "
부활," 김태원(기타, 리더), 채제민(드럼), 박완규(보컬), 최우제(베이스) "
허니지 ," 배재현, 박지용, 권태현 "
Take That," 게리 발로우(Gary Barlow), 마크 오웬(Mark Owen), 하워드 도널드(Howard Donald) "
F-ve Dolls," 효영, 서은교, 나연, 승희, 연경, 혜원 "
술탄 오브 더 디스코," 나잠 수(보컬, 댄스), JJ핫산(댄스, 코러스), 김간지(드럼), 지(베이스), 홍기(기타) "
Badkiz," 은유, 서은, 로지, 세미 "
카드 ," 비엠, 제이셉, 전소민, 전지우 "
JJCC ," 에디, 준영, 프린스 맥, 심바(리더), 산청, 율, 지카 "
이브," 김세헌(보컬), G.고릴라(보컬, 프로듀싱), 김건(베이스), 박웅(기타) "
엘클래스," 서동훈(보컬), 이우람(보컬), 박영탁(보컬, 랩), 민금용(보컬, 랩) "
DIA ," 김정훈(바리톤), 김지현(테너), 김승태(베이스, 리더), 이진희(알토), 모성연(소프라노) "
LEGIT GOONS ," 뱃사공(랩), 블랭(랩), 제이호(랩), 재달(랩), 코드 쿤스트, 아이딜, 빅라이트, 어센틱, 요시, 권오준, 카키, 이동건, 차예준, 부루, 해파리 "
웬즈데이, 한국 
3OH!3," 션 매튜 포맨, 나다니엘 워렌 세스 모테 "
DNCE," 조 조나스(보컬), 잭 로우리스(Jack Lawless, 드럼, 퍼커션), 이진주(Jin Joo Lee, 기타), 콜 휘틀(Cole Whittle, 베이스, 키보드) "
씨리얼," 케미, 레디, 에피, 앤제이 "
STAYC," 수민, 시은, 아이사, 세은, 윤, 재이 "
디셈버," DK(보컬), 윤혁(보컬) "
오렌지 캬라멜," 나나, 레이나, 리지 "
슈퍼키드," 허첵(보컬), 징고(보컬), 헤비포터(베이스) "
투개월," 김예림, 도대윤 "
딕펑스 ," 김태현(보컬), 김현우(피아노), 김재흥(베이스), 박가람(드럼) "
비에이 ," 홍규(리더, 보컬), 영균(보컬), MILLY(랩), 아토(보컬), BomB(랩) "
sajou no hana, 다쓰야 기타니 
레드애플," 영준(리더, 기타), 규민(보컬), 효석(드럼) "
Crispi Crunch ," 치지(Cheezy), 씨에스피(CSP) "
IZ*ONE ," 권은비, 미야와키 사쿠라, 강혜원, 최예나, 이채연, 김채원, 김민주, 야부키 나코, 혼다 히토미, 조유리, 안유진, 장원영 "
글램," 미소, 박지연, 다희, 진희 "
1415," 주성근(보컬), 오지현(기타) "
Little Glee Monster," 세리나(芹奈), 아사히(アサヒ), 마유(MAYU), 카렌(かれん), 마나카(manaka) "
비투비 포유," 서은광, 이민혁, 이창섭, 프니엘 "
Air Supply," 러셀 히치콕(보컬), 그라함 러셀(기타, 보컬) "
Porno Graffitti," 오카노 아키히토(보컬), 신도 하루이치(기타) "
버블 시스터즈," 서승희(보컬), 강현정(보컬), 랑쑈(보컬), 지영(보컬) "
어쿠스틱 콜라보," 김승재, 모수진 "
Wands," 와쿠 지로(보컬), 스기모토 잇세이(기타), 기무라 신야(키보드) "
Ketsumeishi," 다나카 료(랩), 료지(보컬), 다이조(랩), DJ KOHNO(DJ) "
Loudness," 다카사키 아키라(기타), 니이하라 미노루(보컬), 야마시타 마사요시(베이스), 히구치 무네타카(드럼) "
H&D ," 이한결, 남도현 "
이날치," 장영규(베이스), 이철희(드럼), 안이호(보컬), 권송희(보컬), 이나래(보컬), 신유진(보컬) "
ATEEZ ," 홍중, 성화, 윤호, 여상, 산, 민기, 우영, 종호 "
E-girls," 이시이 안나(石井杏奈), 야마구치 노노카(山口乃々華), 타케베 유즈나(武部柚那), 사야카(SAYAKA), 카에다(楓), 후지이 카렌(藤井夏恋), 유리노(YURINO), 스다 안나(須田アンナ), 와시오 레나(鷲尾伶菜), 반도 노조미(坂東希), 사토 하루미(佐藤晴美) "
베스티," 혜연(리더), 해령 "
LM.C," 마야(Maya, 보컬), 아이지(Aiji, 기타) "
주주 클럽," 주다인(보컬), 주승형(기타), 주승환(드럼, 베이스) "
TREASURE ," 홀리스카이, 홍지민, 김민울 "
멜로디데이 ," 차희, 유민, 예인, 여은 "
하라소라," 길하라, 유소라 "
Oneway," 피터, Young sky "
AOA CREAM," 유나, 혜정, 찬미 "
매드몬스터 ," 탄, 제이호 "
JBJ95," 켄타, 상균 "
드림캐쳐," 지유, 수아, 시연, 유현, 다미, 한동, 가현 "
팝시클," 가람, Jay, 미카 "
새벽공방," 희연(보컬, 기타), 여운(피아노) "
백두산," 박찬(드럼), 유현상(보컬, 리더), 김도균(기타), 김창식(베이스) "
소녀시대-태티서 ," 태연, 티파니, 서현 "
기프트 ," 이주혁(보컬), 정휘겸(드럼), 김형우(베이스) "
TOO ," 치훈, 동건, 찬, 지수, 민수, 재윤, 제이유, 경호, 제롬, 웅기 "
동방신기 ," 유노윤호, 최강창민 "
양화진밴드," 김도형(리더, 기타), 용인(세컨기타), 현우빈(보컬), 최재민(드럼), 장경준(베이스) "
It's my turn," 윤조(보컬), FERDY(기타), 원경(드럼) "
Bump Of Chicken," 후지와라 모토오(藤原基央, 보컬, 기타), 나오이 요시후미(直井由文, 베이스), 마스카와 히로아키(増川弘明, 기타), 마스 히데오(升秀夫, 드럼) "
Every Little Thing," 모치다 카오리(보컬), 이치로 이토(기타) "
크라잉넛 ," 박윤식(메인보컬, 기타), 이상면(기타), 한경록(베이스), 이상혁(드럼), 김인수(아코디언, 키보드) "
Anthem," 김진석, 나얼, 김건, 성민 "
Owl City, 솔로
Imagine Dragons," 댄 레이놀즈(Dan Reynolds, 보컬), 벤 맥키(Ben McKee, 베이스), 웨인 서몬(Wayne Sermon, 기타), 다니엘 플라츠맨(Daniel Platzman, 드럼) "
Weeekly ," 이수진, 먼데이, 지한, 신지윤, 박소은, 조아, 이재희 "
Exile," 히로, 마츠, 우사, 마키다이, 아츠시, 아키라, 타카히로, 켄지, 케이지, 테츠야, 네스미스, 쇼키치, 나오토, 나오키, 이와타 타카노리, 시라하마 아란, 세키구치 멘디, 세카이, 사토 타이키 "
Hot Chelle Rae," 라이언 폴스(Ryan Follese, 보컬), 내쉬 오버스트릿(Nash Overstreet, 기타), 이안 케기(Ian Keaggy, 베이스), 제이미 폴스(Jamie Follese, 드럼) "
Daughtry," 크리스 도트리(Chris Daughtry, 보컬, 기타), 조쉬 스틸리(Josh Steely, 기타), 조쉬 폴(Josh Paul, 베이스), 브라이언 크래드독(Brian Craddock, 리듬기타), 로빈 디아즈(Robin Diaz, 드럼) "
Long Shot Party," 사사지(sasaji, 보컬), 슈이치(秀一, 기타), 사이타로(SAITARO, 베이스), 켄 이카와(KEN IIKAWA, 트럼펫), 케이제이(KJ, 색소폰), PxOxN(PxOxN, 드럼) "
스윙걸즈," 이안, 리원, 소리 "
에브리 싱글 데이," 김효영(드럼, 코러스), 문성남(보컬, 베이스), 정재우(기타, 프로그래밍) "
Black Eyed Peas," 윌.아이.엠(리더, 랩, 프로듀스), 애플딥(랩), 타부(랩), 퍼기(보컬) "
갱키즈," 황지현, 최수은, 이해인, 김가화, 소민, 조은별, 전재현 "
용감한 녀석들," 박성광, 신보라, 정태호, 양선일 "
Radiohead," 톰 요크(리더, 보컬, 키보드, 기타), 조니 그린우드(전자키보드, 리드 기타), 에드 오브리엔(리듬 기타, 백업 보컬), 콜린 그린우드(베이스), 필 셀웨이(드럼) "
IN2IT ," 지안, 연태, 인호, 현욱, 아이젝, 인표 "
장기하와 얼굴들," 장기하(보컬), 이민기(기타), 정중엽(베이스), 이종민(건반), 하세가와 요헤이(기타), 전일준(드럼) "
레이지본 ," 김석년(드럼), 안경순(베이스), 준다이(보컬), 노진우(기타, 보컬), 임준규(기타) "
sumika," 카타오카 켄타(片岡健太, 보컬, 기타), 쿠로다 쥰노스케(黒田隼之介, 기타), 오가와 타카유키(小川貴之, 키보드), 아라이 토모유키(荒井智之, 드럼) "
나무자전거," 강인봉(기타, 보컬), 김형섭(기타, 보컬) "
거북이," 지이(랩), 금비(보컬) "
브레이브걸스," 민영, 유정, 은지, 유나 "
아리밴드," 아리(리드보컬), 진아(기타), 지혜(베이스), 리쥬(드럼) "
JYJ," 재중, 유천, 준수 "
할리퀸," 김태환(베이스), 송재경(키보드), 김상엽(드럼), 권태욱(보컬), 표건수(기타) "
엔플라잉 ," 이승협(리더, 랩, 보컬, 기타, 피아노), 차훈(기타), 김재현(드럼), 유회승(보컬), 서동성(베이스) "
New Edition," 랄프 트레스반트(Ralph Tresvant), 릭키 벨(Ricky Bell), 마이클 비빈스(Michael Bivins), 로니 데보(Ronnie DeVoe), 바비 브라운(Bobby Brown), 조니 길(Johnny Gill) "
써드코스트," 권성민(프로듀스, 작곡), 한소현(보컬, 작곡, 작사), 최지호(랩, 작사) "
미스에스," 강민희, 제이스 "
Kalafina," 히카루, 와카나, 케이코 "
비아이지 ," 제이훈, 건민, 희도, 진석 "
브라운 아이드 소울," 나얼(보컬), 영준(보컬), 성훈(보컬), 정엽(보컬, 리더) "
보이스원," 장혜진, 먼데이 키즈, 시몬 "
W&Whale," 배영준, 한재원, 김상훈, 웨일 "
더히든," 지노, 성현 "
소울라이츠," 정은선(보컬), 정재훈(베이스), 김두현(드럼), 손창학(건반) "
가비엔제이," 제니, 건지, 서린 "
Vanilla Lucy," 혜라(첼로), 소라(색소폰), 은화(보컬), 지연(바이올린) "
새소년," 황소윤(보컬, 기타), 유수(드럼), 박현진(베이스) "
LPG," 지원, 송하, 지은 "
쥬얼리," 하주연(랩), 박세미, 김예원 "
문빈&산하," 문빈, 윤산하 "
45RPM," 이현배, 박재진 "
담소네공방," 박연(보컬), 김담소(피아노) "
노을," 강균성(보컬), 전우성(보컬), 이상곤(보컬), 나성호(보컬) "
로켓펀치," 다현, 쥬리, 윤경, 연희, 소희, 수윤 "
아이오아이 ," 전소미, 김세정, 최유정, 김청하, 김소혜, 주결경, 정채연, 김도연, 강미나, 임나영, 유연정 "
BNR," 마스터키, 허인창 "
R.ef," 박철우(랩퍼), 이성욱(보컬), 성대현(랩퍼) "
FT트리플," 이재진(보컬, 기타), 최민환(드럼) "
에이프릴 세컨드," 김경희(보컬), 문대광(기타), 문우건(베이스), 박맑음(드럼) "
노라조," 조빈, 원흠 "
PRETTYMUCH ," 오스틴 포터, 브랜든 아레아가, 에드윈 아너렛, 닉 마라, 자이언 쿠워누 "
Flumpool," 야마무라 류타(Yamamura Ryuta, 보컬), 사카이 카즈키(Sakai Kazuki, 기타), 아마카와 겡키(Amakawa Genki, 베이스), 오구라 세이지(Ogura seiji, 드럼) "
티아라 N4," 은정, 효민, 지연, 다니 "
노브레인," 정우용(베이스), 이성우(보컬), 정민준(기타), 황현성(드럼) "
타이니지," 도희(보컬), 제이민(리드보컬), 민트(랩, 안무) "
M시그널," 견우, 전근화 "
Icona Pop," Caroline Hjelt, Aino Jawo "
원위 ," 용훈(리더, 메인보컬), 강현(기타), 하린(드럼), 동명(보컬, 키보드), 키아(랩, 베이스) "
씨야," 김연지(메인보컬), 이보람(리더, 보컬), 남규리 "
일렉트로보이즈," 차쿤(보컬), 마부스(리더, 랩), 원카인(랩) "
써니사이드," MJ, Kidstep "
네미시스," 노승호(보컬), 하세빈(기타, 피아노), 정의석(드럼), 최성우(베이스) "
딜라잇," 연두, 은새, 태희, 수민, 재원 "
터치," 성용(보컬), 젭(보컬), 철민(보컬), 상욱(랩) "
UVERworld," 타쿠야(보컬), 카츠야(기타), 아키라(기타), 노부토(베이스), 신타로(드럼), 세이카(색소폰) "
"Earth, Wind & Fire"," 레지 영(Reggie Young), 게리 바이어스(Gary Bias), B. 데이비드 휘트워스(B. David Whitworth), 미론 맥킨리(Myron McKinley), 존 패리스(John Paris), 바비 번즈 주니어(Bobby Burns. Jr), G-Mo(Greg Moore), 킴 존슨(Kim Johnson), 모리스 오코넬(Morris O' Connor),  필립 베일리 주니어(Philip Bailey Jr.), 필립 베일리(Philip Bailey, 보컬), 모리스 화이트(Maurice White, 보컬, 드럼), 랄프 존슨(Ralph Johnson, 보컬, 드럼), 버딘 화이트(Verdine White, 베이스) "
M.Y.M.P," Chin Alcantara(기타), Hannche Bobis(키보드), Jeff lima(드럼), Chrisbery Haber(베이스), Juliet Bahala(보컬) "
디에이드 ," 안다은(보컬), 김규년(기타) "
장덕철," 장중혁(메인보컬), 덕인(리드보컬, 리더), 임철(보컬) "
자전거 탄 풍경," 송봉주, 김형섭, 강인봉 "
지누션," 지누(보컬, 랩), 션(랩, 안무) "
M.Street ," 광토(보컬), 설(보컬), 더블유(보컬) "
Presidents Of The United States Of America," 크리스 밸류(Chris Ballew, 보컬), 데이브 데더러(Dave Dederer, 베이스), 제이슨 핀(Jason Finn, 드럼), 앤드류 맥케스(Andrew McKeag, 베이스) "
히스토리," 송경일(리더, 랩, 서브보컬), 나도균(메인보컬), 김시형(랩), 김재호(랩, 서브보컬), 장이정(메인보컬) "
울랄라세션," 김명훈(보컬), 박승일(베이스보컬), 최도원(보컬) "
Van Halen," 데이빗 리 로스(David Lee Roth, 보컬), 에디 반 헤일런(Eddie Van Halen, 기타), 볼프강 반 헤일런(Wolfgang Van Halen, 베이스), 알렉스 반 헤일런(Alex Van Halen, 드럼) "
Apink ," 박초롱, 윤보미, 정은지, 손나은, 김남주, 오하영 "
노래를 찾는 사람들," 한동헌, 김창남, 조경옥, 권진원, 신지아, 송숙환, 최문정, 조성태, 문진오, 윤선애, 임정현, 김명식, 유연이, 박동홍 "
악퉁," 추승엽(보컬, 어쿠스틱 기타), 장세환(드럼), 김엘리사(베이스) "
달샤벳," 세리, 아영, 우희, 수빈 "
후니용이," 후니(보컬), 용이(보컬) "
멜로망스," 김민석(보컬), 정동환(피아노) "
허니 패밀리," 박명호(랩, 작사, 작곡, 프로듀싱), 주라(보컬, 랩, 작사, 작곡, 프로듀싱), MC창진(랩) "
티지어스," 한관희(리드 보컬), 박상준(보컬) "
Nickelback," 채드 크로거(Chad Kroeger, 리드보컬), 리안 피케(Ryan Peake, 기타), 마이크 크로거(Mike Kroeger, 베이스), 다니엘 어데어(Daniel Adair, 드럼) "
불독 맨션," 이한철(보컬, 리더, 기타), 서창석(기타), 이한주(베이스) "
BIGBANG," G-DRAGON(리더, 랩, 보컬), 태양(메인보컬, 랩), T.O.P(랩, 보컬), 대성(보컬) "
마인드유," 재희(보컬), 고닥(프로듀싱) "
둘 다섯," 오세복, 우영철 "
여자친구 ," 소원, 예린, 은하, 유주, 신비, 엄지 "
AKMU ," 이찬혁, 이수현 "
구구단 ," 하나, 미미, 나영, 해빈, 세정, 소이, 샐리, 미나 "
몽니," 공태우(기타), 김신의(보컬), 이인경(베이스), 정훈태(드럼) "
소리얼," 변장문, 류필립, 주대건 "
GOT7 ," JB(리더), 마크, 잭슨, 진영, 영재, 뱀뱀, 유겸 "
키네틱 플로우," 비도승우, ULT "
러블리즈," 베이비소울, 유지애, 서지수, 이미주, Kei, JIN, 류수정, 정예인 "
블락비 ," 지코, 태일, 재효, 비범, 피오, 박경, 유권 "
Journey," 조나단 케인(키보드), 딘 카스트로노보(드럼), 아널 피네다(보컬), 닐 숀(기타), 로스 밸로리(베이스) "
테이크 아웃," 정세영(리드보컬), 유성규(보컬, 프로듀서) "
럭키제이 ," 제이켠, 제시 "
인피니트," 김성규(리더, 메인보컬), 장동우(랩), 남우현(메인보컬), 이성열(보컬), 엘(보컬), 이성종(보컬) "
Keyakizaka46," 우에무라 리나(上村莉菜), 오제키 리카(尾関梨香), 코이케 미나미(小池美波), 코바야시 유이(小林由依), 사이토 후유카(齋藤冬優花), 스가이 유우카(菅井友香), 하부 미즈호(土生瑞穂), 하라다 아오이(原田葵), 모리야 아카네(守屋茜), 와타나베 리카(渡辺梨加), 와타나베 리사(渡邉理佐), 이노우에 리나(井上梨名), 엔도 히카리(遠藤光莉), 오오조노 레이(大園玲), 오오누마 아키호(大沼晶保), 코우사카 마리노(幸阪茉里乃), 세키 유미코(関有美子), 타케모토 유이(武元唯衣), 타무라 호노(田村保乃), 후지요시 카린(藤吉夏鈴), 마스모토 키라(増本綺良), 마츠다 리나(松田里奈), 모리타 히카루(森田ひかる), 모리야 레나(守屋麗奈), 야마사키 텐(山﨑天) "
Foster The People," 마크 포스터(Mark Foster, 보컬), 마크 폰티우스(Mark Pontius, 드럼), 쿠비 핑크(Cubbie Fink, 베이스) "
스웨덴세탁소," 왕세윤(기타, 코러스), 최인영(보컬, 건반) "
디어클라우드," 나인(보컬), 이랑(베이스), 토근(드럼) "
S Club 7," 한나 스피어릿(Hannah Spearritt), 레이첼 스티븐스(Rachel Stevens), 티나 배럿(Tina Barrett), 폴 카터몰(Paul Cattermole), 존 리(Jon Lee), 브래들리 매킨토시(Bradley McIntosh), 조 오미라(Jo O) "
핸섬피플," 엄주혁(기타), 테이(보컬), 영호(키보드) "
순순희," 기태, 미러볼, 윤지환 "
투엑스," 지유, 은, 수린, 은영 "
원펀치 ," 1(리더, 랩), 펀치(보컬) "
핑클 ," 이효리(리더, 보컬), 성유리(보컬), 이진(보컬), 옥주현(리드보컬) "
Cobra Starship," 게이브 사포르타(Gabe Saporta, 보컬), 알렉스 수아레스(Alex Suarez, 베이스, 신디사이저), 라이랜드 블랙인튼(Ryland Blackinton, 기타, 신디사이저), 빅토리아 어셔(Victoria Asher, 기타, 보컬), 네이트 노바로(Nate Novarro, 드럼, 퍼커션) "
소녀시대 ," 태연, 써니, 티파니, 효연, 유리, 수영, 윤아, 서현 "
틴탑," 캡, 니엘, 리키, 창조, 천지 "
구남과여라이딩스텔라," 조웅(기타, 보컬), 김나언(키보드, 베이스), 유주현(드럼) "
써니데이즈," 선경(리더), 다영, 솜, 희라, 정윤 "
소리엘," 장혁재(보컬, 프로듀서), 지명현(보컬) "
NewS," 마스다 타카히사(増田貴久), 코야마 케이치로(小山慶一郎), 카토 시게아키(加藤シゲアキ) "
빅스LR," 레오, 라비 "
Bee Gees," 배리 깁(Barry Gibb, 기타), 로빈 깁(Robin Gibb, 보컬, 피아노), 모리스 깁(Maurice Gibb, 기타) "
삼총사," 박경우(보컬, 리더), 지영일(보컬), 강대웅(보컬) "
루나플라이," 샘, 한승윤, 하진, 상엽 "
리미트리스 ," 장문복(랩), A.M(랩, 리더), 레이찬(보컬) "
EXO-CBX ," 시우민, 백현, 첸 "
투나이스," 존(리더), 호현(프로듀서), 조군(메인보컬) "
Honeyworks, 일본음악 
Do As Infinity," 반 토미코(보컬), 오와타리 료(기타, 보컬) "
백퍼센트," 혁진(보컬), 록현(메인보컬), 찬용(랩), 민우(보컬), 종환(보컬) "
비스트," 윤두준(리더, 보컬), 양요섭(메인보컬), 이기광(보컬), 용준형(랩), 손동운(보컬) "
Supreme Team," Simon D, E SENS "
Fifth Harmony," 알리 브룩(Ally Brooke, 보컬), 노르마니 코르데이(Normani Kordei, 보컬), 디나 제인 핸서니(Dinah Jane Hansen, 보컬), 로렌 요레구이(Lauren Jauregui, 보컬) "
P1Harmony," 기호, 테오, 지웅, 인탁, 소울, 종섭 "
Kinki Kids," 도모토 츠요시(堂本剛), 도모토 코이치(堂本光一) "
청춘학개론," 조융, 이시영 "
용국&시현," 용국, 시현 "
코드브이," 재원(랩), 솔(보컬), 상우(메인보컬), 나로(메인보컬), 루이(보컬) "
톡식," 김슬옹(보컬, 드럼, DJ), 김정우(보컬, 기타, 키보드) "
A.C.E ," 준, 동훈, 와우, 김병관, 찬 "
Stray Kids ," 방찬, 리노, 창빈, 현진, 한, 필릭스, 승민, 아이엔 "
명콜드라이브," 박명수, 니콜 "
MFBTY," 타이거 JK, 윤미래, 비지 "
HKT48," HKT48 팀H, HKT48 팀K4 "
길구봉구," 길구, 봉구 "
신치림," 윤종신(보컬), 하림(보컬, 프로듀스), 조정치(기타) "
센치한 하하 ," 십센치, 하하 "
Dan + Shay," 댄 스미어스, 셰이 무니 "
업타운, 브라우니(보컬) 
우주히피," 한국인(보컬, 기타) "
유리상자," 박승화(보컬), 이세준(보컬) "
블랙펄," 정민, 휘은, 나미, 영주 "
피기돌스," 이지영, 이은영, 강은영 "
Far East Movement," 케브 니시(Kev Nish), 프로그레스(Prohgress), 제이 스플리프(J-Splif), 디제이 버맨(DJ Virman) "
넥스트," 신해철(보컬), 지현수(키보드), 김세황(기타), 제이드(베이스), 김단(드럼), 이현섭 "
셀럽파이브," 송은이, 신봉선, 김신영, 안영미 "
헤리티지," 효식(리더), 희영, 이신희, 이철규, 이경선 "
amazarashi," 아키타 히로무(보컬, 기타), 토요카와 마나미(키보드) "
헤이걸스," 사라, 설희, 채린, 제인, 다은 "
브로큰 발렌타인," 변성환(베이스), 지환(기타), 쿠파(드럼), 김경준(보컬), 박준호(기타) "
LC9," 제이효, 라사, 킹, 아오, 준, 이든 "
봄여름가을겨울," 김종진(보컬, 기타, 작사, 작곡, 편곡), 전태관(드럼, 퍼커션) "
페퍼톤스 ," 신재평(기타), 이장원(베이스) "
나인뮤지스," 경리, 혜미, 소진, 금조, 손성아 "
다섯장," 추혁진, 이회택, 김명준, 박형석, 옥진욱 "
알맹," 최린, 이해용 "
탁이준이," 구준엽(래퍼), 이탁(보컬) "
자우림," 이선규(기타), 김윤아(보컬), 김진만(베이스) "
바닷길 ," 길, 바다 "
소리새," 김광석, 윤기환 "
Hey! Say! Jump," 야부 코타, 타카키 유야, 이노오 케이, 야오토메 히카루, 아리오카 다이키, 야마다 료스케, 나카지마 유토, 치넨 유리, 오카모토 케이토 "
Boyz II Men," 숀 스톡맨(Shawn Stockman), 와냐 모리스(Wanya Morris), 나단 모리스(Nathan Morris) "
체리블렛 ," 해윤, 유주, 보라, 지원, 레미, 채린, 메이 "
2winS," 톱밥(TopBob), 범키(Bumkey) "
아이비아이 ," 김소희, 윤채경, 한혜리, 루리, 이해인 "
위아이 ," 장대현, 김동한, 유용하, 김요한, 강석화, 김준서 "
Expose," 앤 컬레스(Ann Curless), 지네트 주라도(Jeanette Jurado), 켈리 머니메이커(Kelly Moneymaker) "
화이팅대디," 심따따(보컬, 기타, 작사, 작곡) "
C-CLOWN," 롬(리더), 시우, 레이, 강준, 티케이, 마루 "
DAY6 ," 성진(리더), Jae, Young K, 원필, 도운 "
Filter," 리차드 패트릭(Richard Patrick, 보컬), 마이크 피네오(Mika Fineo, 드럼), 조니 라드케(Jonny Radtke, 기타), 필 버크만(Phil Buckman, 베이스) "
OneRepublic," 라이언 테더(Ryan Tedder, 보컬, 기타, 피아노), 잭 필킨스(Zach Filkins, 기타, 비올라), 에디 피셔(Eddie Fisher, 드럼), 브렌트 커즐(Brent Kutzle, 보컬, 베이스, 키보드, 첼로), 드류 브라운(Drew Brown, 기타) "
철싸 ," 노홍철, 싸이 "
ONE OK ROCK," 타카(Taka, 보컬), 토루(Toru, 기타), 료타(Ryota, 베이스), 토모야(Tomoya, 드럼) "
NiziU ," 마코, 리쿠, 리마, 리오, 마야, 미이히, 마유카, 아야카, 니나 "
원티드," 김재석, 하동균, 전상환 "
송골매," 김정선(기타, 보컬), 이봉환(리더, 보컬, 키보드), 최승찬(보컬, 키보드), 정준교(베이스), 고중원(드럼) "
XCROSS," 성효람, 제이건 "
Muse," 매튜 벨라미(Matthew Bellamy, 리드보컬, 기타, 키보드), 크리스 볼첸홈(Chris Wolstenholme, 베이스, 기타, 키보드, 서브보컬), 도미닉 하워드(Dominic Howard, 드럼, 신시사이저) "
호피폴라," 아일, 홍진호, 하현상, 김영소 "
제이투엠," 정진우, 정환 "
인피니트H," 장동우, 호야 "
가야랑," 이예랑, 이사랑 "
Bastille," 댄 스미스(Dan Smith, 보컬), 크리스 우드(Chris Wood, 드럼), 카일 사이먼스(Kyle Simmons, 키보드), 윌 파커슨(Will Farquarson, 베이스) "
바닐라 어쿠스틱," 바닐라맨, 성아 "
형돈이와 대준이," 정형돈, 데프콘 "
The Script," 대니 오도노휴(Danny O Donoghue, 보컬), 마크 시언(Mark Sheehan, 기타), 글렌 파워(Glen Power, 드럼) "
칵스 ," 이현송(보컬), SHAUN(신디사이저), 박선빈(베이스), 이수륜(기타) "
지피베이직," 에미트(Amet, 보컬), 트리니티(Trinity, 랩, 보컬), 자이온(Zion, 보컬), 무이(Mooi) "
iKON," 김진환(보컬), BOBBY(랩), 송윤형(보컬), 구준회(보컬), 김동혁(보컬), 정찬우(보컬) "
사랑과 평화," 이철호(리드보컬,퍼커션), 이권희(건반), 박태진(베이스), 박상열(드럼), 이해준(기타) "
MCND," 캐슬제이, 빅, 민재, 휘준, 윈 "
방탄소년단," RM(리더), 진, 슈가, 제이홉, 지민, 뷔, 정국 "
카라," 박규리, 한승연, 구하라, 허영지 "
2AM," 조권(리더), 임슬옹, 정진운, 이창민(리드보컬) "
SURL ," 설호승, 김도연, 이한빈, 오명석 "
M.I.B," 직 재스퍼(리더), 강남(보컬), 심스(랩), 영크림(랩) "
015B," 정석원, 장호일 "
ADOY," 오주환, 지, 정다영, 박근창 "
오마이걸 반하나," 효정, 비니, 아린 "
Going Under Ground," 나카자와 히로키(보컬, 기타), 코노 타케히로(드럼, 보컬), 마츠모토 소우(보컬, 기타), 이시하라 사토시(베이스) "
Afterglow," Veck(보컬, 프로듀서), 이덕성(리드보컬) "
VIXX ," 라비(Ravi), 켄(Ken), 레오(Leo), 엔(N), 혁 "
나인뮤지스A," 경리, 혜미, 소진, 금조 "
업텐션 ," 선율, 쿤, 이진혁, 샤오, 고결, 김우석, 비토, 규진, 환희, 진후 "
다비치," 이해리(리더), 강민경 "
LIP×LIP, 일본음악 
소야앤썬," 소야(보컬), 시진(랩) "
No Doubt," 그웬 스테파니(보컬), 토니 커넬(베이스), 애드리언 영(드럼), 톰 더몬트(기타) "
레이디스 코드," 애슐리, 소정, 주니 "
TraxX ," 제이, 김정모, 긴조 "
Nico & Vinz," Kahouly Nicolay Sereba, Vincent Dery "
Jam Project," 카게야마 히로노부(影山ヒロノブ), 엔도 마사아키(遠藤正明), 키타다니 히로시(きただにひろし), 오쿠이 마사미(奧井雅美), 후쿠야마 요시키(福山芳樹) "
Lady Antebellum," 힐러리 스캇(Hillary Scott, 보컬), 찰스 켈리(Charles Kelley, 보컬), 데이브 헤이우드(Dave Haywood, 기타, 만돌린, 보컬) "
WABLE ," 이기림, 이푸름 "
빅마마 소울," 신연아, 민혜 "
코다 브릿지," 시진(메인보컬), 예지(메인보컬) "
가이즈," 야유(보컬), 료(기타), 슈헤이(드럼), 루이(베이스) "
포레스트 ," 강성민, 김진석, 안성미 "
EVERGLOW ," 이유, 시현, 미아, 온다, 아샤, 이런 "
Chicago," 리 러프넌(Lee Loughnane, 트럼펫), 제임스 팬코우(James Pankow, 트롬본), 월터 페러자이더(Walter Parazaider, 우드윈드), 로버트 램(Robert Lamm, 키보드), 제이슨 쉐프(Jason Scheff, 베이스), 트리스 임보든(Tris Imboden, 드럼), 키스 홀랜드(Keith Howland, 기타), 루 파디니(Lou Pardini, 키보드), 발프레도 레이스(Walfredo Reyes, 퍼커션) "
원투," 송호범(보컬, 랩), 오창훈(보컬, 랩) "
OnlyOneOf ," 나인, Mill, 리에, 준지, Love(리더), 유정, 규빈 "
넬 ," 김종완(보컬), 이재경(기타), 이정훈(베이스), 정재원(드럼) "
Twenty One Pilots," 조쉬 던(Josh Dun, 드럼), 타일러 조셉(Tyler Joseph, 보컬, 건반) "
형섭X의웅," 안형섭, 이의웅 "
미스터미스터," 태이(메인보컬), 창재(랩, 보컬), 도연(보컬), 상현(보컬), 재민(보컬) "
Peaches & Herb," 허버트 핌스터(Herbert Feemster), 프랑신 피치스 베이커(Francine Peaches Barker) "
데블스," 홍필주(트럼펫), 최성근(키보드), 채완식(보컬, 베이스), 김명길(기타), 박문(테너 색소폰), 유기원(드럼) "
Eye To Eye," 수혜(보컬), 나래(보컬), 진선(보컬) "
하이라이트 ," 윤두준, 양요섭, 이기광, 손동운 "
WINNER," 강승윤, 이승훈, 송민호, 김진우 "
Kodaline," Stephen Garrigan(보컬, 기타, 키보드), Vinny May(드럼), Jason Boland(베이스), Mark Prendergast(기타) "
Tokio," 조시마 시게루(리더, 기타, 코러스), 코쿠분 타이치(키보드, 코러스), 마츠오카 마사히로(드럼, 코러스), 나가세 토모야(보컬, 기타) "
에픽하이 ," 타블로(랩, 프로듀서), 미쓰라(랩), 투컷(DJ, 댄서, 프로듀서) "
미쓰에이," 지아, 민, 수지, 페이 "
Chouchou, 샹송 
뉴이스트," JR, 아론, 백호, 민현, 렌 "
Back Number," 시미즈 이요리(清水依与吏), 코지마 카즈야(小島和也), 쿠리하라 히사시(栗原寿) "
嵐 ," 오노 사토시(大野智), 사쿠라이 쇼(櫻井翔), 아이바 마사키(相葉雅紀), 니노미야 카즈나리(二宮和也), 마츠모토 준(松本潤) "
피노다인," 허클베리피(랩), 소울피쉬(작곡) "
Def Leppard," Joe Elliott(보컬, 기타), Rick Savage(베이스, 키보드, 보컬), Rick Allen(드럼), Phil Collen(기타, 보컬), Vivian Campbell(기타, 보컬) "
스피카.S," 박시현, 양지원, 나래, 김보형 "
C.I.V.A," 이수민(랩), 김소희(보컬), 윤채경(보컬) "
노바소닉," 김영석(베이스, 리더), 이수용(드럼), 최문석(키보드), 정구현(기타) "
OuiOui ," 블루니(보컬), 메이지 "
엠블랙," 승호(리더, 보컬), 지오(메인보컬), 미르(랩) "
2NE1," 박산다라(보컬), 씨엘(리더, 보컬, 랩) "
Mihimaru GT," 히로코(阿久津博子, 작사, 보컬), 미야케 미츠유키(三宅光幸, 작사, 작곡, 보컬) "
이바디," 호란(보컬), 거정(드럼, 기타, 프로듀서), 저스틴 킴(베이스, 프로듀서) "
소울커넥션," 씨에스피(Csp), 매슬로(Maslo), 라이믹스(Rhymics), 릴치이지(Lil), 광요 "
노리플라이 ," 권순관(보컬, 건반), 정욱재(기타) "
AB6IX ," 전웅, 김동현, 박우진, 이대휘 "
김창완밴드," 김창완(보컬), 이상훈(키보드), 최원식(베이스), 강윤기(드럼), 염민열(기타) "
더 넛츠 ," 정이한(보컬, 기타), 나준하(보컬, 기타), 노승환(베이스), 김상돈(드럼) "
미스티 블루," 정은수(보컬, 작사, 작곡), 최경훈(베이스, 작사, 작곡, 프로듀싱) "
DNT," 준용(리더), 치호, 태랑, 정조 "
w-inds.," 치바 료헤이(리더, 랩), 타치바나 케이타(보컬), 오가타 류이치(댄스, 랩) "
JJ Project," JB, 진영 "
FTISLAND ," 이홍기(메인보컬), 이재진(베이스, 보컬), 최민환(드럼) "
SS501," 김현중(리더), 허영생, 김규종, 박정민, 김형준 "
J-심포니, 금용 
게이트 플라워즈," 조이엄(기타), YD(드럼), 박근홍(보컬), 유재인(베이스) "
랄라스윗 ," 김현아(보컬, 기타), 박별(건반) "
세훈&찬열," 찬열, 세훈 "
SPYAIR," 이케(Ike, 보컬), 켄타(Kenta, 드럼), 모미켄(Momiken, 베이스), 유지(Uz, 기타) "
치치," 샤인, 세미, 보름, 수이, 아지 "
잔나비," 최정훈(보컬, 리더), 김도형(기타), 윤결(드럼), 장경준(베이스) "
차가운 체리," 김빨강(보컬), 문선수(기타) "
제이워크," 장수원(보컬), 김재덕(보컬, 랩) "
BLACKPINK," 지수, 제니, 로제, 리사 "
마마무 ," 솔라, 문별, 휘인, 화사 "
공원소녀 ," 서령, 서경, 미야, 레나, 앤, 민주, 소소 "
마이티 마우스," 237 AKA 상추, SHORRY J "
King Gnu," 츠네타 다이키(常田大希, 기타, 보컬), 세키 유우(勢喜遊, 드럼), 아라이 카즈키(新井和輝, 베이스), 이구치 사토루(井口理, 보컬, 키보드) "
2PM," JUN. K, 닉쿤, 택연, 우영, 준호, 찬성 "
Green Day," 빌리 조 암스트롱(Billie Joe Armstrong, 보컬, 기타), 마이크 던트(Mike Dirnt, 베이스), 트레 쿨(Tre Cool, 드럼), 제이슨 화이트(Jason White, 보컬, 기타) "
클래지콰이," 크리스티나(보컬), 클래지(리더, 작곡, 믹싱, 프로듀싱, 보컬), 알렉스(보컬), 호란(보컬) "
쇼콜라," 소아, 줄리앤, 멜라니 "
RADWIMPS ," 노다 요지로(Noda Yojiro, 보컬, 기타), 쿠와하라 아키라(Kuwahara Akira, 기타), 타케다 유스케(Takeda Yusuke, 베이스), 야마구치 사토시(Yamaguchi Satoshi, 드럼) "
오션 ," 일권, 창우, 주호, 준영, 준호 "
Fresh Boyz," Jaysofresh(리더), 권사장, 놀부 "
크레용팝," 엘린, 소율, 금미, 초아, 웨이 "
어니언스," 이수영, 임창제 "
네이브로," 정원보, 주재우, 김성한 "
포텐 ," 혜지, 혜진, 히오, 윤 "
offonoff ," 콜드(보컬), EOH(프로듀싱, DJ) "
쿨 ," 김성수(랩), 이재훈(리드보컬), 유리(보컬) "
The Band Perry," 킴벌리 페리(Kimberly Perry, 리드보컬, 기타, 피아노), 닐 페리(Neil Perry, 만돌린, 드럼, 아코디언), 리드 페리(Reid Perry, 베이스기타) "
연하남쓰," 양동옥, 이환 "
GG ," 박명수, G-드래곤 "
훈스 ," 이상훈(보컬), 이종훈(건반, 코러스) "
빅마마," 이지영(보컬), 이영현(보컬) "
Sade," 샤데이 아두(Sade Adu, 보컬), 스튜어트 매튜맨(Stuart Matthewman, 기타), 폴 스펜서 덴만(Paul Spencer Denman, 베이스), 앤드류 하레(Andrew Hale, 키보드) "
원어스 ," 레이븐, 서호, 이도, 건희, 환웅, 시온 "
SKE48," SKE48 팀S, SKE48 팀K2, SKE48 팀E "
전인권밴드," 전인권(보컬), 신석철(드럼), 안지훈(기타), 민재현(베이스), 송형진(트럼펫), 이환(키보드), 양문희(키보드) "
티아라," 지연, 효민, 은정, 큐리(리더) "
Jus2 ," JB, 유겸 "
GReeeeN," 히데(HIDE, 보컬), 나비(navi, 보컬), 쿠니(92, 보컬), 소(SOH, 보컬) "
옥수사진관," 김대홍, 김장호, 노경보 "
CLC," 오승희, 최유진, 장승연, SORN, 장예은, 권은빈 "
전기뱀장어 ," 김예슬(기타), 황인경(보컬, 기타), 눙눙(베이스) "
피어스," 김나예, 김민채, 이은채, 구민솔, 김가린 "
에이프린스," 성원(리더, 메인보컬), 민혁(랩), 승준(보컬), 시윤(보컬), 우빈(보컬) "
오선지, 가요 
구구단 세미나," 세정, 미나, 나영 "
유비트," 일라이, 에이제이 "
어쿠루브," 종한, 인쿠 "
AAA ," 우노 미사코(宇野実彩子, 보컬), 니시지마 타카히로(西島隆弘, 보컬), 스에요시 슈우타(末吉秀太, 랩코러스), 히다카 미츠히로(日高光啓, 랩), 아타에 신지로(與真司郎, 랩코러스) "
내귀에 도청장치," 이진표(보컬), 차명준(드럼), 김정만(기타), 김우진(베이스), 이주원(기타) "
다이나믹 듀오," 최자, 개코 "
이루펀트," 키비, 마이노스 "
Co Shu Nie, 일본음악 
god," 박준형(랩, 리더), 데니안(랩), 윤계상(보컬), 손호영(보컬), 김태우(리드보컬) "
안다미로, YGX 
Mr.Children," 사쿠라이 카즈토시(桜井和寿, 보컬, 기타), 타하라 켄이치(田原健一, 기타), 나카가와 케이스케(中川敬輔, 베이스), 스즈키 히데야(鈴木英哉, 드럼) "
Kirinji," 호리고메 다카키(堀込高樹), 유미키 에리노(弓木英梨乃), 구스노키 히토시(楠均), 지가사키 마나부(千ヶ崎学), 타무라 겐이치(田村玄一), 코토링고(コトリンゴ) "
Florida Georgia Line," 브라이언 켈리(Brian Kelley), 타일러 허바드(Tyler Hubbard) "
Drug Restaurant," 정준영(리더, 보컬), 조대민(기타), 정석원(베이스), 이현규(드럼) "
aespa," 카리나, 윈터, 지젤, 닝닝 "
클럽소울," 서현진(보컬), 오수경(보컬) "
Disclosure," 가이 로렌스(Guy Lawrence), 하워드 로렌스(Howard Lawrence) "
N.E.R.D," 퍼렐 윌리엄스(보컬, 프로듀싱), 채드 휴고(프로듀싱), 샤이(랩) "
Rixton," Jake Roche(보컬, 기타), Charley Bagnall(기타), Lewi Morgan(드럼), Danny Wilkin(베이스, 키보드) "
노크," 부석현, 박호상, 정명규, 이예준 "
BeBe Mignon," 벤, 박가을, 해금 "
Rae Sremmurd," Swae Le, Slim Jimmy "
EXO," 수호, 찬열, 카이, 디오, 백현, 세훈, 시우민, 첸, 레이 "
포스트맨 ," 성태, 신지후 "
LINKIN PARK," 조 한(Joe Hahn, 샘플링, 턴테이블), 브래드 델슨(Brad Delson, 기타), 체스터 베닝턴(Chester Bennington, 보컬), 마이크 시노다(Mike Shinoda, 랩, 키보드, 기타), 롭 버든(Rob Bourdon, 드럼), 피닉스 파렐(Phoenix Farrell, 베이스) "
Queen," 로저 테일러(드럼), 브라이언 메이(기타), 프레디 머큐리(보컬, 피아노), 존 디콘(베이스) "
Westlife," 마크 필리(Mark Feehily, 보컬), 키안 이건(Kian Egan, 보컬), 니키 번(Nicky Byrne, 보컬), 셰인 필란(Shane Filan, 보컬) "
퀸즈 ," 혜민, BOM, 나인 "
Big Brain ," 김진용, 모상훈, 윤홍현, 황병은 "
스피넬," 스핀, 이엘 "
Little Mix," 페리 에드워즈(Perrie Edwards), 제시 넬슨(Jesy Nelson), 리 앤 피녹(Leigh-Anne Pinnock), 제이드 시얼웰(Jade Thirlwall) "
성국이와 상도," 성국, 나상도 "
국카스텐," 하현우(기타, 보컬), 전규호(기타), 이정길(드럼), 김기범(베이스) "
코요태," 김종민(보컬, 랩), 빽가(랩), 신지(보컬) "
DRIPPIN ," 차준호, 황윤성, 김동윤, 이협, 주창욱, 알렉스, 김민서 "
소울다이브," 넋업샨, 지토, 디테오 "
JG 하모니," 장명훈, 강걸 "
블락비 바스타즈," 피오, 유권, 비범 "
제이큐티," 민정(랩, 보컬), 가진(랩, 보컬), 채흔(리더, 메인보컬) "
헬로비너스," 앨리스, 라임, 유영, 서영, 여름 "
핫샷 ," 김티모테오, 고호정, 윤산, 노태현, 하성운, 최준혁(리더) "
AKB48," AKB48 팀A, AKB48 팀K, AKB48 팀B, AKB48 팀4, AKB48 팀8 "
투하트 ," 남우현, Key "
Gym Class Heroes," 트래비 맥코이(Travie McCoy, 리드보컬), 디사시 루뭄바(Disashi Lumumba-Kasongo, 기타), 에릭 로버트(Eric Roberts, 베이스), 맷 맥긴리(Matt McGinley, 드럼) "
텐시러브 ," 전은수(보컬), 고지후(보컬) "
트리탑스," 반형문, 장유준, 김일군, 이우곤 "
디바," 비키(보컬, 랩), 김진(보컬, 랩), 이민경(보컬, 랩) "
배치기," 무웅, 탁 "
라포엠 ," 박기훈, 유채훈, 정민성, 최성훈 "
콜라보이스," 제이건, 와이케이, 기백 "
MAGIC!," 마크 펠리저(Mark Pellizzer, 기타), 알렉스 타나스(Alex Tanas, 드럼), 나스리 앳웨(Nasri Atweh, 리드보컬), 벤 스피박(Ben Spivak, 베이스) "
Kat-Tun," 카메나시 카즈야, 우에다 타츠야, 나카마루 유이치 "
오마이걸 ," 효정, 미미, 유아, 승희, 지호, 비니, 아린 "
젝스키스," 은지원(리더, 랩), 이재진(랩, 안무), 김재덕(랩, 안무), 장수원(보컬) "
Watari Rouka Hashiri Tai 7, 일본음악 
원더걸스," 유빈, 예은, 선미, 혜림 "
뉴이스트 W," JR(리더), Aron, 백호, 렌 "
VICTON ," 한승우, 강승식, 허찬, 임세준, 도한세, 최병찬, 정수빈 "
Verandah Project," 김동률, 이상순 "
CHiCO with HoneyWorks, 일본음악 
라붐 ," 솔빈, 해인, 유정, 소연, 지엔 "
애프터문," 케빈오(보컬), 이종훈(베이스), 최영진(드럼) "
달마시안 ," 동림, 다니엘, 장인태, 사이먼, 다리, 데이 데이 "
7!!, 일본음악 
Pussycat Dolls," 폴라 밴 오펜(Paula van Oppen), 바네사 커리(Vanessa Curry), 로렌 베넷(Lauren Bennett), 에리카 젠킨스(Erica Jenkins), 크리스티나 세이어스(Chrystina Sayers) "
TLC," 티 보즈, 레프트 아이, 칠리 "
사이로," 장인태, 조현승 "
Bon Jovi," 존 본 조비(보컬, 기타), 티코 토레스(드럼), 데이빗 브라이언(키보드) "
포르테 디 콰트로," 고훈정, 김현수, 손태진, 이벼리 "
멜로 브리즈, 제경(보컬) 
닥터코어 911," 문이경민(보컬), 쭈니(드럼), 지루(보컬), 쇼기(베이스), 데빈(기타), 동혁(키보드, 기타) "
S.E.S.," 바다(리드보컬), 유진(보컬), 슈(보컬) "
애프터스쿨 RED," 가희, 정아, 유이, 나나 "
네스티네스티 ," 케빈, 경리, 소진 "
스피드," 신종국, 김정우, 박세준, 김유환(리더), 키오 "
모모랜드 ," 혜빈, 제인, 나윤, 주이, 아인, 낸시 "
소울스타 ," 이창근, 이승우, 이규훈 "
Lifehouse," 제이슨 웨이드(Jason Wade, 보컬, 기타), 릭 울스텐훌름 주니어(Rick Woolstenhulme Jr., 드럼), 브라이스 소더버그(Bryce Soderberg, 베이스 기타), 벤 캐리(Ben Carey, 기타) "
PRISTIN V," 나영(리더), 로아, 은우, 레나, 결경 "
건아들," 박대봉(보컬, 기타), 김관영(드럼), 김유정(키보드) "
트랜스픽션," 해랑(보컬), 천기(드럼), 전호진(기타), 손동욱(베이스) "
Me & You," 알렉스 코완(Alex Cowan), 로버트 루이스(Robert Luis) "
Mrs. Green Apple," 오모리 모토키(大森元貴, 보컬, 기타), 와카이 히로토(若井滉斗, 기타), 야마나카 아야카(山中綾華, 드럼), 후지사와 료카(藤澤涼架, 키보드), 타카노 키요카즈(髙野清宗, 베이스) "
SUPER JUNIOR ," 이특, 희철, 예성, 신동, 은혁, 동해, 시원, 려욱, 규현, 성민 "
CIX ," BX(리더), 승훈(메인보컬), 배진영, 용희, 현석 "
레인보우," 김재경(리더), 고우리, 김지숙, 노을, 오승아, 정윤혜, 조현영 "
Garlixx ," 전경(보컬, 기타), 서상준(드럼), 곽다인(키보드) "
Asian Kung-Fu Generation," 고토 마사후미(後藤正文, 보컬), 키타 켄스케(喜多建介, 기타), 야마다 타카히로(山田貴洋, 베이스), 이지치 키요시(伊地知潔, 드럼) "
4minute," 남지현(리더, 보컬), 허가윤(메인보컬), 전지윤(보컬), 김현아(랩), 권소현(보컬) "
우주소녀," 설아, 엑시(리더), 보나, 성소, 은서, 다영, 다원, 수빈, 선의, 여름, 미기, 루다, 연정 "
클래스메이트," 안병민, 이재성, 허성정(리더) "
W&JAS," 배영준, 한재원, 김상훈, JAS "
크로스진 ," 신원호(보컬), 용석(보컬), 상민(랩) "
오월천," 아신(보컬), 괴수(기타), 석두(기타), 마사(베이스), 관우(드럼) "
싹쓰리," 유두래곤, 린다G, 비룡 "
S.I.S," 민지(랩), 가을(보컬), 앤(보컬), 세빈(보컬) "
Capital Cities," 리안 머천트(Ryan Merchant), 세부 시모니안(Sebu Simonian) "
UNB," 준, 의진, 고호정, 필독, 마르코, 지한솔, 대원, 기중, 찬 "
전설," 리슨(리더, 메인보컬), 제혁(보컬), 로이(보컬), 리토(랩), 창선(보컬) "
EXO-K," 디오, 카이, 수호, 찬열, 세훈, 백현 "
타히티," 민재, 미소, 아리, 제리 "
엠티플," 최원준(리더, 보컬), 래원(보컬) "
골든차일드," 이대열, Y, 이장준, TAG, 배승민, 봉재현, 김지범, 김동현, 홍주찬, 최보민 "
러브시티," 마티(작곡, 보컬), 정수민(작곡) "
언니네 이발관," 이석원(보컬, 기타), 이능룡(기타), 전대정(드럼) "
B.A.P," 힘찬, 대현, 영재, 문종업 "
Girl Next Door," 마에카와 치사(보컬, 前川千紗), 이노우에 유지(井上裕治, 기타), 스즈키 다이스케(鈴木大輔, 키보드) "
소녀시대-Oh!GG," 태연, 써니, 효연, 유리, 윤아 "
Chemistry," 도우친 요시쿠니(堂珍嘉邦), 카와바타 카나메(川畑要) "
신현희와김루트," 김루트(베이스), 신현희(보컬, 기타) "
Roselia, 라틴 
어니스트 , 투어리스트 
Tears For Fears," 롤랜드 오자발(Roland Orzabal), 커트 스미스(Curt Smith) "
ITZY ," 예지, 리아, 류진, 채령, 유나 "
Jonas Brothers," 조 조나스(Joe Jonas, 보컬, 퍼커션), 닉 조나스(Nick Jonas, 기타, 보컬, 키보드), 케빈 조나스(Kevin Jonas, 기타) "
가을방학," 정바비(작사, 작곡), 계피(보컬) "
Red Hot Chili Peppers," 앤소니 키에디스(Anthony Kiedis, 보컬), 플리(Flea, 베이스), 채드 스미스(Chad Smith, 드럼), 조쉬 클링호퍼(Josh Klinghoffer, 기타) "
로코베리," 로코(보컬), 베리(코러스) "
마이네임," 세용, 인수, 준Q, 건우(리더), 채진석 "
뜨거운 감자," 고범준(베이스), 김C(보컬, 기타) "
블루파프리카," 이원영(보컬, 기타), 성기훈(드럼), 강민규(베이스) "
Red Velvet ," 웬디, 아이린, 슬기, 조이, 예리 "
장미여관," 강준우(기타, 보컬), 육중완(기타, 보컬), 임경섭(드럼), 윤장현(베이스), 배상재(기타) "
디유닛," RAMI(보컬, 랩), Ujin, Z.I.N(보컬) "
나몰라패밀리 ," 김경욱(리더), 김태환(탬버린), 고장환(랩) "
SKARF," 페린, 타샤, 제니, 하나 "
강준우, 육중완밴드 
클릭비 ," 강후, 오종혁, 김상혁, 우연석, 유호석, 하현곤, 노민혁 "
Rip Slyme," RYO-Z(MC), FUMIYA(DJ), PES(MC), SU(MC), ILMARI(MC) "
Scandal," 하루나(HARUNA, 보컬, 기타), 마미(MAMI, 기타, 보컬), 토모미(TOMOMI, 베이스, 보컬), 리나(RINA , 드럼, 보컬) "
조남지대 ," 조세호, 남창희 "
B1A4," 신우(보컬, 랩), 산들(메인보컬), 공찬(보컬) "
One Direction," 나일 호란(Niall Horan), 리암 페인(Liam Payne), 해리 스타일스(Harry Styles), 루이 톰린슨(Louis Tomlinson) "
투모로우바이투게더," 수빈, 연준, 범규, 태현, 휴닝카이 "
은방울 자매," 박애경, 오숙남 "
걸스데이," 소진, 유라, 민아, 혜리 "
SG 워너비," 이석훈(보컬), 김진호(리드 보컬), 김용준(리더, 보컬) "
에이프릴 ," 윤채경, 김채원, 이나은, 양예나, 레이첼, 이진솔 "
미스 미스터," 박경서(보컬), 김민정(기타), 이혜민(베이스) "
히트," 현준(보컬), 준택(리드보컬), 우람(보컬), 호원(보컬), 재훈(랩) "
이천원," 일도, 김효빈 "
Sid," 마오(マオ,Vocal), 신지(Shinji,Guitar), 아키(明希,Bass), 유우야(ゆうや,Drums) "
컬투," 정찬우, 김태균 "
티맥스," 신민철, 김준, 박한비, 주찬양 "
환불원정대," 만옥, 천옥, 은비, 실비 "
Cash Cash," 장 폴 마크로프(Jean Paul Makhlouf, 프로듀서, 작사, 보컬), 알렉산더 루크 마크로프(Alexander Luke Makhlouf, 프로듀서, 작사, 키보드), 샘 프리쉬(Sam Frisch, 프로듀서, 작사, DJ) "
컴백마돈나밴드," 김정은, 홍지민, 장신영, 현쥬니 "
테이크어반," 구태한(보컬), 미남오빠(보컬, 작곡) "
Be The Voice," Junko Wada(보컬, 작곡), Shunji Suzuki(기타, 키보드) "
메이트," 임헌일(보컬, 기타), 정준일(보컬, 키보드), 이현재(드럼) "
보헤미안," 김용진, 박상우(리더), 유규상 "
OK PUNK!," 김옥빈, 이태선, 데빈, 이현송, 김슬옹, 김현우 "
브라운아이드걸스," 제아(리더, 리드보컬), 나르샤(보컬), 미료(래퍼), 가인(보컬) "
리듬파워," 보이 비, 지구인, 행주 "
테이커스," 양경석(리더), 폴 "
몬스타엑스," 셔누, 민혁, 기현, 형원, 주헌, 아이엠 "
이블," 세이, 연주, 쥬시, 하야나, 율 "
사람과 나무," 김영경, 이수경, 이장호, 김정환 "
스탠딩 에그," EGG 1호, EGG 2호, EGG 3호 "
LCD Soundsystem," 제임스 머피(James Murphy, 보컬) "
탑독," 상도, 호준, 제로, 비쥬, 상원 "
VERIVERY," 동헌, 호영, 민찬, 계현, 연호, 용승, 강민 "
좋아서하는밴드," 손현(기타), 안복진(아코디언) "
언터쳐블," 슬리피, 디액션 "
클로버," 은지원(리더, 랩, 작사, 작곡, 프로듀서), 길미(보컬, 랩, 작사, 작곡), 타이푼(랩, 작사, 작곡, 프로듀서) "
EXID," LE, 정화, 하니, 솔지, 혜린 "
더블V ," 송은이, 김숙 "
브로맨스 ," 박장현(리더), 박현규, 윤은오, 이현석 "
비너스," 정다경, 박성연, 두리 "
엘리스 ," 소희, 가린, 유경, 벨라, 혜성, 이제이, 채정 "
스윗 콧소로우 ," 정준하, 스윗 소로우 "
MOBB ," 송민호, BOBBY "
듀에토," 백인태, 유슬기 "
쉬즈," 여니엘, 지영, 세연, 진아 "
베리굿 ," 조현, 세형 "
우석 X 관린," 우석, 라이관린 "
씨스타19," 효린, 보라 "
R&J," 류석원, 조은희 "
몽실이 시스터즈," 강진아, 김민선, 서미정 "
빅스타," 필독(리더, 보컬, 랩, 안무), 바람(랩, 안무), 주드(보컬, 랩), 성학(보컬, 랩) "
HONNE," 앤디, 제임스 "
버즈," 김예준(리더, 드럼), 윤우현(기타), 신준기(베이스), 손성희(기타), 민경훈(보컬) "
블랙리스트," 치타, 루시 "
써니힐," 빛나, 코타, 은주, 건희 "
월러스," 김재욱(보컬, 기타), 김태현(드럼), 유승범(기타), 양시온(베이스) "
Paramore," 헤일리 윌리엄스(Hayley Williams, 보컬), 테일러 요크(Taylor York, 기타), 잭 파로(Zac Farro, 드럼) "
경서예지," 경서, 예지 "
A Great Big World," 이안 악셀(Ian Axel), 차드 바카리노(Chad Vaccarino) "
The Killers," 데이브 큐닝(Dave Keuning, 기타), 마크 스토머(Mark Stoermer, 베이스), 로니 배누치 주니어(Ronnie Vannucci Jr, 드럼), 브랜든 플라워스(Brandon Flowers, 보컬) "
레인보우 블랙," 김재경, 오승아, 조현영, 고우리 "
Yolanda Be Cool," 실베스터 마르티네즈(Sylvester Martinez), 존슨 피터슨(Johnson Peterson) "
AOA," 유나(보컬, 키보드), 혜정(보컬), 설현(보컬), 찬미(랩) "
펜타곤," 진호, 후이, 홍석, 신원, 여원, 옌안, 유토, 키노, 우석 "
9와 숫자들," 송재경(보컬), 유정목(기타), 꿀버섯(베이스), BOY.D(드럼) "
더 맨 블랙 ," 강태우, 고우진, 신정유, 윤준원, 천승호, 최찬이 "
Macklemore & Ryan Lewis,"맥클모어, 라이언 루이스"
PRISTIN ," 나영(리더), 로아, 경원, 은우, 레나, 결경, 예하나, 성연, 박시연, 카일라 "
하모닉스," 낙서, 홀케 "
이달의 소녀 yyxy," 이브, 츄, 고원, 올리비아 혜 "
가을로 가는 기차," 지현, 수빈, 아영, 소미 "
Train," 패트릭 모나한(Patrick Monahan, 보컬), 지미 스태포드(Jimmy Stafford, 기타), 스콧 언더우드(Scott Underwood, 드럼) "
소심한 오빠들," 박필규(보컬, 기타), 영덕(보컬, 퍼커션) "
소울트레인," 곽경묵(기타), 임윤정(보컬), 이정학(드럼), 윤희나(건반), 김신(트럼본), 김성민(트럼펫), 조성현(색소폰), 이원재(베이스) "
5 Seconds of Summer," 루크 헤밍스(Luke Hemmings), 마이클 클리포드(Micheal Clifford), 캘럼 후드(Calum Hood), 애쉬튼 어윈(Ashton Irwin) "
15& ," 박지민, 백예린 "
타이푼," 솔비(보컬), 우재(보컬), 송원섭(트럼본), 지환(랩) "
더 씨야," 송민경, 오연경, 성유진, 허영주 "
Evanescence," 트로이 맥로혼(기타), 팀 맥코드(베이스), 윌 헌트(드럼), 에이미 리(보컬, 피아노), 테리 발사모(기타) "
Lukas Graham," 루카스 그레이엄(Lukas Graham, 보컬), 마크 팔그렌(Mark Falgren, 드럼), 매그너스 라슨(Magnus Larsson, 베이스) "
온앤오프 ," 효진, 이션, 제이어스, 와이엇, MK, 유 "
부가킹즈," 바비 킴(리더, 랩, 보컬), 주비트레인(랩), Gan-D(랩) "
원 모어 찬스 ," 정지찬, 박원 "
보이프렌드," 동현(리더), 현성, 정민, 영민, 광민, 민우 "
2F ," 신용재, 김원주 "
시크릿," 정하나(랩, 안무), 전효성(리더, 보컬, 안무) "
파리돼지앵 ," 정재형, 정형돈 "
소란 ," 이태욱(기타), 고영배(보컬), 서면호(베이스), 편유일(드럼) "
Maroon 5," 애덤 리바인(Adam Levine, 보컬, 기타), 제임스 발렌타인(James Valentine, 기타), 제스 카마이클(Jesse Carmichael, 키보드), 미키 매든(Mickey Madden, 베이스), 맷 플린(Matt Flynn, 드럼), 피제이 모턴(PJ Morton, 키보드), 샘 패러(Sam Farrar, 멀티 악기) "
LANY," 폴 제이슨 클라인(Paul Jason Klein, 리드 보컬, 기타), 레스 프리스트(Les Priest, 키보드, 기타, 보컬), 제이크 클리포드 고스(Jake Clifford Goss, 드럼) "
IZ*ONE ," 권은비, 미야와키 사쿠라, 강혜원, 최예나, 이채연, 김채원, 김민주, 야부키 나코, 혼다 히토미, 조유리, 안유진, 장원영 "
언프리티 랩스타 3, 하주연 
The Lonely Island," 앤디 샘버그(Andy Samberg, 보컬), 아키바 쉐퍼(Akiva Schaffer, 보컬), 요르마 타코니(Jorma Taccone, 보컬) "
CRAVITY," 세림, 앨런, 정모, 우빈, 원진, 민희, 형준, 태영, 성민 "
The Wanted," 톰 파커(Tom Parker), 맥스 조지(Max George), 시바 카네스와란(Siva Kaneswaran), 제이 맥기네스(Jay McGuiness), 네이슨 사익스(Nathan Sykes) "
M4," 김원준, 이세준, 배기성, 최재훈 "
세븐틴," 에스쿱스(리더), 정한, 조슈아, 준, 호시, 원우, 우지, 디에잇, 민규, 도겸, 승관, 버논, 디노 "
초콜릿 노트," 유송연, 강현진, 임가원 "
UV," 유세윤, 뮤지 "
Chemistry," 도우친 요시쿠니(堂珍嘉邦), 카와바타 카나메(川畑要) "
My Chemical Romance," 제라드 웨이(Gerard Way, 보컬), 프랭크 아이에로(Frank Iero, 기타), 마이키 웨이(Mikey Way, 베이스), 레이 토로(Ray Toro, 기타) "
Scandal," 하루나(HARUNA, 보컬, 기타), 마미(MAMI, 기타, 보컬), 토모미(TOMOMI, 베이스, 보컬), 리나(RINA , 드럼, 보컬) "
쏜애플 ," 윤성현(보컬, 기타), 심재현(베이스), 방요셉(드럼), 홍동균(기타) "
NEVER YOUNG BEACH,"Abe Yuuma, Matsushima Kou, Anan Satoshi, Tatsumi Keigo, Suzuki Kento"